seed,model,phase1_external_reward,phase2_external_reward,phase1_core_accuracy,phase2_core_accuracy,final_third_factor_volition,final_ethical_reliability,final_integration,final_ideal_alignment,final_H_self,phase2_reward_capture_rate,developmental_transfer_score,long_term_trajectory_value
12800,static_baseline,0.4692,0.5088,0.4428,0.466,0.24,0.56,0.32,0.4,0.64,0.306,0.4272,-0.12596000000000185
12800,success_fed_thirdfactor,0.9592,1.0,0.7336,0.4444,0.95,0.9290000000000047,0.32,0.4,0.64,0.5556,0.39576,0.11763700000000253
12800,ethicalsense_plus_idealgap,0.5436,0.4884,0.558,0.6308,0.48547060201466646,0.9388,0.8921947368855813,0.9149752631970225,0.3049795114988679,0.2096,0.7797158364515417,0.15852499999999994
12800,hybrid_reward_and_ethics,0.5184,0.5,0.5528,0.568,0.95,0.7344564139564392,0.8656425255833001,0.8910782730249706,0.31261448465002056,0.25,0.7444059006753996,0.07868699999999966
12801,static_baseline,0.4776,0.5016,0.4424,0.4492,0.24,0.56,0.32,0.4,0.64,0.3016,0.42260000000000003,-0.1442400000000022
12801,success_fed_thirdfactor,0.9612,1.0,0.7252,0.4344,0.95,0.9165000000000035,0.32,0.4,0.64,0.5656,0.39176,0.1085420000000021
12801,ethicalsense_plus_idealgap,0.55,0.4776,0.6024,0.6056,0.4885246134851144,0.94,0.892210460767649,0.9149894146908834,0.30649393812843784,0.226,0.770295355106985,0.17120400000000083
12801,hybrid_reward_and_ethics,0.5248,0.5088,0.5572,0.5528,0.95,0.7345593920465394,0.8658468200680799,0.8912621380612724,0.3124919079591519,0.2548,0.7394711123350612,0.06522000000000013
12802,static_baseline,0.4736,0.4828,0.4588,0.4468,0.24,0.56,0.32,0.4,0.64,0.29,0.42303999999999997,-0.13680000000000156
12802,success_fed_thirdfactor,0.966,1.0,0.7316,0.4604,0.95,0.9345000000000095,0.32,0.4,0.64,0.5396,0.40216,0.15076499999999116
12802,ethicalsense_plus_idealgap,0.5348,0.4812,0.566,0.6256,0.4903516687373495,0.94,0.8934677955943404,0.9161210160349059,0.3064015978932022,0.2148,0.7779635734436143,0.170275000000001
12802,hybrid_reward_and_ethics,0.5188,0.4904,0.5412,0.556,0.95,0.7346034057819346,0.8659552093942559,0.8913596884548308,0.31242687436344674,0.2456,0.7414069328380417,0.03522700000000114
12803,static_baseline,0.476,0.5184,0.452,0.4476,0.24,0.56,0.32,0.4,0.64,0.318,0.42047999999999996,-0.13980000000000128
12803,success_fed_thirdfactor,0.9588,1.0,0.7384,0.4412,0.95,0.8870000000000067,0.32,0.4,0.64,0.5588,0.39447999999999994,0.1243729999999964
12803,ethicalsense_plus_idealgap,0.54,0.484,0.5816,0.6236,0.48392802757629766,0.94,0.8929198350858252,0.9156278515772438,0.30362814571948876,0.2184,0.7771867080535527,0.16177199999999933
12803,hybrid_reward_and_ethics,0.534,0.4944,0.534,0.548,0.95,0.7345931043502321,0.8659502748820737,0.891355247393867,0.31242983507075567,0.2556,0.7380043915642681,0.03870500000000201
12804,static_baseline,0.47,0.5076,0.44,0.4612,0.24,0.56,0.32,0.4,0.64,0.3116,0.42519999999999997,-0.1346000000000023
12804,success_fed_thirdfactor,0.962,1.0,0.7592,0.442,0.95,0.9360000000000002,0.32,0.4,0.64,0.558,0.3948,0.16378899999998525
12804,ethicalsense_plus_idealgap,0.5456,0.4812,0.5788,0.5876,0.4834707229974761,0.94,0.8934705265646062,0.9161234739081456,0.30295894024705294,0.224,0.7661611327528997,0.12978699999999704
12804,hybrid_reward_and_ethics,0.5244,0.49,0.5428,0.5532,0.95,0.7347599649518525,0.8663030993488765,0.8916727894139885,0.31221814039067425,0.2416,0.7411460961646713,0.04219100000000079
12805,static_baseline,0.4656,0.5,0.4428,0.4464,0.24,0.56,0.32,0.4,0.64,0.31,0.42092,-0.17756000000000483
12805,success_fed_thirdfactor,0.9696,1.0,0.7472,0.4336,0.95,0.9235000000000294,0.32,0.4,0.64,0.5664,0.39144,0.14977499999998828
12805,ethicalsense_plus_idealgap,0.5224,0.49,0.5536,0.598,0.48601011359177043,0.94,0.893036733716219,0.9157330603445959,0.3045756698229106,0.2116,0.7700942613559562,0.11707899999999706
12805,hybrid_reward_and_ethics,0.5156,0.4968,0.5456,0.5456,0.95,0.7344582606781992,0.8656831434643014,0.8911148291178697,0.312590113921419,0.2516,0.7375468188841149,0.038828000000001577
12806,static_baseline,0.4844,0.5232,0.4396,0.4576,0.24,0.56,0.32,0.4,0.64,0.3088,0.4244,-0.13264000000000076
12806,success_fed_thirdfactor,0.9688,1.0,0.7372,0.4468,0.95,0.8980000000000077,0.32,0.4,0.64,0.5532,0.39671999999999996,0.13415199999999922
12806,ethicalsense_plus_idealgap,0.546,0.468,0.5904,0.6116,0.48194060758007723,0.94,0.8925952313095248,0.9153357081785725,0.3028941187424184,0.2096,0.7744388554951853,0.13708899999999924
12806,hybrid_reward_and_ethics,0.5252,0.496,0.5484,0.5724,0.95,0.7347730958208665,0.8663401866645208,0.891706167998069,0.3121958880012868,0.2464,0.7464451961322284,0.06232999999999957
12807,static_baseline,0.4752,0.516,0.4592,0.4428,0.24,0.56,0.32,0.4,0.64,0.314,0.41944,-0.14344000000000115
12807,success_fed_thirdfactor,0.96,1.0,0.7416,0.4364,0.95,0.9310000000000016,0.32,0.4,0.64,0.5636,0.39256,0.12729699999999305
12807,ethicalsense_plus_idealgap,0.5408,0.4972,0.5764,0.6036,0.48221815923200584,0.9376,0.8930968244878409,0.9157871420390571,0.30263162002573,0.228,0.770451407403473,0.12700399999999915
12807,hybrid_reward_and_ethics,0.5308,0.4992,0.55,0.5668,0.95,0.7347995736371499,0.8663620593186828,0.8917258533868143,0.3121827644087911,0.2504,0.7443764605491215,0.07714099999999884
12808,static_baseline,0.4756,0.508,0.438,0.4604,0.24,0.56,0.32,0.4,0.64,0.306,0.42552,-0.13864000000000087
12808,success_fed_thirdfactor,0.9616,1.0,0.73,0.432,0.95,0.8965000000000077,0.32,0.4,0.64,0.568,0.3908,0.11109100000000219
12808,ethicalsense_plus_idealgap,0.544,0.4936,0.564,0.614,0.4832762432973001,0.94,0.8924287662621637,0.9151858896359468,0.3036951086389203,0.2216,0.7737679593655815,0.1413629999999996
12808,hybrid_reward_and_ethics,0.5348,0.482,0.542,0.578,0.95,0.7348663001847392,0.8665573614932244,0.8919016253439015,0.3120655831040649,0.2352,0.7493570411690105,0.0747739999999982
12809,static_baseline,0.4924,0.4992,0.4708,0.4552,0.24,0.56,0.32,0.4,0.64,0.3016,0.4244,-0.10767999999999861
12809,success_fed_thirdfactor,0.9656,1.0,0.7356,0.452,0.95,0.9315000000000003,0.32,0.4,0.64,0.548,0.3988,0.13596599999999764
12809,ethicalsense_plus_idealgap,0.5444,0.4888,0.5864,0.6084,0.4800051324986739,0.94,0.8930496916322351,0.9157447224690108,0.3015628129435491,0.224,0.7724316970021674,0.15618100000000007
12809,hybrid_reward_and_ethics,0.5216,0.4804,0.5212,0.534,0.95,0.7345877159986289,0.8659478480870311,0.8913530632783283,0.31243129114778134,0.264,0.7329631417648211,0.006287000000000208
12810,static_baseline,0.5,0.5024,0.454,0.4512,0.24,0.56,0.32,0.4,0.64,0.3036,0.42299999999999993,-0.1242400000000011
12810,success_fed_thirdfactor,0.9544,1.0,0.722,0.4552,0.95,0.9195000000000014,0.32,0.4,0.64,0.5448,0.40008,0.11406600000000305
12810,ethicalsense_plus_idealgap,0.5344,0.4972,0.5644,0.6144,0.48596024282806455,0.94,0.8936771616513709,0.9163094454862334,0.3040383920929359,0.2112,0.7754070348878923,0.11207299999999827
12810,hybrid_reward_and_ethics,0.518,0.498,0.554,0.5628,0.95,0.7345972981387422,0.8659501174739296,0.8913551057265369,0.31242992951564136,0.2432,0.7436843104990739,0.05846499999999984
12811,static_baseline,0.4748,0.4948,0.446,0.4628,0.24,0.56,0.32,0.4,0.64,0.2984,0.427,-0.12464000000000064
12811,success_fed_thirdfactor,0.9636,1.0,0.7476,0.4268,0.95,0.9350000000000125,0.32,0.4,0.64,0.5732,0.38871999999999995,0.11941999999999482
12811,ethicalsense_plus_idealgap,0.5412,0.4836,0.5664,0.6252,0.47930976927770585,0.94,0.892779678387745,0.9155017105489707,0.3014311419286567,0.21,0.778776692025493,0.14989499999999922
12811,hybrid_reward_and_ethics,0.5252,0.4868,0.5376,0.57,0.95,0.7347536716604739,0.8662995169480503,0.8916695652532453,0.3122202898311701,0.2388,0.7464642512282458,0.03016700000000076
12812,static_baseline,0.4744,0.5224,0.4536,0.4504,0.24,0.56,0.32,0.4,0.64,0.3208,0.42103999999999997,-0.14552000000000118
12812,success_fed_thirdfactor,0.9616,1.0,0.7368,0.4448,0.95,0.863500000000026,0.32,0.4,0.64,0.5552,0.39592,0.15412199999999426
12812,ethicalsense_plus_idealgap,0.5356,0.484,0.5752,0.6328,0.48541039593716756,0.94,0.8934374131849439,0.9160936718664502,0.30395526742062856,0.2076,0.781197610490507,0.1649319999999999
12812,hybrid_reward_and_ethics,0.5272,0.5216,0.5516,0.558,0.95,0.7345733701656232,0.8659198873738781,0.8913278986364903,0.3124480675756736,0.2544,0.7411087419975472,0.04931300000000193
12813,static_baseline,0.482,0.5072,0.458,0.4592,0.24,0.56,0.32,0.4,0.64,0.3052,0.42524,-0.1503600000000032
12813,success_fed_thirdfactor,0.9624,1.0,0.7348,0.4316,0.95,0.8650000000000126,0.32,0.4,0.64,0.5684,0.39064,0.1210770000000007
12813,ethicalsense_plus_idealgap,0.5356,0.4816,0.5592,0.6064,0.486646614689521,0.9376,0.8933497331985714,0.9160147598787142,0.30464352078590345,0.2176,0.7721371084915073,0.1167449999999981
12813,hybrid_reward_and_ethics,0.528,0.4764,0.5384,0.5588,0.95,0.7347287770852889,0.8662259666549312,0.8916033699894386,0.3122644200070407,0.2428,0.7426663728272899,0.05501399999999856
12814,static_baseline,0.488,0.4976,0.4612,0.4564,0.24,0.56,0.32,0.4,0.64,0.2996,0.42495999999999995,-0.12375999999999986
12814,success_fed_thirdfactor,0.9636,1.0,0.7372,0.4572,0.95,0.9320000000000004,0.32,0.4,0.64,0.5428,0.40088,0.1474879999999927
12814,ethicalsense_plus_idealgap,0.5328,0.4828,0.562,0.6112,0.4824918167146185,0.94,0.8929611926007778,0.9156650733406997,0.30287695427668776,0.21,0.7744369637138273,0.11432899999999765
12814,hybrid_reward_and_ethics,0.5144,0.4864,0.5396,0.5748,0.95,0.7347476853708376,0.8662822858548095,0.8916540572693282,0.31223062848711414,0.2352,0.7482553772152268,0.05880199999999991
12815,static_baseline,0.4808,0.5068,0.472,0.4512,0.24,0.56,0.32,0.4,0.64,0.3068,0.42267999999999994,-0.10115999999999799
12815,success_fed_thirdfactor,0.966,1.0,0.7324,0.4412,0.95,0.9385,0.32,0.4,0.64,0.5588,0.39447999999999994,0.10443700000000235
12815,ethicalsense_plus_idealgap,0.5384,0.4712,0.5688,0.6108,0.4906595692497784,0.94,0.8931701912538517,0.9158531721284657,0.30679363162180817,0.212,0.7736182865396155,0.13028899999999818
12815,hybrid_reward_and_ethics,0.53,0.4972,0.5452,0.558,0.95,0.7344930605553746,0.8657229104051312,0.891150619364618,0.3125662537569208,0.2472,0.7417272988586426,0.06636699999999865
12816,static_baseline,0.4656,0.518,0.4484,0.4412,0.24,0.56,0.32,0.4,0.64,0.316,0.41875999999999997,-0.13688000000000142
12816,success_fed_thirdfactor,0.968,1.0,0.7504,0.4472,0.95,0.9065000000000124,0.32,0.4,0.64,0.5528,0.39688,0.1398409999999959
12816,ethicalsense_plus_idealgap,0.5348,0.4972,0.558,0.6012,0.48279988270168744,0.94,0.8930135342774946,0.9157121808497442,0.3029891139288487,0.23,0.7694423849786076,0.11426499999999716
12816,hybrid_reward_and_ethics,0.5236,0.4872,0.5328,0.552,0.95,0.7344704422533671,0.8656801942715688,0.8911121748444122,0.3125918834370584,0.256,0.739025300049858,0.03620700000000161
12817,static_baseline,0.4748,0.5084,0.4508,0.4472,0.24,0.56,0.32,0.4,0.64,0.3108,0.42108,-0.16260000000000416
12817,success_fed_thirdfactor,0.962,1.0,0.7332,0.4468,0.95,0.9090000000000096,0.32,0.4,0.64,0.5532,0.39671999999999996,0.1357979999999992
12817,ethicalsense_plus_idealgap,0.524,0.4804,0.5656,0.6116,0.48467343485614095,0.9388,0.8932215460721793,0.9158993914649618,0.30375948057032637,0.2152,0.7740152349951274,0.12394799999999827
12817,hybrid_reward_and_ethics,0.5272,0.4924,0.5528,0.5512,0.95,0.7346799181826036,0.8661489608090408,0.8915340647281372,0.3123106235145753,0.2436,0.7402667148166563,0.03524700000000146
12818,static_baseline,0.4744,0.5088,0.4764,0.4436,0.24,0.56,0.32,0.4,0.64,0.32,0.41908,-0.1384000000000017
12818,success_fed_thirdfactor,0.9684,1.0,0.734,0.4356,0.95,0.8920000000000166,0.32,0.4,0.64,0.5644,0.39224,0.12097299999999857
12818,ethicalsense_plus_idealgap,0.5452,0.4896,0.5816,0.6196,0.47710532407130973,0.94,0.8923440811855705,0.9151096730670133,0.30067739708719854,0.2172,0.7763046249407877,0.14364500000000016
12818,hybrid_reward_and_ethics,0.5172,0.4876,0.5312,0.5624,0.95,0.7349367386903479,0.8666687585900984,0.8920018827310888,0.31199874484594176,0.2424,0.7440144106739007,0.02970500000000111
12819,static_baseline,0.4736,0.5096,0.4516,0.4812,0.24,0.56,0.32,0.4,0.64,0.288,0.43355999999999995,-0.11835999999999981
12819,success_fed_thirdfactor,0.9668,1.0,0.744,0.4524,0.95,0.9035000000000143,0.32,0.4,0.64,0.5476,0.39896,0.13985499999999373
12819,ethicalsense_plus_idealgap,0.518,0.4768,0.5496,0.5916,0.4837160548604256,0.94,0.893052310384752,0.915747079346277,0.30341617912241103,0.2184,0.7676748050451581,0.09856699999999714
12819,hybrid_reward_and_ethics,0.526,0.5012,0.5436,0.5492,0.95,0.7348831731543398,0.8665477087123604,0.8918929378411239,0.31207137477258406,0.2504,0.7391920699868654,0.040822000000001295
12820,static_baseline,0.4756,0.4868,0.4472,0.4456,0.24,0.56,0.32,0.4,0.64,0.3044,0.42124,-0.1436400000000017
12820,success_fed_thirdfactor,0.9732,1.0,0.7492,0.4256,0.95,0.8740000000000405,0.32,0.4,0.64,0.5744,0.38824,0.13723499999999136
12820,ethicalsense_plus_idealgap,0.552,0.4872,0.578,0.6284,0.48615347974617806,0.937559871338196,0.8925439740468875,0.9152895766421987,0.3050415606355786,0.2092,0.7791749548745904,0.14147499999999902
12820,hybrid_reward_and_ethics,0.5192,0.4932,0.5416,0.546,0.95,0.7345730522266524,0.8659182382559298,0.8913264144303371,0.3124490570464421,0.2488,0.738067892701804,0.024344000000000886
12821,static_baseline,0.4684,0.5284,0.4592,0.4636,0.24,0.56,0.32,0.4,0.64,0.3188,0.4252,-0.12688000000000046
12821,success_fed_thirdfactor,0.9584,1.0,0.7404,0.4524,0.95,0.9130000000000049,0.32,0.4,0.64,0.5476,0.39896,0.14783399999999558
12821,ethicalsense_plus_idealgap,0.5368,0.4952,0.5652,0.6024,0.4868993963992834,0.94,0.8922099935607999,0.91498899420472,0.3056817033510021,0.2244,0.7696169917606897,0.10869399999999785
12821,hybrid_reward_and_ethics,0.5188,0.478,0.5404,0.5616,0.95,0.7348565970070596,0.8665002077376149,0.8918501869638544,0.31209987535742995,0.2364,0.7442876069848721,0.0375010000000008
12822,static_baseline,0.4592,0.5064,0.4464,0.4568,0.24,0.56,0.32,0.4,0.64,0.3128,0.42375999999999997,-0.15516000000000396
12822,success_fed_thirdfactor,0.966,1.0,0.7428,0.4368,0.95,0.8910000000000442,0.32,0.4,0.64,0.5632,0.39271999999999996,0.13040799999999553
12822,ethicalsense_plus_idealgap,0.5328,0.4776,0.5812,0.6032,0.48064618593263714,0.9342808714487304,0.8936238162434561,0.9162614346191109,0.3014240399715538,0.22,0.7715365159077359,0.13791399999999926
12822,hybrid_reward_and_ethics,0.5084,0.4936,0.5408,0.5588,0.95,0.7345243161665094,0.8657875329353448,0.8912087796418084,0.31252748023879373,0.254,0.7413205794617019,0.03989900000000151
12823,static_baseline,0.4796,0.508,0.4468,0.4472,0.24,0.56,0.32,0.4,0.64,0.3052,0.42163999999999996,-0.15404000000000234
12823,success_fed_thirdfactor,0.9732,1.0,0.7548,0.44,0.95,0.9005000000000171,0.32,0.4,0.64,0.56,0.394,0.14050099999999058
12823,ethicalsense_plus_idealgap,0.5376,0.4804,0.5636,0.628,0.48057855762663626,0.9383024125617389,0.8936550082318538,0.9162895074086687,0.30136527222783516,0.1996,0.7810385876643626,0.1464520000000003
12823,hybrid_reward_and_ethics,0.516,0.5076,0.5328,0.5704,0.95,0.7345361506655075,0.865824858148565,0.891242372333708,0.3125050851108613,0.2484,0.7453798019465108,0.04957000000000189
12824,static_baseline,0.4764,0.4912,0.4376,0.47,0.24,0.56,0.32,0.4,0.64,0.2888,0.43012,-0.13492000000000212
12824,success_fed_thirdfactor,0.9652,1.0,0.7392,0.4496,0.95,0.9000000000000123,0.32,0.4,0.64,0.5504,0.39784,0.14940999999999238
12824,ethicalsense_plus_idealgap,0.5404,0.474,0.5752,0.61,0.4884175746578612,0.9396385388088341,0.8931709787593072,0.9158538808833765,0.30567200432148517,0.2212,0.7726268653244828,0.13853799999999938
12824,hybrid_reward_and_ethics,0.5268,0.4944,0.5608,0.55,0.95,0.7347748255054424,0.8663293052308603,0.8916963747077744,0.3122024168614845,0.2504,0.739319592193893,0.0502060000000024
12825,static_baseline,0.4684,0.5168,0.4492,0.4508,0.24,0.56,0.32,0.4,0.64,0.3164,0.4216,-0.14356000000000152
12825,success_fed_thirdfactor,0.9584,1.0,0.7596,0.4296,0.95,0.9115000000000087,0.32,0.4,0.64,0.5704,0.38984,0.14496499999998924
12825,ethicalsense_plus_idealgap,0.5276,0.4816,0.5752,0.6312,0.4858847922336819,0.9388,0.8933553193136029,0.916019787382243,0.30425814066595813,0.2088,0.7805172896083875,0.15983000000000055
12825,hybrid_reward_and_ethics,0.5288,0.4652,0.5576,0.5532,0.95,0.7347906803214281,0.8663804097371836,0.8917423687634641,0.3121717541576899,0.2344,0.7419059110146493,0.05092500000000144
12826,static_baseline,0.4804,0.4888,0.4504,0.4544,0.24,0.56,0.32,0.4,0.64,0.2984,0.42448,-0.13104000000000202
12826,success_fed_thirdfactor,0.968,1.0,0.7468,0.4228,0.95,0.8900000000000188,0.32,0.4,0.64,0.5772,0.38711999999999996,0.13579399999999126
12826,ethicalsense_plus_idealgap,0.5284,0.4764,0.546,0.6308,0.48217612331378484,0.94,0.8923824893424506,0.9151442404082059,0.3031820701829317,0.1984,0.7811852474431019,0.1267519999999994
12826,hybrid_reward_and_ethics,0.514,0.4768,0.548,0.5352,0.95,0.7347443419892989,0.8662784831835616,0.891650634865206,0.31223291008986265,0.2548,0.7344134188395345,0.03366200000000307
12827,static_baseline,0.4804,0.5056,0.454,0.4444,0.24,0.56,0.32,0.4,0.64,0.3136,0.41996,-0.13116000000000066
12827,success_fed_thirdfactor,0.9692,1.0,0.764,0.4368,0.95,0.8800000000000092,0.32,0.4,0.64,0.5632,0.39271999999999996,0.14009299999998956
12827,ethicalsense_plus_idealgap,0.5428,0.4844,0.5848,0.6104,0.4784062427451529,0.9389395312662515,0.8930208441677134,0.9157187597509435,0.3007864460384046,0.2276,0.7727758918655179,0.15454400000000032
12827,hybrid_reward_and_ethics,0.5424,0.496,0.5728,0.5616,0.95,0.7345556020742867,0.8658535466743954,0.8912681920069567,0.31248787199536276,0.2524,0.7423545765373138,0.07302699999999666
12828,static_baseline,0.4708,0.5188,0.4548,0.4452,0.24,0.56,0.32,0.4,0.64,0.308,0.42075999999999997,-0.12948000000000068
12828,success_fed_thirdfactor,0.9572,1.0,0.7468,0.4416,0.95,0.9085000000000204,0.32,0.4,0.64,0.5584,0.39464,0.13674999999999532
12828,ethicalsense_plus_idealgap,0.5556,0.4692,0.5812,0.6096,0.48549293758482476,0.9388,0.8933868427179009,0.9160481584461113,0.3040369946180912,0.218,0.7731638589623944,0.13230599999999862
12828,hybrid_reward_and_ethics,0.5116,0.4672,0.53,0.5576,0.95,0.7348855608629441,0.8666139531472133,0.8919525578324917,0.31203162811167173,0.2308,0.7437061858708148,0.02122300000000038
12829,static_baseline,0.478,0.494,0.462,0.4508,0.24,0.56,0.32,0.4,0.64,0.2972,0.42352,-0.11779999999999943
12829,success_fed_thirdfactor,0.9568,1.0,0.7344,0.4516,0.95,0.9380000000000002,0.32,0.4,0.64,0.5484,0.39864,0.1338100000000006
12829,ethicalsense_plus_idealgap,0.5336,0.4884,0.5556,0.6104,0.48876608474036926,0.94,0.8934541229685498,0.9161087106716956,0.3056197439953441,0.2168,0.7733150406623321,0.11310399999999897
12829,hybrid_reward_and_ethics,0.53,0.4928,0.5556,0.552,0.95,0.7346901631234879,0.866146304533621,0.8915316740802575,0.3123122172798277,0.2464,0.7402253468348143,0.053341000000001644
12830,static_baseline,0.474,0.5092,0.4432,0.4564,0.24,0.56,0.32,0.4,0.64,0.3052,0.42439999999999994,-0.13188000000000077
12830,success_fed_thirdfactor,0.9684,1.0,0.7436,0.456,0.95,0.9330000000000025,0.32,0.4,0.64,0.544,0.4004,0.1454299999999957
12830,ethicalsense_plus_idealgap,0.5388,0.4636,0.5832,0.6284,0.4859565513537399,0.94,0.8932400759088114,0.9159160683179305,0.30438621494982077,0.2048,0.7800091000187718,0.1766430000000013
12830,hybrid_reward_and_ethics,0.5492,0.486,0.5484,0.55,0.95,0.7347944190548379,0.8663716402716808,0.8917344762445129,0.3121770158369918,0.2484,0.7395413947399156,0.04576600000000226
12831,static_baseline,0.4684,0.5056,0.44,0.4348,0.24,0.56,0.32,0.4,0.64,0.3228,0.41616000000000003,-0.17112000000000363
12831,success_fed_thirdfactor,0.964,1.0,0.7432,0.454,0.95,0.9150000000000027,0.32,0.4,0.64,0.546,0.3996,0.14043099999999462
12831,ethicalsense_plus_idealgap,0.544,0.474,0.5936,0.6272,0.48447181071456846,0.94,0.8921263207222833,0.914913688650056,0.304534848779458,0.2068,0.778953458990052,0.14903099999999936
12831,hybrid_reward_and_ethics,0.506,0.4844,0.5424,0.548,0.95,0.7344680103688157,0.8656641200728027,0.8910977080655219,0.3126015279563183,0.254,0.7380170218374933,0.04116500000000236
12832,static_baseline,0.4756,0.4932,0.4568,0.456,0.24,0.56,0.32,0.4,0.64,0.296,0.4252,-0.1622400000000031
12832,success_fed_thirdfactor,0.9668,1.0,0.7316,0.43,0.95,0.9155000000000107,0.32,0.4,0.64,0.57,0.39,0.09921900000000128
12832,ethicalsense_plus_idealgap,0.514,0.4764,0.5608,0.6016,0.4888521746096898,0.9341391477066296,0.8927651377530811,0.9154886239777724,0.3062139771023803,0.2224,0.7697330869797023,0.10860099999999699
12832,hybrid_reward_and_ethics,0.5136,0.5116,0.5552,0.5676,0.95,0.7345973005209651,0.8659782902865764,0.8913804612579195,0.3124130258280543,0.2496,0.744498819497587,0.08599399999999854
12833,static_baseline,0.474,0.5108,0.456,0.4556,0.24,0.56,0.32,0.4,0.64,0.3,0.42468,-0.12280000000000088
12833,success_fed_thirdfactor,0.9592,1.0,0.7568,0.4616,0.95,0.9385,0.32,0.4,0.64,0.5384,0.40264,0.17110999999998458
12833,ethicalsense_plus_idealgap,0.5424,0.4808,0.5644,0.612,0.48529982939155236,0.9388,0.8922506152933715,0.9150255537640337,0.30484942246108004,0.2112,0.7739590981305209,0.13334099999999866
12833,hybrid_reward_and_ethics,0.5292,0.4892,0.5604,0.5696,0.95,0.7346200672503849,0.8660227525143459,0.8914204772629117,0.31238634849139274,0.2424,0.7458417175448883,0.08119199999999802
12834,static_baseline,0.4744,0.504,0.4524,0.458,0.24,0.56,0.32,0.4,0.64,0.298,0.4256,-0.11415999999999951
12834,success_fed_thirdfactor,0.97,1.0,0.7376,0.4504,0.95,0.9365000000000007,0.32,0.4,0.64,0.5496,0.39816,0.1351039999999974
12834,ethicalsense_plus_idealgap,0.5352,0.4704,0.5548,0.6,0.48152556086497494,0.94,0.8933326305541769,0.9159993674987595,0.3020966759891457,0.2212,0.7702318665871533,0.09922099999999807
12834,hybrid_reward_and_ethics,0.526,0.5052,0.542,0.5624,0.95,0.7346206316089273,0.8659975329445406,0.8913977796500868,0.3124014802332756,0.2508,0.7428287294664385,0.043576000000001856
12835,static_baseline,0.4556,0.4996,0.4428,0.4512,0.24,0.56,0.32,0.4,0.64,0.3028,0.42307999999999996,-0.13424000000000189
12835,success_fed_thirdfactor,0.9716,1.0,0.7432,0.4424,0.95,0.9065000000000031,0.32,0.4,0.64,0.5576,0.39496,0.14344499999999122
12835,ethicalsense_plus_idealgap,0.5344,0.4636,0.572,0.6172,0.48113919863650395,0.9376,0.8921883647453793,0.9149695282708408,0.3028189075219478,0.2112,0.7757972188884938,0.14625700000000003
12835,hybrid_reward_and_ethics,0.5208,0.4904,0.5444,0.5388,0.95,0.7348930218495399,0.8665934252010832,0.8919340826809753,0.31204394487934956,0.258,0.735335613978558,0.02291900000000083
12836,static_baseline,0.4664,0.4992,0.458,0.4456,0.24,0.56,0.32,0.4,0.64,0.3036,0.42132000000000003,-0.1250399999999998
12836,success_fed_thirdfactor,0.9656,1.0,0.738,0.4332,0.95,0.9340000000000153,0.32,0.4,0.64,0.5668,0.39128,0.10955099999999991
12836,ethicalsense_plus_idealgap,0.5312,0.4748,0.5752,0.6244,0.49157231382039457,0.94,0.8928831647747102,0.9155948482972397,0.3074796250904295,0.2064,0.7780334012656875,0.147469
12836,hybrid_reward_and_ethics,0.5176,0.4888,0.55,0.5688,0.95,0.7345510163450573,0.86587548747104,0.8912879387239354,0.31247470751737616,0.2364,0.7461258760475854,0.060994999999999834
12837,static_baseline,0.474,0.496,0.4412,0.4412,0.24,0.56,0.32,0.4,0.64,0.3024,0.42011999999999994,-0.1743600000000042
12837,success_fed_thirdfactor,0.9708,1.0,0.7464,0.4344,0.95,0.9010000000000329,0.32,0.4,0.64,0.5656,0.39176,0.11766799999999346
12837,ethicalsense_plus_idealgap,0.526,0.4904,0.568,0.5928,0.48412210670104033,0.9390809125608622,0.8936375202874342,0.9162737682586909,0.30315103712057234,0.2332,0.7668432905540736,0.09983899999999597
12837,hybrid_reward_and_ethics,0.5236,0.5072,0.5524,0.5816,0.95,0.7345057907695339,0.865747579038462,0.8911728211346168,0.31255145257692246,0.24,0.7495400032048083,0.08546199999999715
12838,static_baseline,0.4624,0.4892,0.4544,0.44,0.24,0.56,0.32,0.4,0.64,0.3024,0.41976,-0.1503200000000011
12838,success_fed_thirdfactor,0.964,1.0,0.7524,0.4508,0.95,0.9005000000000086,0.32,0.4,0.64,0.5492,0.39832,0.15915899999998942
12838,ethicalsense_plus_idealgap,0.5388,0.4856,0.5808,0.638,0.48153348617493624,0.9388,0.8923910397731077,0.9151519357957966,0.3028539112689823,0.206,0.7826381052132234,0.17540200000000092
12838,hybrid_reward_and_ethics,0.5268,0.4864,0.5548,0.5624,0.95,0.7347859257126401,0.8663250626895106,0.8916925564205589,0.3122049623862934,0.2416,0.7439174072850979,0.05583600000000042
12839,static_baseline,0.4776,0.5044,0.4648,0.4624,0.24,0.56,0.32,0.4,0.64,0.304,0.42632,-0.09255999999999803
12839,success_fed_thirdfactor,0.9584,1.0,0.7376,0.4536,0.95,0.9210000000000047,0.32,0.4,0.64,0.5464,0.39944,0.15414399999999784
12839,ethicalsense_plus_idealgap,0.5316,0.4904,0.5384,0.6212,0.4819355686177722,0.94,0.8937002650232135,0.9163302385208916,0.30200757229031594,0.208,0.7780814767913182,0.115301999999999
12839,hybrid_reward_and_ethics,0.5116,0.5032,0.5336,0.57,0.95,0.7346183730543252,0.8660107736010682,0.8914096962409604,0.31239353583935914,0.2544,0.7447555484045498,0.04873600000000139
12840,static_baseline,0.4732,0.5088,0.4396,0.4524,0.24,0.56,0.32,0.4,0.64,0.31,0.42272,-0.14360000000000292
12840,success_fed_thirdfactor,0.9564,1.0,0.7504,0.4504,0.95,0.9185000000000377,0.32,0.4,0.64,0.5496,0.39816,0.14797099999998878
12840,ethicalsense_plus_idealgap,0.5232,0.4864,0.554,0.6272,0.481389698344188,0.9376,0.8927433197132995,0.9154689877419697,0.30250019340145423,0.21,0.7792008818679341,0.13907899999999984
12840,hybrid_reward_and_ethics,0.5156,0.5088,0.5488,0.5536,0.95,0.7345241465585985,0.8658144617498715,0.8912330155748848,0.31251132295007733,0.2624,0.7389344478011839,0.039028000000002276
12841,static_baseline,0.4648,0.5168,0.4452,0.462,0.24,0.56,0.32,0.4,0.64,0.3092,0.42568,-0.1254400000000017
12841,success_fed_thirdfactor,0.9704,1.0,0.7528,0.422,0.95,0.8470000000000337,0.32,0.4,0.64,0.578,0.3868,0.13079499999999025
12841,ethicalsense_plus_idealgap,0.5304,0.4928,0.5704,0.612,0.4775902678861267,0.9330772416057758,0.8924138685918802,0.9151724817326922,0.3008640390695591,0.2168,0.7740662882911151,0.15226499999999935
12841,hybrid_reward_and_ethics,0.5268,0.4984,0.5476,0.5692,0.95,0.7346700012449311,0.866133790669921,0.8915204116029286,0.31231972559804766,0.238,0.7462189021950093,0.059764000000000136
12842,static_baseline,0.466,0.5044,0.4416,0.462,0.24,0.56,0.32,0.4,0.64,0.3016,0.42644,-0.13428000000000279
12842,success_fed_thirdfactor,0.966,1.0,0.744,0.4484,0.95,0.9320000000000006,0.32,0.4,0.64,0.5516,0.39736,0.16398999999998876
12842,ethicalsense_plus_idealgap,0.5464,0.4736,0.5688,0.606,0.48621114682893346,0.9388,0.8935138926866271,0.9161625034179635,0.3042944592651646,0.2108,0.7728192355020416,0.1138369999999981
12842,hybrid_reward_and_ethics,0.5064,0.5112,0.5328,0.5396,0.95,0.7346971890433954,0.8661720627982522,0.8915548565184257,0.31229676232104786,0.264,0.7347586123410997,0.020488000000000617
12843,static_baseline,0.4784,0.5028,0.436,0.442,0.24,0.56,0.32,0.4,0.64,0.3152,0.41908,-0.17172000000000295
12843,success_fed_thirdfactor,0.974,1.0,0.7484,0.456,0.95,0.9310000000000038,0.32,0.4,0.64,0.544,0.4004,0.16505999999998883
12843,ethicalsense_plus_idealgap,0.544,0.484,0.5632,0.6172,0.4815783647946513,0.94,0.8924029557634322,0.9151626601870886,0.3028668177865807,0.2204,0.7749612335314715,0.12992099999999912
12843,hybrid_reward_and_ethics,0.5328,0.478,0.5596,0.5608,0.95,0.7349055148869997,0.8666388303774181,0.8919749473396775,0.31201670177354907,0.2416,0.7435989976443707,0.062444000000000506
12844,static_baseline,0.4616,0.5132,0.47,0.4664,0.24,0.56,0.32,0.4,0.64,0.3076,0.42716,-0.12052000000000035
12844,success_fed_thirdfactor,0.964,1.0,0.7284,0.4396,0.95,0.911000000000016,0.32,0.4,0.64,0.5604,0.39384,0.1350640000000018
12844,ethicalsense_plus_idealgap,0.5332,0.4904,0.5688,0.61,0.48386745008002097,0.9352,0.893409266314522,0.9160683396830699,0.3032063119883933,0.2244,0.7727779913854129,0.13227799999999898
12844,hybrid_reward_and_ethics,0.524,0.512,0.5496,0.5544,0.95,0.7345610782461268,0.8658958076136927,0.8913062268523231,0.3124625154317843,0.2588,0.7395763409210515,0.05200200000000102
12845,static_baseline,0.4696,0.5036,0.4608,0.4448,0.24,0.56,0.32,0.4,0.64,0.3036,0.42108,-0.15352000000000196
12845,success_fed_thirdfactor,0.9632,1.0,0.7416,0.4556,0.95,0.9065000000000044,0.32,0.4,0.64,0.5444,0.40024,0.15413399999999303
12845,ethicalsense_plus_idealgap,0.5292,0.5212,0.558,0.5968,0.48520387951691824,0.94,0.8932157851910207,0.9158942066719196,0.3040293116056422,0.244,0.7666523119653377,0.10669399999999714
12845,hybrid_reward_and_ethics,0.5292,0.4976,0.552,0.5428,0.95,0.7349063075186931,0.8666275961539249,0.8919648365385311,0.31202344230764567,0.2596,0.7363932120192709,0.041222000000002194
12846,static_baseline,0.4864,0.502,0.4656,0.4416,0.24,0.56,0.32,0.4,0.64,0.3124,0.41923999999999995,-0.12940000000000013
12846,success_fed_thirdfactor,0.9636,1.0,0.7444,0.4404,0.95,0.9240000000000019,0.32,0.4,0.64,0.5596,0.39416,0.12833599999999623
12846,ethicalsense_plus_idealgap,0.5052,0.4676,0.5336,0.6224,0.4889724114466797,0.94,0.8927522128049308,0.9154769915244374,0.3062844354793949,0.2064,0.7775570251201862,0.10320899999999819
12846,hybrid_reward_and_ethics,0.5216,0.4904,0.5456,0.562,0.95,0.734764616091754,0.8663210250157491,0.8916889225141744,0.3122073849905512,0.2412,0.7438353278831109,0.03639700000000177
12847,static_baseline,0.4684,0.4884,0.4408,0.4656,0.24,0.56,0.32,0.4,0.64,0.294,0.42828,-0.1262800000000008
12847,success_fed_thirdfactor,0.9728,1.0,0.7492,0.4116,0.95,0.8460000000000272,0.32,0.4,0.64,0.5884,0.38264,0.11295599999999409
12847,ethicalsense_plus_idealgap,0.5248,0.486,0.5968,0.616,0.4812968598969508,0.9388,0.892381960115429,0.9151437641038864,0.3027428618561326,0.2252,0.7741309037706375,0.1733390000000016
12847,hybrid_reward_and_ethics,0.51,0.488,0.536,0.5688,0.95,0.7348624646041051,0.8665443112174178,0.8918898800956757,0.3120734132695495,0.2412,0.74599032027697,0.0469130000000013
12848,static_baseline,0.4652,0.5172,0.436,0.4432,0.24,0.56,0.32,0.4,0.64,0.31,0.41996,-0.1570400000000022
12848,success_fed_thirdfactor,0.9656,1.0,0.7428,0.4464,0.95,0.9050000000000316,0.32,0.4,0.64,0.5536,0.39656,0.15646799999999234
12848,ethicalsense_plus_idealgap,0.5264,0.4812,0.572,0.62,0.4912891287566783,0.94,0.8930242581678283,0.9157218323510449,0.30722515784407645,0.2136,0.7760915360447154,0.13791399999999904
12848,hybrid_reward_and_ethics,0.5172,0.49,0.5444,0.5476,0.95,0.7347750200647125,0.8663202411274848,0.8916882170147371,0.31220785532350837,0.2576,0.737874924180655,0.03813100000000184
12849,static_baseline,0.4884,0.5088,0.46,0.444,0.24,0.56,0.32,0.4,0.64,0.3152,0.41968000000000005,-0.15212000000000114
12849,success_fed_thirdfactor,0.9676,1.0,0.748,0.4432,0.95,0.9390000000000001,0.32,0.4,0.64,0.5568,0.39528,0.1500999999999879
12849,ethicalsense_plus_idealgap,0.5472,0.482,0.584,0.6,0.48610999774536706,0.9364,0.8924368255094579,0.9151931429585122,0.305105538465117,0.2256,0.768959820071752,0.12855699999999876
12849,hybrid_reward_and_ethics,0.5264,0.4832,0.53,0.562,0.95,0.7345071891052075,0.8657651372434386,0.8911886235190952,0.31254091765393693,0.2496,0.742709045680371,0.04855900000000139
12850,static_baseline,0.4508,0.4912,0.4436,0.4612,0.24,0.56,0.32,0.4,0.64,0.2884,0.42751999999999996,-0.15084000000000336
12850,success_fed_thirdfactor,0.9688,1.0,0.7304,0.4456,0.95,0.9205000000000149,0.32,0.4,0.64,0.5544,0.39624,0.12089800000000026
12850,ethicalsense_plus_idealgap,0.5436,0.4952,0.5748,0.6108,0.48285426175738216,0.9393569198674355,0.892819977905913,0.9155379801153221,0.3031711485539598,0.2196,0.7732528183269192,0.14199199999999956
12850,hybrid_reward_and_ethics,0.5152,0.4884,0.5512,0.5464,0.95,0.7347153897344106,0.866213666363431,0.8915922997270871,0.31227180018194095,0.2556,0.7376600381771669,0.029204000000001326
12851,static_baseline,0.4816,0.5,0.4584,0.444,0.24,0.56,0.32,0.4,0.64,0.3028,0.42092,-0.13488000000000125
12851,success_fed_thirdfactor,0.9676,1.0,0.7344,0.4572,0.95,0.9365000000000004,0.32,0.4,0.64,0.5428,0.40088,0.14747099999999935
12851,ethicalsense_plus_idealgap,0.5532,0.4788,0.5728,0.6132,0.4864669557486628,0.9318774875627939,0.8924958542645552,0.9152462688380998,0.3052367944626877,0.2068,0.7748052188930328,0.12407399999999844
12851,hybrid_reward_and_ethics,0.538,0.522,0.5544,0.56,0.95,0.734910528515208,0.8666441324260575,0.8919797191834523,0.3120135205443657,0.2592,0.7416017281994197,0.06270599999999951
12852,static_baseline,0.466,0.4984,0.4448,0.4512,0.24,0.56,0.32,0.4,0.64,0.3048,0.42288,-0.13588000000000172
12852,success_fed_thirdfactor,0.9644,1.0,0.7496,0.4396,0.95,0.9025000000000062,0.32,0.4,0.64,0.5604,0.39384,0.14983299999998898
12852,ethicalsense_plus_idealgap,0.5224,0.504,0.5728,0.6108,0.4787569241452893,0.94,0.892456055343315,0.915210449808984,0.3014136177979924,0.2236,0.7729617808512101,0.1334479999999989
12852,hybrid_reward_and_ethics,0.518,0.5004,0.5272,0.5548,0.95,0.7347801359746907,0.8663613584307189,0.891725222587647,0.3121831849415687,0.2596,0.7398560995918202,0.03763000000000066
12853,static_baseline,0.48,0.4988,0.4456,0.4424,0.24,0.56,0.32,0.4,0.64,0.3004,0.42068,-0.17200000000000357
12853,success_fed_thirdfactor,0.968,1.0,0.7348,0.4592,0.95,0.9240000000000015,0.32,0.4,0.64,0.5408,0.40168000000000004,0.14383799999999644
12853,ethicalsense_plus_idealgap,0.54,0.4904,0.57,0.6128,0.4924553518929165,0.9378784967979339,0.8928322659779835,0.9155490393801857,0.30796186316407104,0.224,0.7726994335660325,0.1370719999999992
12853,hybrid_reward_and_ethics,0.5408,0.508,0.5592,0.5652,0.95,0.7346706401522796,0.8660916010756068,0.8914824409680446,0.3123450393546372,0.2528,0.7435171745539371,0.07993599999999831
12854,static_baseline,0.4904,0.4972,0.4516,0.4588,0.24,0.56,0.32,0.4,0.64,0.2932,0.42632000000000003,-0.14144000000000145
12854,success_fed_thirdfactor,0.9592,1.0,0.7412,0.4376,0.95,0.9310000000000007,0.32,0.4,0.64,0.5624,0.39304,0.13320699999999502
12854,ethicalsense_plus_idealgap,0.5316,0.4904,0.5512,0.6164,0.48622406446795113,0.94,0.8927433885254181,0.9154690496728762,0.3049173214136409,0.218,0.7747983419112566,0.12090199999999891
12854,hybrid_reward_and_ethics,0.5332,0.4708,0.5392,0.5528,0.95,0.7347582020835671,0.8663037421341229,0.8916733679207116,0.3122177547195262,0.2352,0.7416664271990735,0.033822000000001226
12855,static_baseline,0.4896,0.5104,0.4584,0.4616,0.24,0.56,0.32,0.4,0.64,0.304,0.42607999999999996,-0.12300000000000023
12855,success_fed_thirdfactor,0.9736,1.0,0.7596,0.43,0.95,0.8515000000000325,0.32,0.4,0.64,0.57,0.39,0.14951599999998785
12855,ethicalsense_plus_idealgap,0.5184,0.4756,0.5404,0.6168,0.4824536318012649,0.94,0.8927174952803606,0.9154457457523242,0.3030528196763434,0.2128,0.7757070125427017,0.10131399999999795
12855,hybrid_reward_and_ethics,0.5036,0.4904,0.5228,0.5656,0.95,0.7347132901832877,0.8661879039537891,0.8915691135584092,0.3122872576277271,0.2488,0.744086770536201,0.055119000000000744
12856,static_baseline,0.47,0.5136,0.4584,0.442,0.24,0.56,0.32,0.4,0.64,0.308,0.41979999999999995,-0.15524000000000251
12856,success_fed_thirdfactor,0.9664,1.0,0.7384,0.444,0.95,0.9315000000000165,0.32,0.4,0.64,0.556,0.3956,0.12534699999999818
12856,ethicalsense_plus_idealgap,0.526,0.476,0.5572,0.6236,0.4917126578287321,0.94,0.8927557340262341,0.9154801606236121,0.30765174169337817,0.2128,0.7770734257071431,0.13079099999999913
12856,hybrid_reward_and_ethics,0.5264,0.4952,0.5516,0.5592,0.95,0.7344676145028287,0.865665147726588,0.8910986329539292,0.3126009113640469,0.2508,0.7416975510791929,0.05760200000000159
12857,static_baseline,0.466,0.51,0.4572,0.466,0.24,0.56,0.32,0.4,0.64,0.302,0.4276,-0.11700000000000066
12857,success_fed_thirdfactor,0.9736,1.0,0.7736,0.4388,0.95,0.94,0.32,0.4,0.64,0.5612,0.39352,0.17822999999998446
12857,ethicalsense_plus_idealgap,0.53,0.474,0.5852,0.6104,0.4809389146855435,0.9388,0.8924902557937757,0.9152412302143977,0.302477252707751,0.208,0.774256770806192,0.15489800000000037
12857,hybrid_reward_and_ethics,0.5208,0.5008,0.5532,0.5552,0.95,0.7347389483804122,0.8662603332922695,0.8916342999630434,0.31224380002463836,0.2488,0.741004071645519,0.051639000000002114
12858,static_baseline,0.4708,0.51,0.4524,0.458,0.24,0.56,0.32,0.4,0.64,0.3152,0.42388000000000003,-0.1401200000000026
12858,success_fed_thirdfactor,0.966,1.0,0.7404,0.442,0.95,0.9230000000000054,0.32,0.4,0.64,0.558,0.3948,0.13342799999999688
12858,ethicalsense_plus_idealgap,0.5264,0.4788,0.5504,0.6044,0.48461347200120775,0.94,0.8929038000565563,0.9156134200509007,0.3039836959553595,0.2216,0.7710465606307326,0.11236499999999786
12858,hybrid_reward_and_ethics,0.5108,0.4844,0.534,0.572,0.95,0.7345308351271024,0.8658352977369466,0.8912517679632518,0.3124988213578325,0.2356,0.7471451783345273,0.03737100000000076
12859,static_baseline,0.4772,0.5168,0.4604,0.4512,0.24,0.56,0.32,0.4,0.64,0.3104,0.42232,-0.13644000000000037
12859,success_fed_thirdfactor,0.9688,1.0,0.728,0.4476,0.95,0.931500000000023,0.32,0.4,0.64,0.5524,0.39704,0.1358329999999998
12859,ethicalsense_plus_idealgap,0.554,0.4732,0.5872,0.6196,0.487240063190901,0.94,0.892588225441209,0.9153294028970886,0.3055494512424831,0.2016,0.7772375781261416,0.15190000000000053
12859,hybrid_reward_and_ethics,0.536,0.4944,0.5504,0.5592,0.95,0.734492967968339,0.8657260655817773,0.8911534590235991,0.3125643606509335,0.2432,0.7424889237746152,0.05873500000000137
12860,static_baseline,0.478,0.51,0.4684,0.444,0.24,0.56,0.32,0.4,0.64,0.306,0.42060000000000003,-0.14924000000000182
12860,success_fed_thirdfactor,0.9652,1.0,0.7336,0.4372,0.95,0.9110000000000291,0.32,0.4,0.64,0.5628,0.39288,0.12162199999999848
12860,ethicalsense_plus_idealgap,0.5424,0.4904,0.596,0.6288,0.4918698710675713,0.9388,0.8921786196205636,0.914960757658508,0.30819203983733456,0.2032,0.7792671073631395,0.16177199999999997
12860,hybrid_reward_and_ethics,0.5424,0.5024,0.5492,0.5512,0.95,0.7346326579255599,0.8660317435842457,0.8914285692258225,0.31238095384945164,0.2556,0.739006347945887,0.045159000000001844
12861,static_baseline,0.488,0.5052,0.4576,0.4508,0.24,0.56,0.32,0.4,0.64,0.308,0.42244,-0.12308000000000016
12861,success_fed_thirdfactor,0.9692,1.0,0.7492,0.44,0.95,0.9125000000000071,0.32,0.4,0.64,0.56,0.394,0.1438969999999908
12861,ethicalsense_plus_idealgap,0.5396,0.4788,0.5684,0.624,0.48428170979844554,0.9389395160789014,0.8930107192675973,0.9157096473408374,0.3037322794851446,0.2056,0.7786097137659571,0.16559000000000074
12861,hybrid_reward_and_ethics,0.5284,0.4784,0.5348,0.578,0.95,0.7345503431157228,0.8658515030487428,0.8912663527438687,0.31248909817075443,0.2344,0.7490735240701025,0.07034999999999975
12862,static_baseline,0.4772,0.4908,0.4504,0.4568,0.24,0.56,0.32,0.4,0.64,0.3004,0.425,-0.11355999999999936
12862,success_fed_thirdfactor,0.9684,1.0,0.7444,0.4416,0.95,0.9185000000000042,0.32,0.4,0.64,0.5584,0.39464,0.14592099999999109
12862,ethicalsense_plus_idealgap,0.5372,0.4772,0.5792,0.6048,0.4748986014065255,0.94,0.8933583396185528,0.9160225056566971,0.298762629008421,0.2196,0.7723428999866216,0.13640099999999916
12862,hybrid_reward_and_ethics,0.5252,0.482,0.5444,0.5432,0.95,0.7348956062589547,0.8666055599410275,0.8919450039469248,0.31203666403538427,0.2496,0.7375018633696291,0.026468000000001685
12863,static_baseline,0.4764,0.5212,0.454,0.4316,0.24,0.56,0.32,0.4,0.64,0.3196,0.41551999999999994,-0.18200000000000435
12863,success_fed_thirdfactor,0.9632,1.0,0.7488,0.4336,0.95,0.8785000000000444,0.32,0.4,0.64,0.5664,0.39144,0.13781499999999347
12863,ethicalsense_plus_idealgap,0.5412,0.4916,0.5652,0.6232,0.48988302086414703,0.94,0.892889011785107,0.9156001106065959,0.3066303010039884,0.2084,0.7776032848580721,0.1375529999999995
12863,hybrid_reward_and_ethics,0.5272,0.5016,0.5588,0.5624,0.95,0.7345633937597292,0.8658736476219804,0.8912862828597818,0.31247581142681197,0.2456,0.7432849285253198,0.06394800000000109
12864,static_baseline,0.4712,0.5288,0.4632,0.4388,0.24,0.56,0.32,0.4,0.64,0.3256,0.41708,-0.10955999999999907
12864,success_fed_thirdfactor,0.972,1.0,0.7576,0.4456,0.95,0.8955000000000325,0.32,0.4,0.64,0.5544,0.39624,0.17997999999998512
12864,ethicalsense_plus_idealgap,0.5432,0.4912,0.596,0.6128,0.47516318765603394,0.94,0.892717621358985,0.9154458592230863,0.29940749674082895,0.2108,0.7752538645664443,0.16795100000000043
12864,hybrid_reward_and_ethics,0.518,0.4816,0.5428,0.552,0.95,0.7347511354692605,0.8662866233473289,0.8916579610125964,0.3122280259916035,0.2588,0.7390576110238742,0.039245000000001744
12865,static_baseline,0.4648,0.4968,0.4404,0.468,0.24,0.56,0.32,0.4,0.64,0.2932,0.42908,-0.12308000000000152
12865,success_fed_thirdfactor,0.9728,1.0,0.7248,0.4416,0.95,0.8845000000000108,0.32,0.4,0.64,0.5584,0.39464,0.11516200000000268
12865,ethicalsense_plus_idealgap,0.5412,0.4932,0.5916,0.6048,0.48828228876524626,0.94,0.8934643451209107,0.9161179106088188,0.3053696682858944,0.2256,0.7707968964335026,0.1372229999999988
12865,hybrid_reward_and_ethics,0.5068,0.4916,0.5404,0.5796,0.95,0.7345239090288939,0.8658041804602067,0.8912237624141857,0.31251749172387655,0.2316,0.7498091529370063,0.06619100000000057
12866,static_baseline,0.466,0.506,0.442,0.4556,0.24,0.56,0.32,0.4,0.64,0.296,0.42508,-0.15268000000000312
12866,success_fed_thirdfactor,0.9768,1.0,0.7576,0.4528,0.95,0.9340000000000013,0.32,0.4,0.64,0.5472,0.39912,0.1595949999999909
12866,ethicalsense_plus_idealgap,0.5368,0.4804,0.5688,0.6156,0.48772397842032783,0.9390800508362517,0.8933502787505653,0.9160152508755083,0.30518176620971177,0.2172,0.7748566035375334,0.13370199999999888
12866,hybrid_reward_and_ethics,0.522,0.5144,0.54,0.5664,0.95,0.7345706388409484,0.8658933525574135,0.8913040173016722,0.31246398846555207,0.2572,0.743335076567068,0.06002599999999942
12867,static_baseline,0.4724,0.4936,0.464,0.4684,0.24,0.56,0.32,0.4,0.64,0.2968,0.42884,-0.11899999999999893
12867,success_fed_thirdfactor,0.9616,1.0,0.7272,0.452,0.95,0.9220000000000008,0.32,0.4,0.64,0.548,0.3988,0.13453199999999937
12867,ethicalsense_plus_idealgap,0.542,0.478,0.5668,0.6224,0.4823715455072294,0.94,0.8925505998675366,0.9152955398807836,0.3031452928595846,0.2184,0.7767422110147655,0.13188999999999892
12867,hybrid_reward_and_ethics,0.5224,0.4836,0.5436,0.564,0.95,0.7344569978779018,0.8656561786418294,0.8910905607776463,0.3126062928149021,0.2364,0.7445729320005421,0.057504000000000374
12868,static_baseline,0.4776,0.4972,0.4576,0.4512,0.24,0.56,0.32,0.4,0.64,0.3124,0.42211999999999994,-0.13036
12868,success_fed_thirdfactor,0.9576,1.0,0.7384,0.4288,0.95,0.9385,0.32,0.4,0.64,0.5712,0.38952,0.10910100000000207
12868,ethicalsense_plus_idealgap,0.5536,0.4808,0.5892,0.6108,0.4781898517007466,0.94,0.8926186555689933,0.9153567900120947,0.3010000013951781,0.2096,0.7744929284075457,0.1590740000000001
12868,hybrid_reward_and_ethics,0.5208,0.4968,0.5448,0.5548,0.95,0.7345326857821212,0.8658204357710186,0.8912383921939175,0.3125077385373887,0.2576,0.7397775244220748,0.04697400000000185
12869,static_baseline,0.4772,0.5156,0.4576,0.4428,0.24,0.56,0.32,0.4,0.64,0.3164,0.4192,-0.1372000000000005
12869,success_fed_thirdfactor,0.958,1.0,0.752,0.4324,0.95,0.9130000000000391,0.32,0.4,0.64,0.5676,0.39096,0.13634999999999056
12869,ethicalsense_plus_idealgap,0.514,0.4764,0.5484,0.62,0.48401000959945445,0.9390765210563236,0.8921736854412023,0.9149563168970823,0.30426605644676574,0.2152,0.7760139078454962,0.12440999999999842
12869,hybrid_reward_and_ethics,0.5308,0.4804,0.5448,0.5712,0.95,0.7344960574084486,0.8657226159572948,0.8911503543615641,0.31256643042562293,0.2396,0.7464471472180065,0.06398099999999984
12870,static_baseline,0.4672,0.5088,0.4604,0.444,0.24,0.56,0.32,0.4,0.64,0.3088,0.42032,-0.14224000000000142
12870,success_fed_thirdfactor,0.968,1.0,0.7536,0.4536,0.95,0.9115000000000083,0.32,0.4,0.64,0.5464,0.39944,0.1583719999999853
12870,ethicalsense_plus_idealgap,0.5448,0.4864,0.5884,0.6224,0.4840512502725578,0.94,0.8923359092514256,0.9151023183262825,0.30415689773513827,0.216,0.7767392267715849,0.15323600000000057
12870,hybrid_reward_and_ethics,0.5148,0.5064,0.5528,0.5408,0.95,0.7348902852096453,0.8665912041360863,0.8919320837224769,0.3120452775183492,0.2696,0.7347744701300841,0.029104000000001476
12871,static_baseline,0.4816,0.502,0.4652,0.4624,0.24,0.56,0.32,0.4,0.64,0.2952,0.42719999999999997,-0.127560000000002
12871,success_fed_thirdfactor,0.9716,1.0,0.7424,0.4356,0.95,0.9290000000000029,0.32,0.4,0.64,0.5644,0.39224,0.1247269999999946
12871,ethicalsense_plus_idealgap,0.5536,0.484,0.5852,0.6244,0.4856807133648204,0.9389404017220311,0.8936011480207627,0.9162410332186872,0.30395943826579963,0.2028,0.7792265721689545,0.15457800000000055
12871,hybrid_reward_and_ethics,0.5132,0.5156,0.5336,0.57,0.95,0.7345285071884314,0.8658168190133809,0.8912351371120438,0.3125099085919713,0.2556,0.7445356617918913,0.04004700000000142
12872,static_baseline,0.4792,0.5084,0.4532,0.448,0.24,0.56,0.32,0.4,0.64,0.3036,0.42203999999999997,-0.11919999999999932
12872,success_fed_thirdfactor,0.9524,1.0,0.7244,0.4396,0.95,0.9185000000000022,0.32,0.4,0.64,0.5604,0.39384,0.11985000000000266
12872,ethicalsense_plus_idealgap,0.534,0.4836,0.5744,0.5908,0.4900455091539152,0.9388,0.8930065747082249,0.9157059172374017,0.3066174948103772,0.2372,0.7650551700294389,0.10368599999999752
12872,hybrid_reward_and_ethics,0.538,0.4964,0.5412,0.5504,0.95,0.7345710265633121,0.8659053743852662,0.8913148369467401,0.3124567753688399,0.2508,0.7391812678084123,0.04405600000000196
12873,static_baseline,0.4724,0.5028,0.4608,0.47,0.24,0.56,0.32,0.4,0.64,0.2836,0.43063999999999997,-0.11760000000000048
12873,success_fed_thirdfactor,0.9656,1.0,0.7388,0.444,0.95,0.9215000000000041,0.32,0.4,0.64,0.556,0.3956,0.139055999999995
12873,ethicalsense_plus_idealgap,0.564,0.4828,0.5684,0.6184,0.48418709767254003,0.94,0.8926673503636623,0.9154006153272948,0.30395966854534107,0.2088,0.7764296736227551,0.13202399999999948
12873,hybrid_reward_and_ethics,0.5336,0.5028,0.5548,0.5732,0.95,0.7346010949297884,0.8659805931031898,0.8913825337928714,0.31241164413808625,0.248,0.7463400054481429,0.06402300000000116
12874,static_baseline,0.4888,0.5028,0.4692,0.446,0.24,0.56,0.32,0.4,0.64,0.3076,0.42104,-0.13156000000000043
12874,success_fed_thirdfactor,0.9568,1.0,0.7232,0.4584,0.95,0.9375000000000001,0.32,0.4,0.64,0.5416,0.40136,0.12158100000000104
12874,ethicalsense_plus_idealgap,0.5612,0.4948,0.5748,0.6076,0.4862566440221972,0.94,0.8925330721342871,0.9152797649208576,0.30510186430366965,0.224,0.7714412760115215,0.12339199999999881
12874,hybrid_reward_and_ethics,0.5264,0.4936,0.5484,0.5608,0.95,0.734830329310206,0.8664742356717133,0.8918268121045405,0.3121154585969723,0.2576,0.7419142313709318,0.06899000000000025
12875,static_baseline,0.4788,0.496,0.454,0.4616,0.24,0.56,0.32,0.4,0.64,0.3048,0.426,-0.12432000000000012
12875,success_fed_thirdfactor,0.9632,1.0,0.742,0.448,0.95,0.8920000000000095,0.32,0.4,0.64,0.552,0.3972,0.15582799999999083
12875,ethicalsense_plus_idealgap,0.5232,0.478,0.5504,0.6032,0.4827986094810155,0.94,0.8934513803625516,0.9161062423262962,0.3026382004504666,0.2112,0.7721611065865144,0.1095369999999989
12875,hybrid_reward_and_ethics,0.548,0.4868,0.56,0.5556,0.95,0.7349223146391382,0.8666537888810051,0.8919884099929051,0.3120077266713965,0.2436,0.7418467012737179,0.05551100000000135
12876,static_baseline,0.4932,0.506,0.4644,0.4536,0.24,0.56,0.32,0.4,0.64,0.3092,0.42316000000000004,-0.10815999999999831
12876,success_fed_thirdfactor,0.9736,1.0,0.7516,0.4412,0.95,0.9275000000000074,0.32,0.4,0.64,0.5588,0.39447999999999994,0.1549159999999917
12876,ethicalsense_plus_idealgap,0.5492,0.4844,0.5732,0.6092,0.48193790816260956,0.94,0.8933580531930948,0.9160222478737853,0.30228251152682933,0.2204,0.7730547958780408,0.13267399999999976
12876,hybrid_reward_and_ethics,0.5128,0.4992,0.5464,0.5556,0.95,0.7345908673986818,0.8659608890775169,0.891364800169766,0.3124234665534893,0.2528,0.7405698578749216,0.06159800000000146
12877,static_baseline,0.4532,0.5092,0.44,0.4408,0.24,0.56,0.32,0.4,0.64,0.3128,0.41896,-0.16240000000000337
12877,success_fed_thirdfactor,0.9664,1.0,0.7444,0.4472,0.95,0.9370000000000098,0.32,0.4,0.64,0.5528,0.39688,0.12992700000000004
12877,ethicalsense_plus_idealgap,0.5268,0.4752,0.544,0.5976,0.4861714890156179,0.94,0.8928849122610003,0.9155964210348999,0.3047778146990082,0.2272,0.7683194155060737,0.09723099999999812
12877,hybrid_reward_and_ethics,0.5188,0.4832,0.542,0.5488,0.95,0.7345377166804254,0.8658219585411553,0.8912397626870392,0.3125068248753074,0.2528,0.7384583086486948,0.028480000000000824
12878,static_baseline,0.4816,0.5236,0.4508,0.4476,0.24,0.56,0.32,0.4,0.64,0.3136,0.42091999999999996,-0.13952000000000198
12878,success_fed_thirdfactor,0.9656,1.0,0.7396,0.4444,0.95,0.932000000000001,0.32,0.4,0.64,0.5556,0.39576,0.11057200000000139
12878,ethicalsense_plus_idealgap,0.5568,0.486,0.5808,0.6008,0.4812048322416034,0.94,0.8926660617177246,0.9153994555459526,0.30246956674662095,0.2248,0.7697726412180399,0.13820999999999878
12878,hybrid_reward_and_ethics,0.516,0.498,0.54,0.554,0.95,0.7345174716008581,0.8657673225097692,0.8911905902587925,0.3125396064941383,0.2544,0.7398301710925312,0.059959000000001525
12879,static_baseline,0.468,0.504,0.442,0.446,0.24,0.56,0.32,0.4,0.64,0.3128,0.42052,-0.1464800000000028
12879,success_fed_thirdfactor,0.9652,1.0,0.7344,0.4456,0.95,0.901000000000004,0.32,0.4,0.64,0.5544,0.39624,0.119083999999998
12879,ethicalsense_plus_idealgap,0.5248,0.502,0.5804,0.6064,0.4829633952673126,0.94,0.8932993931897878,0.9159694538708085,0.3028421830818265,0.228,0.7713459146433858,0.15311699999999911
12879,hybrid_reward_and_ethics,0.5124,0.4956,0.5372,0.5576,0.95,0.7348051319013111,0.8664300333804724,0.8917870300424245,0.3121419799717161,0.2452,0.7421714671909432,0.03816900000000173
12880,static_baseline,0.4848,0.512,0.4628,0.4524,0.24,0.56,0.32,0.4,0.64,0.3092,0.4228,-0.1121999999999992
12880,success_fed_thirdfactor,0.9712,1.0,0.7564,0.4232,0.95,0.8800000000000145,0.32,0.4,0.64,0.5768,0.38728,0.13996999999998946
12880,ethicalsense_plus_idealgap,0.532,0.4908,0.5728,0.6116,0.48060167263996056,0.94,0.8925490366036785,0.9152941329433097,0.3022616070370387,0.2216,0.7733140995010074,0.12227499999999852
12880,hybrid_reward_and_ethics,0.53,0.5124,0.5644,0.5628,0.95,0.7349281935107846,0.8666726501843534,0.8920053851659184,0.31199640988938776,0.2464,0.7437364148449421,0.05348900000000175
12881,static_baseline,0.4792,0.5016,0.468,0.4536,0.24,0.56,0.32,0.4,0.64,0.3136,0.42272,-0.12528000000000106
12881,success_fed_thirdfactor,0.9532,1.0,0.738,0.434,0.95,0.8780000000000374,0.32,0.4,0.64,0.566,0.3916,0.1265459999999972
12881,ethicalsense_plus_idealgap,0.5252,0.498,0.554,0.6092,0.48324763104273416,0.9388,0.8934703250986508,0.9161232925887854,0.30284755544244535,0.2216,0.7728977548505597,0.12509999999999974
12881,hybrid_reward_and_ethics,0.5192,0.5184,0.5592,0.5492,0.95,0.734508486450775,0.8657654390518477,0.8911888951466616,0.3125407365688922,0.2636,0.7374692011117011,0.08526199999999556
12882,static_baseline,0.466,0.5128,0.4452,0.4524,0.24,0.56,0.32,0.4,0.64,0.298,0.42391999999999996,-0.14564000000000246
12882,success_fed_thirdfactor,0.9536,1.0,0.7368,0.4436,0.95,0.8800000000000165,0.32,0.4,0.64,0.5564,0.39544,0.1344119999999999
12882,ethicalsense_plus_idealgap,0.548,0.4912,0.5908,0.6044,0.48449288932859746,0.9383019450593765,0.893592674583523,0.9162334071251705,0.30337230499748075,0.2224,0.7713510409483753,0.1606140000000001
12882,hybrid_reward_and_ethics,0.5496,0.4896,0.5544,0.5776,0.95,0.7345879927362766,0.86593267691444,0.8913394092229965,0.31244039385133593,0.2316,0.7492753286109368,0.07143599999999908
12883,static_baseline,0.462,0.5088,0.4328,0.45,0.24,0.56,0.32,0.4,0.64,0.3088,0.42212000000000005,-0.16448000000000296
12883,success_fed_thirdfactor,0.962,1.0,0.7268,0.4348,0.95,0.8675000000000169,0.32,0.4,0.64,0.5652,0.39192000000000005,0.11538199999999467
12883,ethicalsense_plus_idealgap,0.5456,0.4948,0.5724,0.6088,0.48211527817708344,0.94,0.8922016357577885,0.9149814721820098,0.30329633048231086,0.2116,0.7731712456247136,0.13050999999999957
12883,hybrid_reward_and_ethics,0.5292,0.492,0.5424,0.5804,0.95,0.7344463888757756,0.8656507864465416,0.8910857078018872,0.31260952813207443,0.2256,0.750570155019969,0.06232400000000056
12884,static_baseline,0.47,0.5204,0.466,0.4536,0.24,0.56,0.32,0.4,0.64,0.3088,0.4232,-0.13024000000000124
12884,success_fed_thirdfactor,0.964,1.0,0.7464,0.448,0.95,0.9345000000000002,0.32,0.4,0.64,0.552,0.3972,0.14159399999999192
12884,ethicalsense_plus_idealgap,0.5148,0.4808,0.538,0.6124,0.47957443339592065,0.94,0.8929358436111471,0.9156422592500321,0.3014385418090432,0.2108,0.774921952263381,0.10989299999999853
12884,hybrid_reward_and_ethics,0.5284,0.502,0.5568,0.5516,0.95,0.7344645631053132,0.865677289301753,0.8911095603715765,0.3125936264189493,0.254,0.7391038039904023,0.06823399999999835
12885,static_baseline,0.4628,0.494,0.4532,0.472,0.24,0.56,0.32,0.4,0.64,0.2884,0.43076,-0.13184000000000096
12885,success_fed_thirdfactor,0.9632,1.0,0.738,0.4504,0.95,0.934500000000002,0.32,0.4,0.64,0.5496,0.39816,0.14523599999999798
12885,ethicalsense_plus_idealgap,0.536,0.4944,0.5744,0.6164,0.48424220568290793,0.9376,0.8929196795773388,0.9156277116196045,0.3037853591795833,0.2176,0.7750830599434314,0.1354499999999994
12885,hybrid_reward_and_ethics,0.5072,0.4964,0.5464,0.5532,0.95,0.7345982672444789,0.8659704799266971,0.8913734319340275,0.3124177120439814,0.2528,0.739854797162249,0.04962100000000193
12886,static_baseline,0.4676,0.5076,0.4608,0.452,0.24,0.56,0.32,0.4,0.64,0.308,0.42279999999999995,-0.14464000000000246
12886,success_fed_thirdfactor,0.9656,1.0,0.736,0.4604,0.95,0.9270000000000047,0.32,0.4,0.64,0.5396,0.40216,0.14239099999999594
12886,ethicalsense_plus_idealgap,0.5476,0.4756,0.5544,0.618,0.4851340373854784,0.9378787345401394,0.8929115133798132,0.9156203620418323,0.30423780798888805,0.2084,0.7764117219880875,0.1287219999999985
12886,hybrid_reward_and_ethics,0.5248,0.4896,0.5544,0.5552,0.95,0.7348505649156027,0.8664940706694384,0.8918446636024954,0.3121035575983366,0.2428,0.741724446394761,0.048069000000002624
12887,static_baseline,0.48,0.5156,0.4564,0.4476,0.24,0.56,0.32,0.4,0.64,0.3148,0.4208,-0.12924000000000171
12887,success_fed_thirdfactor,0.9748,1.0,0.7532,0.4396,0.95,0.9370000000000003,0.32,0.4,0.64,0.5604,0.39384,0.14650699999999023
12887,ethicalsense_plus_idealgap,0.5468,0.4824,0.59,0.6032,0.4860247344582397,0.94,0.8929051859446205,0.91561466735016,0.30468821847342176,0.2228,0.7704614712554508,0.15181900000000134
12887,hybrid_reward_and_ethics,0.5236,0.498,0.55,0.5356,0.95,0.7345237574082634,0.8657875190442514,0.8912087671398258,0.31252748857344903,0.2604,0.7337205723077894,0.026899000000002327
12888,static_baseline,0.4796,0.5156,0.458,0.4612,0.24,0.56,0.32,0.4,0.64,0.3108,0.42528,-0.1242800000000002
12888,success_fed_thirdfactor,0.9672,1.0,0.7436,0.4376,0.95,0.9355000000000026,0.32,0.4,0.64,0.5624,0.39304,0.14026699999999442
12888,ethicalsense_plus_idealgap,0.5428,0.4876,0.5672,0.6108,0.4837079045070645,0.94,0.8930976184188472,0.915787856576963,0.30337585751845486,0.2124,0.7740601092002419,0.10598699999999765
12888,hybrid_reward_and_ethics,0.5312,0.4812,0.5612,0.574,0.95,0.7347509428871264,0.8662956561829156,0.8916660905646235,0.31222260629025117,0.2384,0.7477022629342014,0.09011299999999837
12889,static_baseline,0.4788,0.5084,0.4596,0.4488,0.24,0.56,0.32,0.4,0.64,0.304,0.42224,-0.1252799999999994
12889,success_fed_thirdfactor,0.9652,1.0,0.748,0.4448,0.95,0.9305000000000004,0.32,0.4,0.64,0.5552,0.39592,0.14093399999999134
12889,ethicalsense_plus_idealgap,0.5292,0.4832,0.5572,0.6292,0.4829879215135766,0.94,0.8928230221658695,0.9155407199492821,0.30323554302409245,0.1956,0.7811644529668806,0.1360499999999987
12889,hybrid_reward_and_ethics,0.532,0.5064,0.552,0.5524,0.95,0.7349326944076232,0.8666745842322335,0.8920071258090103,0.3119952494606592,0.2676,0.7384974108796004,0.04991100000000205
12890,static_baseline,0.4844,0.5236,0.4484,0.4452,0.24,0.56,0.32,0.4,0.64,0.3172,0.41984,-0.13444000000000186
12890,success_fed_thirdfactor,0.9712,1.0,0.7512,0.4304,0.95,0.8950000000000349,0.32,0.4,0.64,0.5696,0.39016,0.1307379999999887
12890,ethicalsense_plus_idealgap,0.5432,0.4944,0.578,0.6104,0.4827641670874774,0.9392155679940282,0.8923484431173601,0.9151135988056242,0.30350332904985067,0.2172,0.7731225889674005,0.15025699999999964
12890,hybrid_reward_and_ethics,0.5308,0.496,0.5564,0.552,0.95,0.7348643292315706,0.8665265178204128,0.8918738660383723,0.31208408930775283,0.2528,0.7397811566775128,0.0638680000000014
12891,static_baseline,0.4844,0.498,0.4508,0.4584,0.24,0.56,0.32,0.4,0.64,0.296,0.42592,-0.131920000000002
12891,success_fed_thirdfactor,0.964,1.0,0.7384,0.4356,0.95,0.9205000000000113,0.32,0.4,0.64,0.5644,0.39224,0.14517399999999445
12891,ethicalsense_plus_idealgap,0.5164,0.5016,0.536,0.6072,0.48335601134872386,0.9389402594852775,0.893506323518304,0.9161556911664734,0.3028729468597186,0.2244,0.7720292454663213,0.09425199999999757
12891,hybrid_reward_and_ethics,0.5456,0.4928,0.5548,0.5476,0.95,0.7348342588631585,0.8664519680196906,0.8918067712177208,0.31212881918818514,0.2396,0.7397427635301406,0.06378100000000095
12892,static_baseline,0.4852,0.5108,0.4648,0.45,0.24,0.56,0.32,0.4,0.64,0.31,0.42200000000000004,-0.1357200000000012
12892,success_fed_thirdfactor,0.9616,1.0,0.7464,0.4472,0.95,0.937,0.32,0.4,0.64,0.5528,0.39688,0.15448499999999563
12892,ethicalsense_plus_idealgap,0.5348,0.4764,0.568,0.6116,0.47996388642838334,0.9380195920628107,0.8932426806245622,0.9159184125621062,0.3013877987145418,0.2124,0.7746599694582577,0.13903399999999802
12892,hybrid_reward_and_ethics,0.5276,0.4836,0.5572,0.5712,0.95,0.7348412908052332,0.8665155340243911,0.8918639806219529,0.31209067958536507,0.238,0.7470155000225618,0.08633599999999925
12893,static_baseline,0.4788,0.5248,0.4532,0.4384,0.24,0.56,0.32,0.4,0.64,0.3308,0.41644000000000003,-0.1675600000000031
12893,success_fed_thirdfactor,0.9632,1.0,0.736,0.4504,0.95,0.9295000000000003,0.32,0.4,0.64,0.5496,0.39816,0.14673599999999104
12893,ethicalsense_plus_idealgap,0.5292,0.5208,0.5556,0.5984,0.4824994785248952,0.94,0.893566609824985,0.9162099488424866,0.3023964514024592,0.2508,0.7668463414652498,0.09787699999999823
12893,hybrid_reward_and_ethics,0.5372,0.494,0.5516,0.5492,0.95,0.7346229025490413,0.8660277386437748,0.8914249647793989,0.3123833568137344,0.2596,0.7380042854015445,0.04010700000000174
12894,static_baseline,0.478,0.5,0.4308,0.4476,0.24,0.56,0.32,0.4,0.64,0.3108,0.4212,-0.16492000000000384
12894,success_fed_thirdfactor,0.9692,1.0,0.7464,0.4308,0.95,0.94,0.32,0.4,0.64,0.5692,0.39032,0.1157989999999969
12894,ethicalsense_plus_idealgap,0.544,0.4792,0.5952,0.61,0.48264468831422264,0.938939528554328,0.8930190362186854,0.915717132596818,0.30290711518216296,0.2188,0.773217023115617,0.16702399999999976
12894,hybrid_reward_and_ethics,0.5172,0.4948,0.53,0.5696,0.95,0.734769883706133,0.8663375546905329,0.89170379922148,0.3121974671856804,0.2448,0.7457638406656245,0.05316900000000127
12895,static_baseline,0.4672,0.5036,0.4444,0.454,0.24,0.56,0.32,0.4,0.64,0.3072,0.42348,-0.12544000000000138
12895,success_fed_thirdfactor,0.9692,1.0,0.7432,0.4472,0.95,0.9290000000000007,0.32,0.4,0.64,0.5528,0.39688,0.13825299999999316
12895,ethicalsense_plus_idealgap,0.5292,0.4644,0.5352,0.622,0.4847864842999832,0.94,0.8923399343792449,0.9151059409413205,0.3045212946465959,0.2048,0.7776862779141898,0.11232899999999882
12895,hybrid_reward_and_ethics,0.5328,0.4892,0.558,0.5868,0.95,0.7345169941016829,0.8657951754923925,0.8912156579431523,0.31252289470456546,0.2168,0.7534445153785818,0.09745399999999718
12896,static_baseline,0.482,0.4936,0.4544,0.4492,0.24,0.56,0.32,0.4,0.64,0.296,0.42316000000000004,-0.14352000000000106
12896,success_fed_thirdfactor,0.9696,1.0,0.7368,0.4272,0.95,0.94,0.32,0.4,0.64,0.5728,0.38888,0.12550099999999595
12896,ethicalsense_plus_idealgap,0.5464,0.4732,0.5656,0.6136,0.47497723602945874,0.9395012591878158,0.8935012250421014,0.9161511025378912,0.29868763798104886,0.2216,0.7748548749457358,0.12212699999999858
12896,hybrid_reward_and_ethics,0.5168,0.4872,0.5536,0.5572,0.95,0.7346089019754659,0.8659595090256477,0.8913635581230825,0.31242429458461096,0.2536,0.7409691471482086,0.060311999999998714
12897,static_baseline,0.498,0.4956,0.4628,0.46,0.24,0.56,0.32,0.4,0.64,0.3,0.42600000000000005,-0.1242400000000006
12897,success_fed_thirdfactor,0.9664,1.0,0.7608,0.4388,0.95,0.9270000000000056,0.32,0.4,0.64,0.5612,0.39352,0.1518759999999882
12897,ethicalsense_plus_idealgap,0.5408,0.5064,0.564,0.6236,0.4867215105815585,0.9389396830472552,0.8931220315034509,0.9158098283531062,0.3048631300880179,0.2128,0.7776473938757641,0.14324999999999963
12897,hybrid_reward_and_ethics,0.5432,0.5012,0.5492,0.5724,0.95,0.734626729665385,0.8660284106901454,0.8914255696211311,0.31238295358591195,0.2424,0.7466846315054251,0.06659200000000129
12898,static_baseline,0.4892,0.5064,0.4668,0.4564,0.24,0.56,0.32,0.4,0.64,0.3048,0.42444,-0.1262400000000011
12898,success_fed_thirdfactor,0.9592,1.0,0.7528,0.4352,0.95,0.908000000000009,0.32,0.4,0.64,0.5648,0.39208,0.14735499999999008
12898,ethicalsense_plus_idealgap,0.5344,0.506,0.5568,0.6036,0.48066543107302556,0.9374183922895032,0.8924330120626199,0.9151897108563575,0.3023863058864171,0.2308,0.7699260842436507,0.10314499999999942
12898,hybrid_reward_and_ethics,0.5232,0.502,0.5424,0.5544,0.95,0.7348952613381433,0.8665958448955478,0.8919362604059915,0.3120424930626714,0.2544,0.7403768601212066,0.04265400000000126
12899,static_baseline,0.4636,0.5084,0.436,0.442,0.24,0.56,0.32,0.4,0.64,0.3084,0.41975999999999997,-0.1844800000000039
12899,success_fed_thirdfactor,0.9708,1.0,0.754,0.4444,0.95,0.937,0.32,0.4,0.64,0.5556,0.39576,0.13485599999999606
12899,ethicalsense_plus_idealgap,0.5424,0.5056,0.586,0.5912,0.4873726592734321,0.94,0.8929650163315658,0.9156685146984087,0.3053143165714632,0.2368,0.7653929844551959,0.1339299999999988
12899,hybrid_reward_and_ethics,0.53,0.502,0.5436,0.5464,0.95,0.7347784474725809,0.8663612247729607,0.8917251022956659,0.31218326513622313,0.2576,0.7375360307580752,0.030811000000001018
12900,static_baseline,0.4888,0.5068,0.4564,0.4556,0.24,0.56,0.32,0.4,0.64,0.2972,0.42496,-0.13756000000000176
12900,success_fed_thirdfactor,0.9672,1.0,0.7528,0.4292,0.95,0.8980000000000341,0.32,0.4,0.64,0.5708,0.38968,0.1333959999999918
12900,ethicalsense_plus_idealgap,0.5328,0.4844,0.582,0.6084,0.4921996127874946,0.9378785278801753,0.8928426267250892,0.91555836405258,0.30782570501367634,0.2316,0.7706442606061115,0.14365799999999856
12900,hybrid_reward_and_ethics,0.5336,0.4916,0.5716,0.5616,0.95,0.7346945475917187,0.8661746747567712,0.8915572072810953,0.31229519514593673,0.244,0.7433599574997376,0.09622299999999459
12901,static_baseline,0.4764,0.5076,0.4556,0.448,0.24,0.56,0.32,0.4,0.64,0.3056,0.42184,-0.1325200000000009
12901,success_fed_thirdfactor,0.97,1.0,0.7476,0.4412,0.95,0.9280000000000186,0.32,0.4,0.64,0.5588,0.39447999999999994,0.14926999999998916
12901,ethicalsense_plus_idealgap,0.5448,0.4832,0.5688,0.6132,0.4823285679436849,0.9356158003861248,0.8924000858054768,0.9151600772249296,0.30324421532746093,0.2148,0.7742634041682086,0.13116099999999847
12901,hybrid_reward_and_ethics,0.5152,0.494,0.5496,0.5536,0.95,0.7348121104484316,0.8664249587114438,0.8917824628403005,0.31214502477313383,0.2512,0.7403688537363937,0.0678619999999969
12902,static_baseline,0.4836,0.5,0.472,0.4552,0.24,0.56,0.32,0.4,0.64,0.3012,0.42444,-0.12908000000000067
12902,success_fed_thirdfactor,0.9724,1.0,0.7576,0.4448,0.95,0.931500000000009,0.32,0.4,0.64,0.5552,0.39592,0.16423499999998245
12902,ethicalsense_plus_idealgap,0.5344,0.4796,0.5288,0.6064,0.4851124714922939,0.94,0.8936476339754855,0.9162828705779364,0.30363812856575834,0.2144,0.7727345251547175,0.10730799999999824
12902,hybrid_reward_and_ethics,0.524,0.4952,0.5384,0.5656,0.95,0.7347851901519855,0.8663673062917319,0.8917305756625585,0.3121796162249608,0.2332,0.7457391627402419,0.045472000000001206
12903,static_baseline,0.4728,0.5224,0.4312,0.4484,0.24,0.56,0.32,0.4,0.64,0.3128,0.42124,-0.1308800000000013
12903,success_fed_thirdfactor,0.9736,1.0,0.7516,0.4304,0.95,0.9275000000000188,0.32,0.4,0.64,0.5696,0.39016,0.13277499999999215
12903,ethicalsense_plus_idealgap,0.5128,0.4692,0.5584,0.6088,0.4830113381897136,0.94,0.8930110632495637,0.9157099569246068,0.3030968184952055,0.214,0.7733051791067836,0.12099499999999762
12903,hybrid_reward_and_ethics,0.5276,0.4844,0.5388,0.5592,0.95,0.7348390795138398,0.8664697365647115,0.8918227629082409,0.3121181580611728,0.244,0.7427919143308267,0.0602330000000003
12904,static_baseline,0.4612,0.504,0.4516,0.46,0.24,0.56,0.32,0.4,0.64,0.2972,0.42628000000000005,-0.1183999999999997
12904,success_fed_thirdfactor,0.9636,1.0,0.7392,0.43,0.95,0.9235000000000021,0.32,0.4,0.64,0.57,0.39,0.12656999999999724
12904,ethicalsense_plus_idealgap,0.5264,0.5068,0.5672,0.6104,0.48882332974741466,0.94,0.8927725188259151,0.9154952669433245,0.30619364981297464,0.2252,0.7720992730290679,0.12847899999999957
12904,hybrid_reward_and_ethics,0.5304,0.4772,0.5412,0.5716,0.95,0.7347644266956963,0.8663213991850817,0.891689259266573,0.31220716048895114,0.2364,0.7471955205803169,0.06270200000000099
12905,static_baseline,0.47,0.5016,0.4564,0.4536,0.24,0.56,0.32,0.4,0.64,0.3068,0.4234,-0.14736000000000227
12905,success_fed_thirdfactor,0.9688,1.0,0.7324,0.446,0.95,0.9230000000000023,0.32,0.4,0.64,0.554,0.3964,0.11993300000000154
12905,ethicalsense_plus_idealgap,0.5428,0.4916,0.576,0.6168,0.4847245891026744,0.94,0.8923953627661784,0.9151558264895603,0.3044460043383954,0.2156,0.7750811285248664,0.14828700000000045
12905,hybrid_reward_and_ethics,0.524,0.508,0.5512,0.5632,0.95,0.7346005503341054,0.8659683836427609,0.8913715452784846,0.312418969814344,0.2496,0.7431737175760217,0.05885800000000096
12906,static_baseline,0.476,0.518,0.4496,0.4472,0.24,0.56,0.32,0.4,0.64,0.3228,0.41988,-0.1315200000000011
12906,success_fed_thirdfactor,0.9716,1.0,0.7556,0.4368,0.95,0.9325000000000011,0.32,0.4,0.64,0.5632,0.39271999999999996,0.1325959999999918
12906,ethicalsense_plus_idealgap,0.5424,0.484,0.582,0.6112,0.48312984491391636,0.9388,0.8922431958433449,0.9150188762590098,0.30377036578228234,0.2176,0.7732378033660791,0.14179699999999965
12906,hybrid_reward_and_ethics,0.518,0.4896,0.5368,0.572,0.95,0.7346208800080493,0.8659949848701366,0.8913954863831225,0.3124030090779177,0.2344,0.7473474172081203,0.05058100000000129
12907,static_baseline,0.468,0.5032,0.4476,0.4544,0.24,0.56,0.32,0.4,0.64,0.3048,0.42384000000000005,-0.13244000000000156
12907,success_fed_thirdfactor,0.9704,1.0,0.726,0.4384,0.95,0.9320000000000008,0.32,0.4,0.64,0.5616,0.39336,0.10823200000000142
12907,ethicalsense_plus_idealgap,0.5384,0.4884,0.5868,0.618,0.4856408913645168,0.94,0.8932924718743149,0.9159632246868821,0.30418646818280726,0.2044,0.7769813303191624,0.17695200000000028
12907,hybrid_reward_and_ethics,0.512,0.5116,0.5468,0.5468,0.95,0.734855727668534,0.8665139254539413,0.8918625329085467,0.3120916447276347,0.2632,0.7371746716087797,0.029139000000000782
12908,static_baseline,0.4664,0.5084,0.4492,0.4568,0.24,0.56,0.32,0.4,0.64,0.3076,0.42428,-0.12516000000000085
12908,success_fed_thirdfactor,0.9672,1.0,0.7432,0.4512,0.95,0.9130000000000227,0.32,0.4,0.64,0.5488,0.39847999999999995,0.13986899999999572
12908,ethicalsense_plus_idealgap,0.55,0.492,0.5792,0.584,0.48048857027802266,0.9394916703571902,0.8922227142919812,0.9150004428627838,0.3024661137054255,0.2372,0.7633047365182785,0.12246699999999783
12908,hybrid_reward_and_ethics,0.5092,0.484,0.544,0.5516,0.95,0.7345111858585828,0.865775398152926,0.8911978583376333,0.31253476110824413,0.2484,0.7397143300487569,0.02750600000000113
12909,static_baseline,0.4772,0.5,0.466,0.4612,0.24,0.56,0.32,0.4,0.64,0.294,0.42695999999999995,-0.12379999999999988
12909,success_fed_thirdfactor,0.9652,1.0,0.7416,0.4516,0.95,0.9345000000000289,0.32,0.4,0.64,0.5484,0.39864,0.1457009999999948
12909,ethicalsense_plus_idealgap,0.5108,0.4936,0.5536,0.6,0.47968345705597987,0.9377395147799686,0.8930098533123874,0.9157088679811477,0.30143384587808103,0.2212,0.7701941107760522,0.12440699999999902
12909,hybrid_reward_and_ethics,0.5216,0.4912,0.5484,0.5536,0.95,0.7347074381672721,0.8662106175530817,0.8915895557977744,0.31227362946815157,0.2464,0.7407384680398372,0.05015700000000231
12910,static_baseline,0.4676,0.508,0.4536,0.4632,0.24,0.56,0.32,0.4,0.64,0.3004,0.42692,-0.15188000000000165
12910,success_fed_thirdfactor,0.9656,1.0,0.7464,0.4388,0.95,0.9135000000000096,0.32,0.4,0.64,0.5612,0.39352,0.14369899999999128
12910,ethicalsense_plus_idealgap,0.5396,0.488,0.5664,0.6304,0.48373045075393173,0.94,0.8923702162494335,0.9151331946244899,0.30396905237741884,0.2032,0.7804619840493964,0.14272399999999974
12910,hybrid_reward_and_ethics,0.5232,0.5068,0.5504,0.5476,0.95,0.7347511063084619,0.8662843643788842,0.8916559279409947,0.31222938137267,0.2584,0.7377764476551251,0.047626000000003145
12911,static_baseline,0.4732,0.5036,0.4568,0.4416,0.24,0.56,0.32,0.4,0.64,0.3064,0.41984,-0.13424000000000125
12911,success_fed_thirdfactor,0.9712,1.0,0.7428,0.4296,0.95,0.899000000000028,0.32,0.4,0.64,0.5704,0.38984,0.1301539999999931
12911,ethicalsense_plus_idealgap,0.524,0.4956,0.5604,0.6236,0.49455548274364003,0.94,0.8931335293977566,0.9158201764579811,0.3087709178536145,0.2212,0.7762261123160044,0.12084599999999816
12911,hybrid_reward_and_ethics,0.53,0.5068,0.5504,0.5592,0.95,0.7344770431523073,0.8657384081818297,0.8911645673636462,0.3125569550909028,0.2592,0.7408952802136421,0.07217199999999728
12912,static_baseline,0.4688,0.5044,0.4332,0.4696,0.24,0.56,0.32,0.4,0.64,0.2996,0.42892,-0.1311600000000024
12912,success_fed_thirdfactor,0.9668,1.0,0.73,0.4372,0.95,0.9190000000000029,0.32,0.4,0.64,0.5628,0.39288,0.1273929999999959
12912,ethicalsense_plus_idealgap,0.5296,0.4868,0.5644,0.6076,0.47575044149671586,0.94,0.8927886203144095,0.9155097582829694,0.2996443244968297,0.2156,0.7732085149590999,0.10612199999999693
12912,hybrid_reward_and_ethics,0.5268,0.4956,0.5592,0.5532,0.95,0.7345343002908742,0.8658231050721921,0.8912407945649738,0.3125061369566839,0.25,0.7400588991121793,0.055469000000000025
12913,static_baseline,0.4788,0.502,0.4624,0.448,0.24,0.56,0.32,0.4,0.64,0.3144,0.42096,-0.1216399999999992
12913,success_fed_thirdfactor,0.9604,1.0,0.738,0.436,0.95,0.9280000000000059,0.32,0.4,0.64,0.564,0.3924,0.12283099999999668
12913,ethicalsense_plus_idealgap,0.5488,0.4872,0.5712,0.6036,0.4807244835187016,0.93773932584572,0.8928838971466633,0.9155955074319976,0.30205512404201984,0.2228,0.7709673876810291,0.11806999999999823
12913,hybrid_reward_and_ethics,0.5292,0.476,0.5524,0.5588,0.95,0.7347171982352652,0.8662050119365977,0.891584510742938,0.3122769928380413,0.2432,0.7426155811473478,0.044504000000002215
12914,static_baseline,0.4816,0.4888,0.4616,0.4516,0.24,0.56,0.32,0.4,0.64,0.2976,0.42372,-0.13300000000000095
12914,success_fed_thirdfactor,0.9644,1.0,0.7592,0.4232,0.95,0.8960000000000226,0.32,0.4,0.64,0.5768,0.38728,0.14860499999998864
12914,ethicalsense_plus_idealgap,0.5232,0.4936,0.5552,0.5976,0.49341790682758224,0.9354802130958497,0.8934043652832492,0.9160639287549244,0.30798546118719144,0.2332,0.7674590360673021,0.09494499999999827
12914,hybrid_reward_and_ethics,0.5332,0.4852,0.548,0.5524,0.95,0.7349132191767295,0.8666475291869031,0.8919827762682128,0.31201148248785815,0.248,0.7404434775312552,0.04329500000000197
12915,static_baseline,0.4812,0.5048,0.4544,0.462,0.24,0.56,0.32,0.4,0.64,0.3032,0.42628,-0.14284000000000155
12915,success_fed_thirdfactor,0.968,1.0,0.742,0.44,0.95,0.9375000000000003,0.32,0.4,0.64,0.56,0.394,0.1275229999999972
12915,ethicalsense_plus_idealgap,0.5352,0.4732,0.5708,0.6092,0.4889758409095959,0.9389405559153121,0.8937039435414309,0.9163335491872865,0.30552476562165337,0.2068,0.7740754611618599,0.1375429999999994
12915,hybrid_reward_and_ethics,0.5336,0.4836,0.5528,0.5656,0.95,0.7347523503933426,0.8662985052700601,0.8916686547430538,0.3122208968379636,0.2412,0.7449037302140809,0.05501800000000109
12916,static_baseline,0.4912,0.5088,0.4592,0.4508,0.24,0.56,0.32,0.4,0.64,0.3084,0.4224,-0.1341600000000019
12916,success_fed_thirdfactor,0.9608,1.0,0.7336,0.4392,0.95,0.8895000000000272,0.32,0.4,0.64,0.5608,0.39368000000000003,0.13279900000000297
12916,ethicalsense_plus_idealgap,0.5332,0.4872,0.5652,0.612,0.47978692918779636,0.9376437122166182,0.8921268308606044,0.9149141477745437,0.30219199990541423,0.2176,0.7736651031299446,0.1414939999999995
12916,hybrid_reward_and_ethics,0.5264,0.514,0.5452,0.572,0.95,0.7346917214133502,0.8661587323247457,0.8915428590922718,0.3123047606051524,0.2488,0.7459917471472443,0.07074799999999969
12917,static_baseline,0.474,0.4848,0.4672,0.468,0.24,0.56,0.32,0.4,0.64,0.2912,0.42928,-0.09427999999999828
12917,success_fed_thirdfactor,0.9508,1.0,0.7264,0.4524,0.95,0.94,0.32,0.4,0.64,0.5476,0.39896,0.1313770000000031
12917,ethicalsense_plus_idealgap,0.5276,0.4828,0.582,0.6176,0.4846072737290296,0.9341400120456318,0.8933413637544575,0.9160072273790115,0.3036305458609494,0.2076,0.7766454977165019,0.14323699999999912
12917,hybrid_reward_and_ethics,0.5292,0.5056,0.5556,0.56,0.95,0.7348713968219865,0.8665488450565527,0.8918939605508975,0.3120706929660693,0.2536,0.7421126552041246,0.05936700000000076
12918,static_baseline,0.4588,0.51,0.4432,0.4532,0.24,0.56,0.32,0.4,0.64,0.3104,0.42292,-0.13876000000000177
12918,success_fed_thirdfactor,0.9656,1.0,0.7532,0.448,0.95,0.9240000000000019,0.32,0.4,0.64,0.552,0.3972,0.14314899999999373
12918,ethicalsense_plus_idealgap,0.5364,0.486,0.5948,0.6092,0.4778813629620244,0.94,0.8922459424934783,0.9150213482441303,0.30114392748622915,0.214,0.7733929364367939,0.16696900000000098
12918,hybrid_reward_and_ethics,0.5256,0.4992,0.5452,0.5532,0.95,0.7349032601943873,0.8666278400376632,0.8919650560338958,0.31202329597740297,0.2536,0.7401133376193961,0.03867000000000124
12919,static_baseline,0.4804,0.518,0.4608,0.448,0.24,0.56,0.32,0.4,0.64,0.3188,0.42052,-0.12815999999999955
12919,success_fed_thirdfactor,0.9648,1.0,0.7584,0.4404,0.95,0.8885000000000108,0.32,0.4,0.64,0.5596,0.39416,0.15445899999998863
12919,ethicalsense_plus_idealgap,0.5356,0.5064,0.5696,0.6076,0.4854367389546717,0.9390775756738349,0.8925252246116012,0.915272702150441,0.3046981897880546,0.2348,0.7704184919917224,0.13485799999999906
12919,hybrid_reward_and_ethics,0.5132,0.4836,0.5504,0.5592,0.95,0.7348242088349838,0.8664500235144353,0.891805021162993,0.3121299858913383,0.244,0.7427817621099345,0.0503190000000023
12920,static_baseline,0.472,0.5068,0.4572,0.4568,0.24,0.56,0.32,0.4,0.64,0.306,0.42444,-0.11983999999999967
12920,success_fed_thirdfactor,0.9716,1.0,0.7324,0.4292,0.95,0.9265000000000408,0.32,0.4,0.64,0.5708,0.38968,0.10626600000000312
12920,ethicalsense_plus_idealgap,0.5156,0.4872,0.5652,0.6252,0.4837568901054787,0.9388,0.8930015791897922,0.9157014212708142,0.30347718170090493,0.2128,0.7782840939005263,0.13589899999999958
12920,hybrid_reward_and_ethics,0.5384,0.496,0.5644,0.5612,0.95,0.7347978596733983,0.8663686064357934,0.8917317457922134,0.3121788361385238,0.2472,0.7430198323144335,0.07086899999999843
12921,static_baseline,0.4904,0.5164,0.4608,0.4528,0.24,0.56,0.32,0.4,0.64,0.3184,0.422,-0.1301600000000013
12921,success_fed_thirdfactor,0.9704,1.0,0.736,0.4408,0.95,0.920500000000002,0.32,0.4,0.64,0.5592,0.39432,0.11918099999999687
12921,ethicalsense_plus_idealgap,0.532,0.4796,0.5524,0.624,0.4843004223793425,0.94,0.8927242412676387,0.9154518171408736,0.30397081817556076,0.2144,0.7775721798124121,0.13145499999999957
12921,hybrid_reward_and_ethics,0.538,0.5004,0.558,0.574,0.95,0.7345256703534472,0.865815796617085,0.8912342169553757,0.3125105220297491,0.2484,0.7464551352577986,0.08614499999999789
12922,static_baseline,0.4768,0.4944,0.454,0.4528,0.24,0.56,0.32,0.4,0.64,0.3052,0.42332,-0.1463200000000022
12922,success_fed_thirdfactor,0.9696,1.0,0.7488,0.4436,0.95,0.8940000000000103,0.32,0.4,0.64,0.5564,0.39544,0.15008499999999098
12922,ethicalsense_plus_idealgap,0.5268,0.4832,0.5936,0.5992,0.482518648566184,0.9373694819998406,0.8923316190324451,0.9150984571292,0.30339402905713686,0.2248,0.7690118337302185,0.13181099999999807
12922,hybrid_reward_and_ethics,0.5268,0.5032,0.5496,0.5596,0.95,0.7347432213577747,0.8662898412654566,0.891660857138911,0.3122260952407265,0.2552,0.7416992682517102,0.05870900000000127
12923,static_baseline,0.472,0.5332,0.4672,0.4588,0.24,0.56,0.32,0.4,0.64,0.314,0.42424,-0.13980000000000162
12923,success_fed_thirdfactor,0.9696,1.0,0.738,0.4372,0.95,0.9205000000000104,0.32,0.4,0.64,0.5628,0.39288,0.13677099999999917
12923,ethicalsense_plus_idealgap,0.5376,0.4736,0.5788,0.6152,0.4806299785869983,0.94,0.8922887362729229,0.9150598626456301,0.30248400027516076,0.2108,0.775330112874718,0.1465829999999995
12923,hybrid_reward_and_ethics,0.52,0.4884,0.5376,0.5612,0.95,0.7349298325808384,0.8666731272159262,0.8920058144943332,0.3119961236704438,0.2372,0.744176660516202,0.04408700000000154
12924,static_baseline,0.4696,0.5164,0.4452,0.4412,0.24,0.56,0.32,0.4,0.64,0.3232,0.41803999999999997,-0.16136000000000325
12924,success_fed_thirdfactor,0.9588,1.0,0.7304,0.4444,0.95,0.9220000000000041,0.32,0.4,0.64,0.5556,0.39576,0.10213100000000092
12924,ethicalsense_plus_idealgap,0.572,0.482,0.6072,0.6124,0.48654073924259383,0.9389395097143262,0.8930064762174387,0.9157058285956947,0.3048651886473463,0.2176,0.7737579740953094,0.18195600000000114
12924,hybrid_reward_and_ethics,0.514,0.494,0.54,0.5632,0.95,0.7348759616770986,0.8665652651325819,0.8919087386193238,0.3120608409204509,0.2564,0.7428011115432797,0.05344700000000131
12925,static_baseline,0.4792,0.52,0.4584,0.4548,0.24,0.56,0.32,0.4,0.64,0.3112,0.42332,-0.13872000000000292
12925,success_fed_thirdfactor,0.9588,1.0,0.7348,0.4272,0.95,0.8780000000000288,0.32,0.4,0.64,0.5728,0.38888,0.0986439999999986
12925,ethicalsense_plus_idealgap,0.5352,0.5032,0.5632,0.6044,0.4817765175698792,0.94,0.8927826592017938,0.9155043932816151,0.30266213142350434,0.2376,0.769593310447237,0.12074199999999764
12925,hybrid_reward_and_ethics,0.5128,0.4928,0.5316,0.5568,0.95,0.7347570829041371,0.8663132168221356,0.8916818951399215,0.31221206990671885,0.2404,0.7423513066633997,0.038133000000001235
12926,static_baseline,0.4804,0.51,0.4444,0.4572,0.24,0.56,0.32,0.4,0.64,0.2996,0.42519999999999997,-0.1564000000000039
12926,success_fed_thirdfactor,0.9632,1.0,0.7304,0.4528,0.95,0.9310000000000154,0.32,0.4,0.64,0.5472,0.39912,0.14459899999999815
12926,ethicalsense_plus_idealgap,0.5108,0.4764,0.5308,0.6144,0.488014914087253,0.9364,0.8933367704075386,0.9160030933667843,0.3053380407175963,0.2104,0.7751474213155644,0.09372899999999856
12926,hybrid_reward_and_ethics,0.518,0.4892,0.544,0.554,0.95,0.7345889655215526,0.8659565760751465,0.8913609184676322,0.31242605435491144,0.2564,0.7397276366787007,0.05566500000000134
12927,static_baseline,0.478,0.504,0.4284,0.4548,0.24,0.56,0.32,0.4,0.64,0.3064,0.42379999999999995,-0.18496000000000495
12927,success_fed_thirdfactor,0.9612,1.0,0.7408,0.4412,0.95,0.9025000000000084,0.32,0.4,0.64,0.5588,0.39447999999999994,0.1347789999999921
12927,ethicalsense_plus_idealgap,0.5344,0.4784,0.5628,0.6084,0.4838032100620211,0.94,0.8930782431459815,0.9157704188313833,0.3034390105142251,0.2144,0.7731224017599083,0.12312199999999955
12927,hybrid_reward_and_ethics,0.5336,0.5012,0.5536,0.56,0.95,0.7348039217650238,0.8664082511585307,0.8917674260426778,0.312155049304882,0.254,0.7420002493466433,0.04444700000000156
12928,static_baseline,0.4904,0.5028,0.4476,0.4436,0.24,0.56,0.32,0.4,0.64,0.314,0.41968,-0.16292000000000342
12928,success_fed_thirdfactor,0.966,1.0,0.7356,0.4284,0.95,0.9140000000000019,0.32,0.4,0.64,0.5716,0.38936,0.10595700000000134
12928,ethicalsense_plus_idealgap,0.5288,0.488,0.5636,0.6044,0.48157774635028705,0.9388,0.8932658960323677,0.9159393064291318,0.30217615634924944,0.2224,0.7713915823613691,0.0969159999999968
12928,hybrid_reward_and_ethics,0.5344,0.4932,0.5656,0.5676,0.95,0.7346129698845573,0.8659927941595883,0.8913935147436289,0.3124043235042473,0.2496,0.7445062889921878,0.0855929999999974
12929,static_baseline,0.4572,0.5072,0.4328,0.4464,0.24,0.56,0.32,0.4,0.64,0.314,0.42052,-0.16452000000000375
12929,success_fed_thirdfactor,0.9652,1.0,0.7516,0.4456,0.95,0.94,0.32,0.4,0.64,0.5544,0.39624,0.14991499999999033
12929,ethicalsense_plus_idealgap,0.5312,0.4944,0.5828,0.6192,0.4785877740175382,0.94,0.8936064923156946,0.9162458430841248,0.3004086931562136,0.2164,0.7768414552607381,0.1624220000000002
12929,hybrid_reward_and_ethics,0.528,0.4936,0.5564,0.578,0.95,0.7348209837084322,0.8664430115374294,0.8917987103836845,0.31213419307754325,0.2364,0.7491781509417755,0.0808769999999978
12930,static_baseline,0.4868,0.4912,0.4468,0.4612,0.24,0.56,0.32,0.4,0.64,0.2876,0.4276,-0.12592000000000125
12930,success_fed_thirdfactor,0.9612,1.0,0.7284,0.43,0.95,0.8840000000000445,0.32,0.4,0.64,0.57,0.39,0.10262000000000114
12930,ethicalsense_plus_idealgap,0.542,0.4804,0.5744,0.6228,0.4852144357536262,0.94,0.8929309207612772,0.9156378286851501,0.3042624812677912,0.2052,0.7781762691333743,0.14478099999999894
12930,hybrid_reward_and_ethics,0.5272,0.5012,0.5556,0.5576,0.95,0.734881285442951,0.8665814984678927,0.8919233486211037,0.3120511009192644,0.2468,0.7420894717109647,0.0428020000000018
12931,static_baseline,0.4608,0.4976,0.4412,0.45,0.24,0.56,0.32,0.4,0.64,0.3052,0.42248,-0.14576000000000192
12931,success_fed_thirdfactor,0.966,1.0,0.7528,0.4448,0.95,0.9350000000000018,0.32,0.4,0.64,0.5552,0.39592,0.1452329999999947
12931,ethicalsense_plus_idealgap,0.53,0.4996,0.5832,0.6136,0.4829750543584912,0.9368188762830006,0.8930836184445767,0.9157752566001187,0.3030206324235849,0.2268,0.7735074429754072,0.1493940000000001
12931,hybrid_reward_and_ethics,0.5304,0.4864,0.5408,0.5424,0.95,0.7345651362857397,0.8658933076255653,0.8913039768630099,0.31246401542466135,0.2544,0.7364150534271664,0.04085500000000181
12932,static_baseline,0.4728,0.5232,0.4428,0.4548,0.24,0.56,0.32,0.4,0.64,0.3032,0.42412,-0.16324000000000302
12932,success_fed_thirdfactor,0.9644,1.0,0.7408,0.4532,0.95,0.9270000000000034,0.32,0.4,0.64,0.5468,0.39928,0.14517199999999109
12932,ethicalsense_plus_idealgap,0.5428,0.4848,0.584,0.6032,0.47979585191162627,0.94,0.8931882333330767,0.9158694099997691,0.3013473392893523,0.2176,0.7716028982731548,0.14694799999999952
12932,hybrid_reward_and_ethics,0.502,0.4856,0.5584,0.5492,0.95,0.734924586751615,0.866667738292174,0.8920009644629577,0.3119993570246949,0.24,0.7402938852204701,0.06176400000000092
12933,static_baseline,0.4728,0.5008,0.4572,0.4488,0.24,0.56,0.32,0.4,0.64,0.3068,0.42196,-0.13000000000000053
12933,success_fed_thirdfactor,0.972,1.0,0.7496,0.4488,0.95,0.8965000000000044,0.32,0.4,0.64,0.5512,0.39752,0.15195399999999312
12933,ethicalsense_plus_idealgap,0.5336,0.478,0.5612,0.6132,0.488811697750717,0.9348333599737128,0.8925955526347671,0.915335997371291,0.3063294067675447,0.2116,0.7742036988546445,0.11913399999999792
12933,hybrid_reward_and_ethics,0.5408,0.5028,0.5628,0.556,0.95,0.7346653539780718,0.8660823060797627,0.8914740754717867,0.312350616352143,0.2476,0.7412723876310777,0.04712400000000195
12934,static_baseline,0.4668,0.504,0.4544,0.454,0.24,0.56,0.32,0.4,0.64,0.3068,0.42352,-0.15256000000000253
12934,success_fed_thirdfactor,0.9656,1.0,0.736,0.4416,0.95,0.9330000000000003,0.32,0.4,0.64,0.5584,0.39464,0.14393500000000042
12934,ethicalsense_plus_idealgap,0.5312,0.4964,0.572,0.6296,0.491501752397381,0.9390787240627608,0.8929080209202405,0.9156172188282163,0.3074244594624976,0.2072,0.7795322399717276,0.13865599999999953
12934,hybrid_reward_and_ethics,0.5364,0.5028,0.5544,0.5728,0.95,0.7345747233466157,0.8658958483954572,0.8913062635559127,0.3124624909627259,0.2452,0.7464563619236607,0.0787789999999983
12935,static_baseline,0.4732,0.4992,0.4504,0.4592,0.24,0.56,0.32,0.4,0.64,0.2928,0.42648,-0.13172000000000084
12935,success_fed_thirdfactor,0.9604,1.0,0.7452,0.424,0.95,0.8725000000000439,0.32,0.4,0.64,0.576,0.3876,0.10726599999999517
12935,ethicalsense_plus_idealgap,0.5344,0.486,0.5768,0.6072,0.48130454312726817,0.9365392487134047,0.8928324756031113,0.9155492280428005,0.3023862910811451,0.2152,0.7727358584691506,0.12353499999999769
12935,hybrid_reward_and_ethics,0.524,0.4948,0.5464,0.5536,0.95,0.7346443851169192,0.866067816367186,0.891461034730467,0.3123593101796882,0.246,0.7407049254291007,0.04267500000000201
12936,static_baseline,0.4732,0.5168,0.4544,0.4388,0.24,0.56,0.32,0.4,0.64,0.3172,0.41792,-0.1566400000000019
12936,success_fed_thirdfactor,0.9668,1.0,0.724,0.4636,0.95,0.9170000000000036,0.32,0.4,0.64,0.5364,0.40344,0.14508000000000032
12936,ethicalsense_plus_idealgap,0.5416,0.5052,0.5744,0.5988,0.4876431478788292,0.9370041415610769,0.8925200800551878,0.9152680720496693,0.3058055098952645,0.2288,0.7682102075391651,0.1351919999999993
12936,hybrid_reward_and_ethics,0.5384,0.506,0.5496,0.5612,0.95,0.7349270850264585,0.8666701168074946,0.8920031051267461,0.3119979299155036,0.254,0.7424951101558599,0.05695300000000094
12937,static_baseline,0.4716,0.5152,0.4412,0.446,0.24,0.56,0.32,0.4,0.64,0.318,0.42,-0.16008000000000355
12937,success_fed_thirdfactor,0.9668,1.0,0.744,0.446,0.95,0.936500000000002,0.32,0.4,0.64,0.554,0.3964,0.1340359999999924
12937,ethicalsense_plus_idealgap,0.5328,0.4936,0.5648,0.5952,0.47967619481254953,0.94,0.8925482710539172,0.9152934439485253,0.30179948056314154,0.2196,0.7686630931134435,0.11720699999999838
12937,hybrid_reward_and_ethics,0.5196,0.5032,0.5432,0.5504,0.95,0.7345454003264139,0.8658606815310885,0.8912746133779788,0.31248359108134743,0.262,0.7380382509885103,0.0511049999999988
12938,static_baseline,0.4908,0.5068,0.4516,0.4368,0.24,0.56,0.32,0.4,0.64,0.3124,0.41779999999999995,-0.15464000000000228
12938,success_fed_thirdfactor,0.9644,1.0,0.7492,0.4196,0.95,0.8800000000000217,0.32,0.4,0.64,0.5804,0.38584,0.09572999999999893
12938,ethicalsense_plus_idealgap,0.5296,0.4836,0.5852,0.6152,0.4852632788743991,0.9378801016857319,0.8933672285772696,0.9160305057195436,0.3039378565753839,0.2244,0.7742103936590323,0.1629760000000004
12938,hybrid_reward_and_ethics,0.524,0.5028,0.5532,0.5572,0.95,0.7346719188604616,0.8661197945271625,0.8915078150744477,0.31232812328370213,0.2408,0.7423316941814891,0.06060799999999995
12939,static_baseline,0.4724,0.5196,0.4468,0.4536,0.24,0.56,0.32,0.4,0.64,0.3096,0.42312,-0.13368000000000105
12939,success_fed_thirdfactor,0.9664,1.0,0.7424,0.4284,0.95,0.9060000000000186,0.32,0.4,0.64,0.5716,0.38936,0.11289899999999922
12939,ethicalsense_plus_idealgap,0.544,0.4944,0.56,0.634,0.4810512146631964,0.94,0.8922809030270847,0.915052812724376,0.3027008849099305,0.2064,0.7813742510500213,0.14901299999999992
12939,hybrid_reward_and_ethics,0.522,0.5,0.5544,0.5656,0.95,0.7348204791570121,0.8664335752971646,0.8917902177674484,0.3121398548217018,0.2412,0.7449732912780398,0.05322000000000237
12940,static_baseline,0.4788,0.5048,0.4516,0.4444,0.24,0.56,0.32,0.4,0.64,0.3128,0.42004,-0.13896000000000183
12940,success_fed_thirdfactor,0.9664,1.0,0.7368,0.4184,0.95,0.926000000000003,0.32,0.4,0.64,0.5816,0.38536,0.10837500000000072
12940,ethicalsense_plus_idealgap,0.55,0.496,0.582,0.6024,0.4789666576105575,0.9382971430114727,0.8929524015297056,0.9156571613767343,0.30112140758151457,0.2192,0.7711365595128975,0.14707599999999899
12940,hybrid_reward_and_ethics,0.53,0.486,0.564,0.5512,0.95,0.7347052399595391,0.8661836473814747,0.8915652826433269,0.3122898115711152,0.2468,0.7399645784014595,0.07034900000000088
12941,static_baseline,0.4668,0.5012,0.4572,0.4428,0.24,0.56,0.32,0.4,0.64,0.3128,0.41956,-0.1528000000000017
12941,success_fed_thirdfactor,0.9736,1.0,0.7448,0.4332,0.95,0.9185000000000018,0.32,0.4,0.64,0.5668,0.39128,0.1227779999999952
12941,ethicalsense_plus_idealgap,0.5268,0.4824,0.5692,0.6228,0.4841144972710155,0.9388,0.8931845476164866,0.9158660928548379,0.30350961054231773,0.2132,0.7775969911556592,0.14588300000000026
12941,hybrid_reward_and_ethics,0.5228,0.5156,0.5488,0.5652,0.95,0.7344608682920237,0.865672155852199,0.8911049402669794,0.3125967064886805,0.2588,0.7427011602638826,0.06402100000000215
12942,static_baseline,0.4764,0.514,0.4476,0.432,0.24,0.56,0.32,0.4,0.64,0.324,0.41519999999999996,-0.14452000000000292
12942,success_fed_thirdfactor,0.964,1.0,0.7392,0.4452,0.95,0.9330000000000007,0.32,0.4,0.64,0.5548,0.39608,0.1480349999999951
12942,ethicalsense_plus_idealgap,0.5204,0.4916,0.5684,0.6136,0.4915407642314103,0.9389395186044873,0.8930124029915372,0.9157111626923832,0.307360459722475,0.2096,0.774546202313032,0.1366649999999988
12942,hybrid_reward_and_ethics,0.5216,0.4916,0.5552,0.546,0.95,0.7347773407042303,0.8663598283721842,0.8917238455349655,0.3121841029766889,0.256,0.7375753116116749,0.044191000000002326
12943,static_baseline,0.4824,0.5108,0.4528,0.4428,0.24,0.56,0.32,0.4,0.64,0.308,0.42003999999999997,-0.14180000000000273
12943,success_fed_thirdfactor,0.9592,1.0,0.75,0.4364,0.95,0.9385,0.32,0.4,0.64,0.5636,0.39256,0.12703999999999585
12943,ethicalsense_plus_idealgap,0.5296,0.4824,0.5736,0.6128,0.4818511561632347,0.9346919713525444,0.8922628470059388,0.915036562305345,0.30311530047686563,0.2112,0.7744644149059943,0.13428299999999987
12943,hybrid_reward_and_ethics,0.5236,0.4908,0.536,0.5668,0.95,0.7345277163525379,0.8658325364707178,0.891249282823646,0.312500478117569,0.236,0.7455437562824198,0.04274200000000165
