seed,model,final_holdout_recall,final_holdout_violation_rate,trap_capture_rate,trajectory_value,mean_Q,final_Q
18400,tdc_full,0.863013698630137,0.2602739726027397,0.20232333010648595,0.708249777777774,0.8198673483312656,0.9061372406343491
18400,simple_matched_Q,0.863013698630137,0.2602739726027397,0.20232333010648595,0.708249777777774,0.8198673483312656,0.9061372406343491
18400,simple_matched_Q_anticapture,0.863013698630137,0.2602739726027397,0.20232333010648595,0.708249777777774,0.8198673483312656,0.9061372406343491
18400,simple_static_q084,0.821917808219178,0.3013698630136986,0.18393030009680542,0.7181502222222185,0.84,0.84
18401,tdc_full,0.8817204301075269,0.26881720430107525,0.17578125,0.7164755555555522,0.82163434415905,0.9071274916045522
18401,simple_matched_Q,0.8817204301075269,0.26881720430107525,0.17578125,0.7164755555555522,0.82163434415905,0.9071274916045522
18401,simple_matched_Q_anticapture,0.8817204301075269,0.26881720430107525,0.17578125,0.7164755555555522,0.82163434415905,0.9071274916045522
18401,simple_static_q084,0.8279569892473119,0.3225806451612903,0.1611328125,0.7211439999999969,0.84,0.84
18402,tdc_full,0.8255813953488372,0.4418604651162791,0.19961977186311788,0.6803493333333294,0.8266072234163029,0.9015569359297833
18402,simple_matched_Q,0.8255813953488372,0.4418604651162791,0.19961977186311788,0.6803493333333294,0.8266072234163029,0.9015569359297833
18402,simple_matched_Q_anticapture,0.8255813953488372,0.4418604651162791,0.19961977186311788,0.6803493333333294,0.8266072234163029,0.9015569359297833
18402,simple_static_q084,0.8023255813953488,0.46511627906976744,0.19486692015209126,0.6893386666666624,0.84,0.84
18403,tdc_full,0.7922077922077922,0.35064935064935066,0.1916583912611718,0.6949191111111075,0.8221760322126173,0.9059904014444087
18403,simple_matched_Q,0.7922077922077922,0.35064935064935066,0.1916583912611718,0.6949191111111075,0.8221760322126173,0.9059904014444087
18403,simple_matched_Q_anticapture,0.7922077922077922,0.35064935064935066,0.1916583912611718,0.6949191111111075,0.8221760322126173,0.9059904014444087
18403,simple_static_q084,0.7402597402597403,0.38961038961038963,0.1807348560079444,0.7036755555555517,0.84,0.84
18404,tdc_full,0.9240506329113924,0.17721518987341772,0.2013752455795678,0.713078222222219,0.8184330372818831,0.9079633849196238
18404,simple_matched_Q,0.9240506329113924,0.17721518987341772,0.2013752455795678,0.713078222222219,0.8184330372818831,0.9079633849196238
18404,simple_matched_Q_anticapture,0.9240506329113924,0.17721518987341772,0.2013752455795678,0.713078222222219,0.8184330372818831,0.9079633849196238
18404,simple_static_q084,0.8227848101265823,0.26582278481012656,0.1944990176817289,0.7429182222222189,0.84,0.84
18405,tdc_full,0.8804347826086957,0.2826086956521739,0.18586640851887706,0.6886817777777737,0.8297326793897158,0.9068010616619469
18405,simple_matched_Q,0.8804347826086957,0.2826086956521739,0.18586640851887706,0.6886817777777737,0.8297326793897158,0.9068010616619469
18405,simple_matched_Q_anticapture,0.8804347826086957,0.2826086956521739,0.18586640851887706,0.6886817777777737,0.8297326793897158,0.9068010616619469
18405,simple_static_q084,0.8478260869565217,0.30434782608695654,0.1819941916747338,0.7019839999999963,0.84,0.84
18406,tdc_full,0.8333333333333334,0.2777777777777778,0.15688161693936478,0.6907199999999963,0.8322836122460292,0.907287350787784
18406,simple_matched_Q,0.8333333333333334,0.2777777777777778,0.15688161693936478,0.6907199999999963,0.8322836122460292,0.907287350787784
18406,simple_matched_Q_anticapture,0.8333333333333334,0.2777777777777778,0.15688161693936478,0.6907199999999963,0.8322836122460292,0.907287350787784
18406,simple_static_q084,0.8222222222222222,0.28888888888888886,0.15591915303176132,0.7109955555555515,0.84,0.84
18407,tdc_full,0.7951807228915663,0.3132530120481928,0.19320388349514564,0.7332577777777746,0.8446258092148827,0.9052413852346974
18407,simple_matched_Q,0.7951807228915663,0.3132530120481928,0.19320388349514564,0.7332577777777746,0.8446258092148827,0.9052413852346974
18407,simple_matched_Q_anticapture,0.7951807228915663,0.3132530120481928,0.19320388349514564,0.7332577777777746,0.8446258092148827,0.9052413852346974
18407,simple_static_q084,0.7710843373493976,0.3373493975903614,0.2058252427184466,0.7169146666666628,0.84,0.84
18408,tdc_full,0.8148148148148148,0.345679012345679,0.22382324687800192,0.6798728888888851,0.8048448058647452,0.9027170519125797
18408,simple_matched_Q,0.8148148148148148,0.345679012345679,0.22382324687800192,0.6798728888888851,0.8048448058647452,0.9027170519125797
18408,simple_matched_Q_anticapture,0.8148148148148148,0.345679012345679,0.22382324687800192,0.6798728888888851,0.8048448058647452,0.9027170519125797
18408,simple_static_q084,0.7901234567901234,0.37037037037037035,0.21037463976945245,0.6912319999999963,0.84,0.84
18409,tdc_full,0.8974358974358975,0.24358974358974358,0.1554907677356657,0.7389759999999971,0.8269739627291189,0.9082560935667051
18409,simple_matched_Q,0.8974358974358975,0.24358974358974358,0.1554907677356657,0.7389759999999971,0.8269739627291189,0.9082560935667051
18409,simple_matched_Q_anticapture,0.8974358974358975,0.24358974358974358,0.1554907677356657,0.7389759999999971,0.8269739627291189,0.9082560935667051
18409,simple_static_q084,0.8974358974358975,0.24358974358974358,0.15937803692905733,0.7520079999999965,0.84,0.84
18410,tdc_full,0.8690476190476191,0.34523809523809523,0.18926829268292683,0.7384942222222188,0.8334625816175772,0.9078998244947636
18410,simple_matched_Q,0.8690476190476191,0.34523809523809523,0.18926829268292683,0.7384942222222188,0.8334625816175772,0.9078998244947636
18410,simple_matched_Q_anticapture,0.8690476190476191,0.34523809523809523,0.18926829268292683,0.7384942222222188,0.8334625816175772,0.9078998244947636
18410,simple_static_q084,0.8214285714285714,0.36904761904761907,0.18536585365853658,0.7386159999999967,0.84,0.84
18411,tdc_full,0.8148148148148148,0.3333333333333333,0.18346774193548387,0.7083679999999966,0.8323518132170498,0.9063769946236593
18411,simple_matched_Q,0.8148148148148148,0.3333333333333333,0.18346774193548387,0.7083679999999966,0.8323518132170498,0.9063769946236593
18411,simple_matched_Q_anticapture,0.8148148148148148,0.3333333333333333,0.18346774193548387,0.7083679999999966,0.8323518132170498,0.9063769946236593
18411,simple_static_q084,0.7407407407407407,0.3950617283950617,0.1743951612903226,0.7216177777777741,0.84,0.84
18412,tdc_full,0.7849462365591398,0.3333333333333333,0.1616939364773821,0.6554977777777746,0.8360574863064377,0.9053477218868284
18412,simple_matched_Q,0.7849462365591398,0.3333333333333333,0.1616939364773821,0.6554977777777746,0.8360574863064377,0.9053477218868284
18412,simple_matched_Q_anticapture,0.7849462365591398,0.3333333333333333,0.1616939364773821,0.6554977777777746,0.8360574863064377,0.9053477218868284
18412,simple_static_q084,0.7634408602150538,0.34408602150537637,0.16554379210779596,0.6646906666666624,0.84,0.84
18413,tdc_full,0.8554216867469879,0.3373493975903614,0.17151162790697674,0.6860266666666632,0.8416535390788104,0.9075742844597336
18413,simple_matched_Q,0.8554216867469879,0.3373493975903614,0.17151162790697674,0.6860266666666632,0.8416535390788104,0.9075742844597336
18413,simple_matched_Q_anticapture,0.8554216867469879,0.3373493975903614,0.17151162790697674,0.6860266666666632,0.8416535390788104,0.9075742844597336
18413,simple_static_q084,0.8313253012048193,0.3614457831325301,0.17926356589147288,0.6817199999999961,0.84,0.84
18414,tdc_full,0.7682926829268293,0.34146341463414637,0.21017274472168906,0.7027102222222186,0.8269065074531341,0.906856042012107
18414,simple_matched_Q,0.7682926829268293,0.34146341463414637,0.21017274472168906,0.7027102222222186,0.8269065074531341,0.906856042012107
18414,simple_matched_Q_anticapture,0.7682926829268293,0.34146341463414637,0.21017274472168906,0.7027102222222186,0.8269065074531341,0.906856042012107
18414,simple_static_q084,0.7560975609756098,0.35365853658536583,0.20825335892514396,0.7138942222222182,0.84,0.84
18415,tdc_full,0.8470588235294118,0.29411764705882354,0.19,0.6918835555555524,0.8252597137418362,0.9060366685822071
18415,simple_matched_Q,0.8470588235294118,0.29411764705882354,0.19,0.6918835555555524,0.8252597137418362,0.9060366685822071
18415,simple_matched_Q_anticapture,0.8470588235294118,0.29411764705882354,0.19,0.6918835555555524,0.8252597137418362,0.9060366685822071
18415,simple_static_q084,0.8235294117647058,0.3176470588235294,0.197,0.702243555555552,0.84,0.84
18416,tdc_full,0.896551724137931,0.28735632183908044,0.17248062015503876,0.7166159999999965,0.8286299010662967,0.9056506268311725
18416,simple_matched_Q,0.896551724137931,0.28735632183908044,0.17248062015503876,0.7166159999999965,0.8286299010662967,0.9056506268311725
18416,simple_matched_Q_anticapture,0.896551724137931,0.28735632183908044,0.17248062015503876,0.7166159999999965,0.8286299010662967,0.9056506268311725
18416,simple_static_q084,0.8735632183908046,0.3103448275862069,0.17248062015503876,0.7216471111111077,0.84,0.84
18417,tdc_full,0.7402597402597403,0.4155844155844156,0.19332679097154074,0.6796462222222183,0.8359786582758795,0.9031903713722365
18417,simple_matched_Q,0.7402597402597403,0.4155844155844156,0.19332679097154074,0.6796462222222183,0.8359786582758795,0.9031903713722365
18417,simple_matched_Q_anticapture,0.7402597402597403,0.4155844155844156,0.19332679097154074,0.6796462222222183,0.8359786582758795,0.9031903713722365
18417,simple_static_q084,0.6883116883116883,0.44155844155844154,0.19528949950932287,0.6721599999999959,0.84,0.84
18418,tdc_full,0.8356164383561644,0.3424657534246575,0.1718146718146718,0.7063333333333297,0.8449847252751246,0.9065329847968893
18418,simple_matched_Q,0.8356164383561644,0.3424657534246575,0.1718146718146718,0.7063333333333297,0.8449847252751246,0.9065329847968893
18418,simple_matched_Q_anticapture,0.8356164383561644,0.3424657534246575,0.1718146718146718,0.7063333333333297,0.8449847252751246,0.9065329847968893
18418,simple_static_q084,0.821917808219178,0.3424657534246575,0.1805019305019305,0.7170151111111074,0.84,0.84
18419,tdc_full,0.8,0.34,0.17244796828543113,0.7053333333333296,0.8441908109746461,0.9073467218496027
18419,simple_matched_Q,0.8,0.34,0.17244796828543113,0.7053333333333296,0.8441908109746461,0.9073467218496027
18419,simple_matched_Q_anticapture,0.8,0.34,0.17244796828543113,0.7053333333333296,0.8441908109746461,0.9073467218496027
18419,simple_static_q084,0.76,0.38,0.18830525272547077,0.698541333333329,0.84,0.84
18420,tdc_full,0.8207547169811321,0.2830188679245283,0.17745098039215687,0.7058044444444409,0.822427128182567,0.9084114298303552
18420,simple_matched_Q,0.8207547169811321,0.2830188679245283,0.17745098039215687,0.7058044444444409,0.822427128182567,0.9084114298303552
18420,simple_matched_Q_anticapture,0.8207547169811321,0.2830188679245283,0.17745098039215687,0.7058044444444409,0.822427128182567,0.9084114298303552
18420,simple_static_q084,0.7735849056603774,0.32075471698113206,0.1676470588235294,0.7122479999999961,0.84,0.84
18421,tdc_full,0.788235294117647,0.35294117647058826,0.18172888015717092,0.6804391111111071,0.8234268833184659,0.9036904968503363
18421,simple_matched_Q,0.788235294117647,0.35294117647058826,0.18172888015717092,0.6804391111111071,0.8234268833184659,0.9036904968503363
18421,simple_matched_Q_anticapture,0.788235294117647,0.35294117647058826,0.18172888015717092,0.6804391111111071,0.8234268833184659,0.9036904968503363
18421,simple_static_q084,0.7647058823529411,0.36470588235294116,0.16601178781925344,0.7016124444444403,0.84,0.84
18422,tdc_full,0.8666666666666667,0.36,0.18851674641148325,0.7069173333333301,0.8270390332368889,0.9050294076904596
18422,simple_matched_Q,0.8666666666666667,0.36,0.18851674641148325,0.7069173333333301,0.8270390332368889,0.9050294076904596
18422,simple_matched_Q_anticapture,0.8666666666666667,0.36,0.18851674641148325,0.7069173333333301,0.8270390332368889,0.9050294076904596
18422,simple_static_q084,0.84,0.38666666666666666,0.18373205741626794,0.7157102222222185,0.84,0.84
18423,tdc_full,0.8470588235294118,0.29411764705882354,0.1948176583493282,0.6920515555555526,0.8345490794263059,0.906938047832053
18423,simple_matched_Q,0.8470588235294118,0.29411764705882354,0.1948176583493282,0.6920515555555526,0.8345490794263059,0.906938047832053
18423,simple_matched_Q_anticapture,0.8470588235294118,0.29411764705882354,0.1948176583493282,0.6920515555555526,0.8345490794263059,0.906938047832053
18423,simple_static_q084,0.7647058823529411,0.36470588235294116,0.18618042226487524,0.6987733333333301,0.84,0.84
18424,tdc_full,0.8690476190476191,0.2619047619047619,0.19485657764589515,0.6792426666666634,0.8248856891773791,0.9067076276835022
18424,simple_matched_Q,0.8690476190476191,0.2619047619047619,0.19485657764589515,0.6792426666666634,0.8248856891773791,0.9067076276835022
18424,simple_matched_Q_anticapture,0.8690476190476191,0.2619047619047619,0.19485657764589515,0.6792426666666634,0.8248856891773791,0.9067076276835022
18424,simple_static_q084,0.8452380952380952,0.27380952380952384,0.18496538081107813,0.6898559999999962,0.84,0.84
18425,tdc_full,0.7586206896551724,0.39080459770114945,0.1701923076923077,0.6614524444444405,0.8293856140736424,0.9044552583315462
18425,simple_matched_Q,0.7586206896551724,0.39080459770114945,0.1701923076923077,0.6614524444444405,0.8293856140736424,0.9044552583315462
18425,simple_matched_Q_anticapture,0.7586206896551724,0.39080459770114945,0.1701923076923077,0.6614524444444405,0.8293856140736424,0.9044552583315462
18425,simple_static_q084,0.735632183908046,0.40229885057471265,0.16442307692307692,0.6551546666666626,0.84,0.84
18426,tdc_full,0.8777777777777778,0.26666666666666666,0.16490891658676893,0.6954239999999966,0.8302177253116194,0.9078254655813545
18426,simple_matched_Q,0.8777777777777778,0.26666666666666666,0.16490891658676893,0.6954239999999966,0.8302177253116194,0.9078254655813545
18426,simple_matched_Q_anticapture,0.8777777777777778,0.26666666666666666,0.16490891658676893,0.6954239999999966,0.8302177253116194,0.9078254655813545
18426,simple_static_q084,0.8222222222222222,0.32222222222222224,0.16682646212847554,0.6978648888888849,0.84,0.84
18427,tdc_full,0.8717948717948718,0.38461538461538464,0.15937803692905733,0.7286542222222187,0.835340567353658,0.9068872944006385
18427,simple_matched_Q,0.8717948717948718,0.38461538461538464,0.15937803692905733,0.7286542222222187,0.835340567353658,0.9068872944006385
18427,simple_matched_Q_anticapture,0.8717948717948718,0.38461538461538464,0.15937803692905733,0.7286542222222187,0.835340567353658,0.9068872944006385
18427,simple_static_q084,0.8333333333333334,0.41025641025641024,0.15840621963070942,0.7291084444444405,0.84,0.84
18428,tdc_full,0.8235294117647058,0.32941176470588235,0.20096618357487922,0.7060435555555516,0.8200427358040219,0.9059902817077832
18428,simple_matched_Q,0.8235294117647058,0.32941176470588235,0.20096618357487922,0.7060435555555516,0.8200427358040219,0.9059902817077832
18428,simple_matched_Q_anticapture,0.8235294117647058,0.32941176470588235,0.20096618357487922,0.7060435555555516,0.8200427358040219,0.9059902817077832
18428,simple_static_q084,0.8117647058823529,0.3411764705882353,0.1855072463768116,0.7326782222222186,0.84,0.84
18429,tdc_full,0.7931034482758621,0.28735632183908044,0.17342130065975495,0.7270142222222187,0.8435481583287484,0.906493998715969
18429,simple_matched_Q,0.7931034482758621,0.28735632183908044,0.17342130065975495,0.7270142222222187,0.8435481583287484,0.906493998715969
18429,simple_matched_Q_anticapture,0.7931034482758621,0.28735632183908044,0.17342130065975495,0.7270142222222187,0.8435481583287484,0.906493998715969
18429,simple_static_q084,0.7816091954022989,0.2988505747126437,0.19227144203581528,0.7331164444444407,0.84,0.84
18430,tdc_full,0.8461538461538461,0.3076923076923077,0.17369970559371933,0.670606222222218,0.8315059216104698,0.9050638251083678
18430,simple_matched_Q,0.8461538461538461,0.3076923076923077,0.17369970559371933,0.670606222222218,0.8315059216104698,0.9050638251083678
18430,simple_matched_Q_anticapture,0.8461538461538461,0.3076923076923077,0.17369970559371933,0.670606222222218,0.8315059216104698,0.9050638251083678
18430,simple_static_q084,0.8021978021978022,0.3516483516483517,0.17958783120706576,0.6687982222222177,0.84,0.84
18431,tdc_full,0.8690476190476191,0.2619047619047619,0.19649805447470817,0.6645742222222183,0.8183244401362783,0.9024797701749463
18431,simple_matched_Q,0.8690476190476191,0.2619047619047619,0.19649805447470817,0.6645742222222183,0.8183244401362783,0.9024797701749463
18431,simple_matched_Q_anticapture,0.8690476190476191,0.2619047619047619,0.19649805447470817,0.6645742222222183,0.8183244401362783,0.9024797701749463
18431,simple_static_q084,0.8333333333333334,0.2857142857142857,0.1819066147859922,0.6836782222222185,0.84,0.84
18432,tdc_full,0.8775510204081632,0.2857142857142857,0.20248328557784145,0.6842115555555518,0.8244427177018879,0.907013909892803
18432,simple_matched_Q,0.8775510204081632,0.2857142857142857,0.20248328557784145,0.6842115555555518,0.8244427177018879,0.907013909892803
18432,simple_matched_Q_anticapture,0.8775510204081632,0.2857142857142857,0.20248328557784145,0.6842115555555518,0.8244427177018879,0.907013909892803
18432,simple_static_q084,0.8469387755102041,0.29591836734693877,0.19484240687679083,0.699039999999996,0.84,0.84
18433,tdc_full,0.7578947368421053,0.4105263157894737,0.15692007797270954,0.6937368888888852,0.8357231003609388,0.9054430138168197
18433,simple_matched_Q,0.7578947368421053,0.4105263157894737,0.15692007797270954,0.6937368888888852,0.8357231003609388,0.9054430138168197
18433,simple_matched_Q_anticapture,0.7578947368421053,0.4105263157894737,0.15692007797270954,0.6937368888888852,0.8357231003609388,0.9054430138168197
18433,simple_static_q084,0.7578947368421053,0.4105263157894737,0.17543859649122806,0.7045093333333294,0.84,0.84
18434,tdc_full,0.863013698630137,0.273972602739726,0.16977428851815504,0.7089528888888855,0.8314306973250193,0.9079260101492586
18434,simple_matched_Q,0.863013698630137,0.273972602739726,0.16977428851815504,0.7089528888888855,0.8314306973250193,0.9079260101492586
18434,simple_matched_Q_anticapture,0.863013698630137,0.273972602739726,0.16977428851815504,0.7089528888888855,0.8314306973250193,0.9079260101492586
18434,simple_static_q084,0.8356164383561644,0.3013698630136986,0.16584887144259078,0.7076204444444409,0.84,0.84
18435,tdc_full,0.8876404494382022,0.25842696629213485,0.19159335288367546,0.706786666666663,0.824510242747635,0.9077547194597664
18435,simple_matched_Q,0.8876404494382022,0.25842696629213485,0.19159335288367546,0.706786666666663,0.824510242747635,0.9077547194597664
18435,simple_matched_Q_anticapture,0.8876404494382022,0.25842696629213485,0.19159335288367546,0.706786666666663,0.824510242747635,0.9077547194597664
18435,simple_static_q084,0.8764044943820225,0.2696629213483146,0.18181818181818182,0.7193324444444408,0.84,0.84
18436,tdc_full,0.8809523809523809,0.27380952380952384,0.1640625,0.6761475555555523,0.8290388975202976,0.9072280194317164
18436,simple_matched_Q,0.8809523809523809,0.27380952380952384,0.1640625,0.6761475555555523,0.8290388975202976,0.9072280194317164
18436,simple_matched_Q_anticapture,0.8809523809523809,0.27380952380952384,0.1640625,0.6761475555555523,0.8290388975202976,0.9072280194317164
18436,simple_static_q084,0.8333333333333334,0.32142857142857145,0.16796875,0.682763555555552,0.84,0.84
18437,tdc_full,0.8169014084507042,0.3380281690140845,0.1767578125,0.7111324444444406,0.8280856366571748,0.9077694080070435
18437,simple_matched_Q,0.8169014084507042,0.3380281690140845,0.1767578125,0.7111324444444406,0.8280856366571748,0.9077694080070435
18437,simple_matched_Q_anticapture,0.8169014084507042,0.3380281690140845,0.1767578125,0.7111324444444406,0.8280856366571748,0.9077694080070435
18437,simple_static_q084,0.7887323943661971,0.36619718309859156,0.177734375,0.7203119999999958,0.84,0.84
18438,tdc_full,0.8705882352941177,0.3058823529411765,0.2133204633204633,0.6718497777777734,0.8244821458550194,0.9051449423481619
18438,simple_matched_Q,0.8705882352941177,0.3058823529411765,0.2133204633204633,0.6718497777777734,0.8244821458550194,0.9051449423481619
18438,simple_matched_Q_anticapture,0.8705882352941177,0.3058823529411765,0.2133204633204633,0.6718497777777734,0.8244821458550194,0.9051449423481619
18438,simple_static_q084,0.8235294117647058,0.32941176470588235,0.2084942084942085,0.6853608888888847,0.84,0.84
18439,tdc_full,0.8235294117647058,0.29411764705882354,0.16144814090019569,0.6962382222222193,0.8346757348275025,0.9059379255714877
18439,simple_matched_Q,0.8235294117647058,0.29411764705882354,0.16144814090019569,0.6962382222222193,0.8346757348275025,0.9059379255714877
18439,simple_matched_Q_anticapture,0.8235294117647058,0.29411764705882354,0.16144814090019569,0.6962382222222193,0.8346757348275025,0.9059379255714877
18439,simple_static_q084,0.8,0.3058823529411765,0.17416829745596868,0.7129573333333299,0.84,0.84
18440,tdc_full,0.8061224489795918,0.3469387755102041,0.18461538461538463,0.696632888888885,0.8264374318108059,0.9085569419420366
18440,simple_matched_Q,0.8061224489795918,0.3469387755102041,0.18461538461538463,0.696632888888885,0.8264374318108059,0.9085569419420366
18440,simple_matched_Q_anticapture,0.8061224489795918,0.3469387755102041,0.18461538461538463,0.696632888888885,0.8264374318108059,0.9085569419420366
18440,simple_static_q084,0.7857142857142857,0.3673469387755102,0.17884615384615385,0.7055893333333293,0.84,0.84
18441,tdc_full,0.8,0.32222222222222224,0.1888454011741683,0.6996542222222185,0.817017525480847,0.9049477588216066
18441,simple_matched_Q,0.8,0.32222222222222224,0.1888454011741683,0.6996542222222185,0.817017525480847,0.9049477588216066
18441,simple_matched_Q_anticapture,0.8,0.32222222222222224,0.1888454011741683,0.6996542222222185,0.817017525480847,0.9049477588216066
18441,simple_static_q084,0.8,0.32222222222222224,0.17906066536203522,0.7136408888888851,0.84,0.84
18442,tdc_full,0.8791208791208791,0.31868131868131866,0.197495183044316,0.6916959999999961,0.8232216259577965,0.9035501159316286
18442,simple_matched_Q,0.8791208791208791,0.31868131868131866,0.197495183044316,0.6916959999999961,0.8232216259577965,0.9035501159316286
18442,simple_matched_Q_anticapture,0.8791208791208791,0.31868131868131866,0.197495183044316,0.6916959999999961,0.8232216259577965,0.9035501159316286
18442,simple_static_q084,0.8461538461538461,0.34065934065934067,0.1994219653179191,0.7029013333333294,0.84,0.84
18443,tdc_full,0.8266666666666667,0.32,0.18902439024390244,0.6908506666666633,0.816671253096939,0.9035622335956526
18443,simple_matched_Q,0.8266666666666667,0.32,0.18902439024390244,0.6908506666666633,0.816671253096939,0.9035622335956526
18443,simple_matched_Q_anticapture,0.8266666666666667,0.32,0.18902439024390244,0.6908506666666633,0.816671253096939,0.9035622335956526
18443,simple_static_q084,0.7733333333333333,0.3466666666666667,0.17073170731707318,0.6950639999999962,0.84,0.84
18444,tdc_full,0.7938144329896907,0.31958762886597936,0.1939275220372184,0.677833777777774,0.8171813560221495,0.9056244538481302
18444,simple_matched_Q,0.7938144329896907,0.31958762886597936,0.1939275220372184,0.677833777777774,0.8171813560221495,0.9056244538481302
18444,simple_matched_Q_anticapture,0.7938144329896907,0.31958762886597936,0.1939275220372184,0.677833777777774,0.8171813560221495,0.9056244538481302
18444,simple_static_q084,0.7835051546391752,0.32989690721649484,0.1831537708129285,0.6955413333333293,0.84,0.84
18445,tdc_full,0.8539325842696629,0.34831460674157305,0.19884169884169883,0.6949199999999964,0.8259956456447628,0.9070035393231822
18445,simple_matched_Q,0.8539325842696629,0.34831460674157305,0.19884169884169883,0.6949199999999964,0.8259956456447628,0.9070035393231822
18445,simple_matched_Q_anticapture,0.8539325842696629,0.34831460674157305,0.19884169884169883,0.6949199999999964,0.8259956456447628,0.9070035393231822
18445,simple_static_q084,0.8089887640449438,0.38202247191011235,0.19401544401544402,0.6992568888888848,0.84,0.84
18446,tdc_full,0.8309859154929577,0.3380281690140845,0.18199802176063304,0.6771173333333298,0.8210790408183277,0.9018452660733924
18446,simple_matched_Q,0.8309859154929577,0.3380281690140845,0.18199802176063304,0.6771173333333298,0.8210790408183277,0.9018452660733924
18446,simple_matched_Q_anticapture,0.8309859154929577,0.3380281690140845,0.18199802176063304,0.6771173333333298,0.8210790408183277,0.9018452660733924
18446,simple_static_q084,0.8028169014084507,0.352112676056338,0.17507418397626112,0.7010648888888853,0.84,0.84
18447,tdc_full,0.8913043478260869,0.2608695652173913,0.1973051010587103,0.6889386666666633,0.8271354125600202,0.9053821455698063
18447,simple_matched_Q,0.8913043478260869,0.2608695652173913,0.1973051010587103,0.6889386666666633,0.8271354125600202,0.9053821455698063
18447,simple_matched_Q_anticapture,0.8913043478260869,0.2608695652173913,0.1973051010587103,0.6889386666666633,0.8271354125600202,0.9053821455698063
18447,simple_static_q084,0.8586956521739131,0.2826086956521739,0.18864292589027912,0.6969928888888853,0.84,0.84
18448,tdc_full,0.7647058823529411,0.35294117647058826,0.1814556331006979,0.7098657777777746,0.8341210610825834,0.9052433179489217
18448,simple_matched_Q,0.7647058823529411,0.35294117647058826,0.1814556331006979,0.7098657777777746,0.8341210610825834,0.9052433179489217
18448,simple_matched_Q_anticapture,0.7647058823529411,0.35294117647058826,0.1814556331006979,0.7098657777777746,0.8341210610825834,0.9052433179489217
18448,simple_static_q084,0.7411764705882353,0.3764705882352941,0.193419740777667,0.7045715555555522,0.84,0.84
18449,tdc_full,0.8586956521739131,0.31521739130434784,0.2041216879293425,0.70371733333333,0.8272640643915525,0.906992295138244
18449,simple_matched_Q,0.8586956521739131,0.31521739130434784,0.2041216879293425,0.70371733333333,0.8272640643915525,0.906992295138244
18449,simple_matched_Q_anticapture,0.8586956521739131,0.31521739130434784,0.2041216879293425,0.70371733333333,0.8272640643915525,0.906992295138244
18449,simple_static_q084,0.8043478260869565,0.358695652173913,0.19528949950932287,0.7054942222222188,0.84,0.84
18450,tdc_full,0.7931034482758621,0.3333333333333333,0.20078740157480315,0.6871235555555514,0.8338302658099301,0.9049715859141172
18450,simple_matched_Q,0.7931034482758621,0.3333333333333333,0.20078740157480315,0.6871235555555514,0.8338302658099301,0.9049715859141172
18450,simple_matched_Q_anticapture,0.7931034482758621,0.3333333333333333,0.20078740157480315,0.6871235555555514,0.8338302658099301,0.9049715859141172
18450,simple_static_q084,0.7586206896551724,0.367816091954023,0.19783464566929135,0.6972222222222183,0.84,0.84
18451,tdc_full,0.8235294117647058,0.32941176470588235,0.17271835132482827,0.7045057777777741,0.8338656291126438,0.9066235691880348
18451,simple_matched_Q,0.8235294117647058,0.32941176470588235,0.17271835132482827,0.7045057777777741,0.8338656291126438,0.9066235691880348
18451,simple_matched_Q_anticapture,0.8235294117647058,0.32941176470588235,0.17271835132482827,0.7045057777777741,0.8338656291126438,0.9066235691880348
18451,simple_static_q084,0.7764705882352941,0.36470588235294116,0.1746810598626104,0.7027875555555517,0.84,0.84
18452,tdc_full,0.7857142857142857,0.36904761904761907,0.19207920792079208,0.6675048888888845,0.8199908799462029,0.9033811140457048
18452,simple_matched_Q,0.7857142857142857,0.36904761904761907,0.19207920792079208,0.6675048888888845,0.8199908799462029,0.9033811140457048
18452,simple_matched_Q_anticapture,0.7857142857142857,0.36904761904761907,0.19207920792079208,0.6675048888888845,0.8199908799462029,0.9033811140457048
18452,simple_static_q084,0.7380952380952381,0.4166666666666667,0.18415841584158416,0.675184888888885,0.84,0.84
18453,tdc_full,0.8651685393258427,0.24719101123595505,0.168141592920354,0.7052986666666629,0.8290567182485443,0.9075907832300841
18453,simple_matched_Q,0.8651685393258427,0.24719101123595505,0.168141592920354,0.7052986666666629,0.8290567182485443,0.9075907832300841
18453,simple_matched_Q_anticapture,0.8651685393258427,0.24719101123595505,0.168141592920354,0.7052986666666629,0.8290567182485443,0.9075907832300841
18453,simple_static_q084,0.7752808988764045,0.3258426966292135,0.16125860373647985,0.7043119999999963,0.84,0.84
18454,tdc_full,0.9042553191489362,0.23404255319148937,0.181640625,0.7193999999999966,0.8323934394390545,0.9092585373443204
18454,simple_matched_Q,0.9042553191489362,0.23404255319148937,0.181640625,0.7193999999999966,0.8323934394390545,0.9092585373443204
18454,simple_matched_Q_anticapture,0.9042553191489362,0.23404255319148937,0.181640625,0.7193999999999966,0.8323934394390545,0.9092585373443204
18454,simple_static_q084,0.851063829787234,0.26595744680851063,0.1748046875,0.7332239999999965,0.84,0.84
18455,tdc_full,0.8191489361702128,0.2765957446808511,0.1910891089108911,0.7032924444444408,0.8223251286275904,0.9068641531776214
18455,simple_matched_Q,0.8191489361702128,0.2765957446808511,0.1910891089108911,0.7032924444444408,0.8223251286275904,0.9068641531776214
18455,simple_matched_Q_anticapture,0.8191489361702128,0.2765957446808511,0.1910891089108911,0.7032924444444408,0.8223251286275904,0.9068641531776214
18455,simple_static_q084,0.7978723404255319,0.2978723404255319,0.18514851485148515,0.7141857777777741,0.84,0.84
18456,tdc_full,0.7802197802197802,0.4065934065934066,0.17769002961500494,0.6731991111111074,0.8352337374114757,0.9005873022239377
18456,simple_matched_Q,0.7802197802197802,0.4065934065934066,0.17769002961500494,0.6731991111111074,0.8352337374114757,0.9005873022239377
18456,simple_matched_Q_anticapture,0.7802197802197802,0.4065934065934066,0.17769002961500494,0.6731991111111074,0.8352337374114757,0.9005873022239377
18456,simple_static_q084,0.7032967032967034,0.4835164835164835,0.1885488647581441,0.6722977777777742,0.84,0.84
18457,tdc_full,0.7872340425531915,0.35106382978723405,0.17448979591836736,0.690245333333329,0.8382222817563673,0.9041677998468522
18457,simple_matched_Q,0.7872340425531915,0.35106382978723405,0.17448979591836736,0.690245333333329,0.8382222817563673,0.9041677998468522
18457,simple_matched_Q_anticapture,0.7872340425531915,0.35106382978723405,0.17448979591836736,0.690245333333329,0.8382222817563673,0.9041677998468522
18457,simple_static_q084,0.7446808510638298,0.39361702127659576,0.1816326530612245,0.6923075555555516,0.84,0.84
18458,tdc_full,0.8,0.3473684210526316,0.19227053140096617,0.6741288888888848,0.8235530361759329,0.9036266380049126
18458,simple_matched_Q,0.8,0.3473684210526316,0.19227053140096617,0.6741288888888848,0.8235530361759329,0.9036266380049126
18458,simple_matched_Q_anticapture,0.8,0.3473684210526316,0.19227053140096617,0.6741288888888848,0.8235530361759329,0.9036266380049126
18458,simple_static_q084,0.7789473684210526,0.3684210526315789,0.18647342995169083,0.6829644444444405,0.84,0.84
18459,tdc_full,0.8571428571428571,0.26373626373626374,0.17087967644084934,0.7097955555555518,0.840040407957344,0.9088925857893817
18459,simple_matched_Q,0.8571428571428571,0.26373626373626374,0.17087967644084934,0.7097955555555518,0.840040407957344,0.9088925857893817
18459,simple_matched_Q_anticapture,0.8571428571428571,0.26373626373626374,0.17087967644084934,0.7097955555555518,0.840040407957344,0.9088925857893817
18459,simple_static_q084,0.8131868131868132,0.3076923076923077,0.18099089989888775,0.7210071111111069,0.84,0.84
18460,tdc_full,0.8586956521739131,0.20652173913043478,0.18725868725868725,0.7229199999999962,0.828575523592869,0.9096108367965102
18460,simple_matched_Q,0.8586956521739131,0.20652173913043478,0.18725868725868725,0.7229199999999962,0.828575523592869,0.9096108367965102
18460,simple_matched_Q_anticapture,0.8586956521739131,0.20652173913043478,0.18725868725868725,0.7229199999999962,0.828575523592869,0.9096108367965102
18460,simple_static_q084,0.8152173913043478,0.25,0.18532818532818532,0.723183999999996,0.84,0.84
18461,tdc_full,0.8210526315789474,0.3473684210526316,0.1974459724950884,0.6880817777777736,0.8348157072654648,0.9049256525542237
18461,simple_matched_Q,0.8210526315789474,0.3473684210526316,0.1974459724950884,0.6880817777777736,0.8348157072654648,0.9049256525542237
18461,simple_matched_Q_anticapture,0.8210526315789474,0.3473684210526316,0.1974459724950884,0.6880817777777736,0.8348157072654648,0.9049256525542237
18461,simple_static_q084,0.7789473684210526,0.3684210526315789,0.1994106090373281,0.6908337777777738,0.84,0.84
18462,tdc_full,0.8072289156626506,0.3614457831325301,0.1867704280155642,0.6773404444444409,0.8298839133043566,0.905277587043885
18462,simple_matched_Q,0.8072289156626506,0.3614457831325301,0.1867704280155642,0.6773404444444409,0.8298839133043566,0.905277587043885
18462,simple_matched_Q_anticapture,0.8072289156626506,0.3614457831325301,0.1867704280155642,0.6773404444444409,0.8298839133043566,0.905277587043885
18462,simple_static_q084,0.7590361445783133,0.39759036144578314,0.1828793774319066,0.6989733333333293,0.84,0.84
18463,tdc_full,0.7934782608695652,0.40217391304347827,0.18929633300297324,0.6807982222222182,0.8227657695551149,0.9032830956320694
18463,simple_matched_Q,0.7934782608695652,0.40217391304347827,0.18929633300297324,0.6807982222222182,0.8227657695551149,0.9032830956320694
18463,simple_matched_Q_anticapture,0.7934782608695652,0.40217391304347827,0.18929633300297324,0.6807982222222182,0.8227657695551149,0.9032830956320694
18463,simple_static_q084,0.7391304347826086,0.45652173913043476,0.17542120911793854,0.6877342222222182,0.84,0.84
18464,tdc_full,0.8170731707317073,0.32926829268292684,0.1980487804878049,0.6938213333333298,0.826408143851609,0.9059703262994545
18464,simple_matched_Q,0.8170731707317073,0.32926829268292684,0.1980487804878049,0.6938213333333298,0.826408143851609,0.9059703262994545
18464,simple_matched_Q_anticapture,0.8170731707317073,0.32926829268292684,0.1980487804878049,0.6938213333333298,0.826408143851609,0.9059703262994545
18464,simple_static_q084,0.7560975609756098,0.3780487804878049,0.19609756097560976,0.7134568888888849,0.84,0.84
18465,tdc_full,0.863013698630137,0.2465753424657534,0.19573643410852712,0.6805937777777743,0.8322770093001072,0.9063335658022481
18465,simple_matched_Q,0.863013698630137,0.2465753424657534,0.19573643410852712,0.6805937777777743,0.8322770093001072,0.9063335658022481
18465,simple_matched_Q_anticapture,0.863013698630137,0.2465753424657534,0.19573643410852712,0.6805937777777743,0.8322770093001072,0.9063335658022481
18465,simple_static_q084,0.8082191780821918,0.3013698630136986,0.18604651162790697,0.6754897777777743,0.84,0.84
18466,tdc_full,0.8539325842696629,0.2247191011235955,0.19584569732937684,0.7107546666666633,0.8276782315023599,0.9082958782155705
18466,simple_matched_Q,0.8539325842696629,0.2247191011235955,0.19584569732937684,0.7107546666666633,0.8276782315023599,0.9082958782155705
18466,simple_matched_Q_anticapture,0.8539325842696629,0.2247191011235955,0.19584569732937684,0.7107546666666633,0.8276782315023599,0.9082958782155705
18466,simple_static_q084,0.7865168539325843,0.29213483146067415,0.20276953511374876,0.7192275555555522,0.84,0.84
18467,tdc_full,0.8780487804878049,0.3048780487804878,0.21183206106870228,0.6830213333333293,0.806997625911455,0.9027454959863537
18467,simple_matched_Q,0.8780487804878049,0.3048780487804878,0.21183206106870228,0.6830213333333293,0.806997625911455,0.9027454959863537
18467,simple_matched_Q_anticapture,0.8780487804878049,0.3048780487804878,0.21183206106870228,0.6830213333333293,0.806997625911455,0.9027454959863537
18467,simple_static_q084,0.8536585365853658,0.3170731707317073,0.1898854961832061,0.6908639999999961,0.84,0.84
18468,tdc_full,0.8461538461538461,0.26373626373626374,0.17681728880157171,0.7058222222222188,0.821512862918666,0.9085411592677735
18468,simple_matched_Q,0.8461538461538461,0.26373626373626374,0.17681728880157171,0.7058222222222188,0.821512862918666,0.9085411592677735
18468,simple_matched_Q_anticapture,0.8461538461538461,0.26373626373626374,0.17681728880157171,0.7058222222222188,0.821512862918666,0.9085411592677735
18468,simple_static_q084,0.8021978021978022,0.3076923076923077,0.1719056974459725,0.7102328888888852,0.84,0.84
18469,tdc_full,0.8118811881188119,0.33663366336633666,0.1878121878121878,0.6984666666666631,0.8333910258070963,0.9069997471813181
18469,simple_matched_Q,0.8118811881188119,0.33663366336633666,0.1878121878121878,0.6984666666666631,0.8333910258070963,0.9069997471813181
18469,simple_matched_Q_anticapture,0.8118811881188119,0.33663366336633666,0.1878121878121878,0.6984666666666631,0.8333910258070963,0.9069997471813181
18469,simple_static_q084,0.7920792079207921,0.3564356435643564,0.18981018981018982,0.7037795555555523,0.84,0.84
18470,tdc_full,0.7613636363636364,0.32954545454545453,0.17352941176470588,0.704574222222219,0.8348126939617961,0.9074980615263144
18470,simple_matched_Q,0.7613636363636364,0.32954545454545453,0.17352941176470588,0.704574222222219,0.8348126939617961,0.9074980615263144
18470,simple_matched_Q_anticapture,0.7613636363636364,0.32954545454545453,0.17352941176470588,0.704574222222219,0.8348126939617961,0.9074980615263144
18470,simple_static_q084,0.7272727272727273,0.3522727272727273,0.17254901960784313,0.7153288888888849,0.84,0.84
18471,tdc_full,0.7802197802197802,0.32967032967032966,0.18280632411067194,0.6856924444444406,0.8260399219944914,0.9046958305967431
18471,simple_matched_Q,0.7802197802197802,0.32967032967032966,0.18280632411067194,0.6856924444444406,0.8260399219944914,0.9046958305967431
18471,simple_matched_Q_anticapture,0.7802197802197802,0.32967032967032966,0.18280632411067194,0.6856924444444406,0.8260399219944914,0.9046958305967431
18471,simple_static_q084,0.7582417582417582,0.34065934065934067,0.18379446640316205,0.703768888888885,0.84,0.84
18472,tdc_full,0.8409090909090909,0.29545454545454547,0.17647058823529413,0.6646648888888854,0.8264324854654171,0.9042297826371517
18472,simple_matched_Q,0.8409090909090909,0.29545454545454547,0.17647058823529413,0.6646648888888854,0.8264324854654171,0.9042297826371517
18472,simple_matched_Q_anticapture,0.8409090909090909,0.29545454545454547,0.17647058823529413,0.6646648888888854,0.8264324854654171,0.9042297826371517
18472,simple_static_q084,0.8181818181818182,0.29545454545454547,0.1715686274509804,0.6729671111111072,0.84,0.84
18473,tdc_full,0.7931034482758621,0.3563218390804598,0.17953861584754263,0.6998764444444407,0.8417115793682569,0.9059728482239453
18473,simple_matched_Q,0.7931034482758621,0.3563218390804598,0.17953861584754263,0.6998764444444407,0.8417115793682569,0.9059728482239453
18473,simple_matched_Q_anticapture,0.7931034482758621,0.3563218390804598,0.17953861584754263,0.6998764444444407,0.8417115793682569,0.9059728482239453
18473,simple_static_q084,0.7586206896551724,0.39080459770114945,0.17853560682046138,0.7031697777777738,0.84,0.84
18474,tdc_full,0.8461538461538461,0.2857142857142857,0.20950533462657614,0.6920728888888845,0.8080906735067974,0.9064010783335099
18474,simple_matched_Q,0.8461538461538461,0.2857142857142857,0.20950533462657614,0.6920728888888845,0.8080906735067974,0.9064010783335099
18474,simple_matched_Q_anticapture,0.8461538461538461,0.2857142857142857,0.20950533462657614,0.6920728888888845,0.8080906735067974,0.9064010783335099
18474,simple_static_q084,0.7912087912087912,0.34065934065934067,0.19107662463627545,0.6984595555555516,0.84,0.84
18475,tdc_full,0.8349514563106796,0.2912621359223301,0.15112855740922473,0.6906222222222187,0.8350119726212839,0.908195606265383
18475,simple_matched_Q,0.8349514563106796,0.2912621359223301,0.15112855740922473,0.6906222222222187,0.8350119726212839,0.908195606265383
18475,simple_matched_Q_anticapture,0.8349514563106796,0.2912621359223301,0.15112855740922473,0.6906222222222187,0.8350119726212839,0.908195606265383
18475,simple_static_q084,0.7961165048543689,0.3300970873786408,0.15996074582924436,0.6861431111111073,0.84,0.84
18476,tdc_full,0.8205128205128205,0.3333333333333333,0.19015444015444016,0.6851146666666635,0.8238825788626856,0.9053127738193552
18476,simple_matched_Q,0.8205128205128205,0.3333333333333333,0.19015444015444016,0.6851146666666635,0.8238825788626856,0.9053127738193552
18476,simple_matched_Q_anticapture,0.8205128205128205,0.3333333333333333,0.19015444015444016,0.6851146666666635,0.8238825788626856,0.9053127738193552
18476,simple_static_q084,0.7948717948717948,0.358974358974359,0.17953667953667954,0.7040106666666628,0.84,0.84
18477,tdc_full,0.7922077922077922,0.36363636363636365,0.19921875,0.6596399999999963,0.8211107052235378,0.904930328639977
18477,simple_matched_Q,0.7922077922077922,0.36363636363636365,0.19921875,0.6596399999999963,0.8211107052235378,0.904930328639977
18477,simple_matched_Q_anticapture,0.7922077922077922,0.36363636363636365,0.19921875,0.6596399999999963,0.8211107052235378,0.904930328639977
18477,simple_static_q084,0.7792207792207793,0.37662337662337664,0.1962890625,0.676931555555552,0.84,0.84
18478,tdc_full,0.8380952380952381,0.3047619047619048,0.1483996120271581,0.7014364444444408,0.842244725446081,0.9093851618550706
18478,simple_matched_Q,0.8380952380952381,0.3047619047619048,0.1483996120271581,0.7014364444444408,0.842244725446081,0.9093851618550706
18478,simple_matched_Q_anticapture,0.8380952380952381,0.3047619047619048,0.1483996120271581,0.7014364444444408,0.842244725446081,0.9093851618550706
18478,simple_static_q084,0.780952380952381,0.3619047619047619,0.16488845780795344,0.6914684444444403,0.84,0.84
18479,tdc_full,0.8387096774193549,0.2903225806451613,0.17766990291262136,0.674059555555552,0.8045863027760699,0.9037175239623573
18479,simple_matched_Q,0.8387096774193549,0.2903225806451613,0.17766990291262136,0.674059555555552,0.8045863027760699,0.9037175239623573
18479,simple_matched_Q_anticapture,0.8387096774193549,0.2903225806451613,0.17766990291262136,0.674059555555552,0.8045863027760699,0.9037175239623573
18479,simple_static_q084,0.8172043010752689,0.3118279569892473,0.1679611650485437,0.6928746666666626,0.84,0.84
18480,tdc_full,0.8571428571428571,0.24175824175824176,0.15851272015655576,0.7333511111111077,0.8321012439047053,0.9095689480915525
18480,simple_matched_Q,0.8571428571428571,0.24175824175824176,0.15851272015655576,0.7333511111111077,0.8321012439047053,0.9095689480915525
18480,simple_matched_Q_anticapture,0.8571428571428571,0.24175824175824176,0.15851272015655576,0.7333511111111077,0.8321012439047053,0.9095689480915525
18480,simple_static_q084,0.8021978021978022,0.2967032967032967,0.18199608610567514,0.7353911111111074,0.84,0.84
18481,tdc_full,0.8269230769230769,0.25,0.19533527696793002,0.7014977777777742,0.8321688894342149,0.9074716317058699
18481,simple_matched_Q,0.8269230769230769,0.25,0.19533527696793002,0.7014977777777742,0.8321688894342149,0.9074716317058699
18481,simple_matched_Q_anticapture,0.8269230769230769,0.25,0.19533527696793002,0.7014977777777742,0.8321688894342149,0.9074716317058699
18481,simple_static_q084,0.8076923076923077,0.25961538461538464,0.2001943634596696,0.7104177777777738,0.84,0.84
18482,tdc_full,0.8817204301075269,0.26881720430107525,0.1594059405940594,0.6985146666666631,0.836173289952335,0.906659145618079
18482,simple_matched_Q,0.8817204301075269,0.26881720430107525,0.1594059405940594,0.6985146666666631,0.836173289952335,0.906659145618079
18482,simple_matched_Q_anticapture,0.8817204301075269,0.26881720430107525,0.1594059405940594,0.6985146666666631,0.836173289952335,0.906659145618079
18482,simple_static_q084,0.8602150537634409,0.2903225806451613,0.16930693069306932,0.6948844444444408,0.84,0.84
18483,tdc_full,0.8292682926829268,0.2682926829268293,0.1933867735470942,0.7300373333333299,0.8206480362303263,0.9077934836321964
18483,simple_matched_Q,0.8292682926829268,0.2682926829268293,0.1933867735470942,0.7300373333333299,0.8206480362303263,0.9077934836321964
18483,simple_matched_Q_anticapture,0.8292682926829268,0.2682926829268293,0.1933867735470942,0.7300373333333299,0.8206480362303263,0.9077934836321964
18483,simple_static_q084,0.8048780487804879,0.2804878048780488,0.18036072144288579,0.7499937777777745,0.84,0.84
18484,tdc_full,0.8117647058823529,0.4470588235294118,0.1838161838161838,0.6872693333333293,0.8233022839849949,0.9009282557477276
18484,simple_matched_Q,0.8117647058823529,0.4470588235294118,0.1838161838161838,0.6872693333333293,0.8233022839849949,0.9009282557477276
18484,simple_matched_Q_anticapture,0.8117647058823529,0.4470588235294118,0.1838161838161838,0.6872693333333293,0.8233022839849949,0.9009282557477276
18484,simple_static_q084,0.788235294117647,0.4588235294117647,0.19080919080919082,0.7047182222222181,0.84,0.84
18485,tdc_full,0.872093023255814,0.22093023255813954,0.15578358208955223,0.7129448888888852,0.8473555916017158,0.9085423243044719
18485,simple_matched_Q,0.872093023255814,0.22093023255813954,0.15578358208955223,0.7129448888888852,0.8473555916017158,0.9085423243044719
18485,simple_matched_Q_anticapture,0.872093023255814,0.22093023255813954,0.15578358208955223,0.7129448888888852,0.8473555916017158,0.9085423243044719
18485,simple_static_q084,0.8604651162790697,0.23255813953488372,0.17444029850746268,0.7098622222222177,0.84,0.84
18486,tdc_full,0.8041237113402062,0.32989690721649484,0.1569767441860465,0.6958702222222193,0.8328323423169172,0.9067028494265228
18486,simple_matched_Q,0.8041237113402062,0.32989690721649484,0.1569767441860465,0.6958702222222193,0.8328323423169172,0.9067028494265228
18486,simple_matched_Q_anticapture,0.8041237113402062,0.32989690721649484,0.1569767441860465,0.6958702222222193,0.8328323423169172,0.9067028494265228
18486,simple_static_q084,0.7835051546391752,0.35051546391752575,0.15988372093023256,0.7081093333333297,0.84,0.84
18487,tdc_full,0.8823529411764706,0.3088235294117647,0.16666666666666666,0.7069813333333304,0.8347040224043425,0.9057277730289184
18487,simple_matched_Q,0.8823529411764706,0.3088235294117647,0.16666666666666666,0.7069813333333304,0.8347040224043425,0.9057277730289184
18487,simple_matched_Q_anticapture,0.8823529411764706,0.3088235294117647,0.16666666666666666,0.7069813333333304,0.8347040224043425,0.9057277730289184
18487,simple_static_q084,0.8529411764705882,0.3382352941176471,0.17140151515151514,0.7146373333333301,0.84,0.84
18488,tdc_full,0.8210526315789474,0.3157894736842105,0.16698656429942418,0.6578453333333294,0.82944771851045,0.9063856179124732
18488,simple_matched_Q,0.8210526315789474,0.3157894736842105,0.16698656429942418,0.6578453333333294,0.82944771851045,0.9063856179124732
18488,simple_matched_Q_anticapture,0.8210526315789474,0.3157894736842105,0.16698656429942418,0.6578453333333294,0.82944771851045,0.9063856179124732
18488,simple_static_q084,0.7684210526315789,0.35789473684210527,0.16794625719769674,0.6624302222222181,0.84,0.84
18489,tdc_full,0.8375,0.3375,0.15864022662889518,0.6797893333333295,0.8335669301648349,0.9053612403022009
18489,simple_matched_Q,0.8375,0.3375,0.15864022662889518,0.6797893333333295,0.8335669301648349,0.9053612403022009
18489,simple_matched_Q_anticapture,0.8375,0.3375,0.15864022662889518,0.6797893333333295,0.8335669301648349,0.9053612403022009
18489,simple_static_q084,0.8125,0.3625,0.16902738432483475,0.6837937777777734,0.84,0.84
18490,tdc_full,0.7976190476190477,0.3333333333333333,0.1596244131455399,0.7104568888888854,0.8370414266419343,0.9065723291319912
18490,simple_matched_Q,0.7976190476190477,0.3333333333333333,0.1596244131455399,0.7104568888888854,0.8370414266419343,0.9065723291319912
18490,simple_matched_Q_anticapture,0.7976190476190477,0.3333333333333333,0.1596244131455399,0.7104568888888854,0.8370414266419343,0.9065723291319912
18490,simple_static_q084,0.7380952380952381,0.39285714285714285,0.1671361502347418,0.7065119999999961,0.84,0.84
18491,tdc_full,0.8736842105263158,0.35789473684210527,0.16830708661417323,0.7132595555555515,0.8301542450255726,0.9059298409477339
18491,simple_matched_Q,0.8736842105263158,0.35789473684210527,0.16830708661417323,0.7132595555555515,0.8301542450255726,0.9059298409477339
18491,simple_matched_Q_anticapture,0.8736842105263158,0.35789473684210527,0.16830708661417323,0.7132595555555515,0.8301542450255726,0.9059298409477339
18491,simple_static_q084,0.8631578947368421,0.3684210526315789,0.1702755905511811,0.7190746666666626,0.84,0.84
18492,tdc_full,0.797979797979798,0.3838383838383838,0.19401544401544402,0.6704595555555518,0.8160525812290228,0.9025435904568075
18492,simple_matched_Q,0.797979797979798,0.3838383838383838,0.19401544401544402,0.6704595555555518,0.8160525812290228,0.9025435904568075
18492,simple_matched_Q_anticapture,0.797979797979798,0.3838383838383838,0.19401544401544402,0.6704595555555518,0.8160525812290228,0.9025435904568075
18492,simple_static_q084,0.7878787878787878,0.3838383838383838,0.17471042471042472,0.6848684444444403,0.84,0.84
18493,tdc_full,0.7816091954022989,0.367816091954023,0.18486590038314177,0.6946133333333299,0.8378346206212265,0.9057987793858597
18493,simple_matched_Q,0.7816091954022989,0.367816091954023,0.18486590038314177,0.6946133333333299,0.8378346206212265,0.9057987793858597
18493,simple_matched_Q_anticapture,0.7816091954022989,0.367816091954023,0.18486590038314177,0.6946133333333299,0.8378346206212265,0.9057987793858597
18493,simple_static_q084,0.7471264367816092,0.40229885057471265,0.19444444444444445,0.6859084444444404,0.84,0.84
18494,tdc_full,0.8131868131868132,0.38461538461538464,0.18830525272547077,0.6783333333333298,0.826299466945683,0.9036843614657779
18494,simple_matched_Q,0.8131868131868132,0.38461538461538464,0.18830525272547077,0.6783333333333298,0.826299466945683,0.9036843614657779
18494,simple_matched_Q_anticapture,0.8131868131868132,0.38461538461538464,0.18830525272547077,0.6783333333333298,0.826299466945683,0.9036843614657779
18494,simple_static_q084,0.7472527472527473,0.4175824175824176,0.18731417244796827,0.7015973333333296,0.84,0.84
18495,tdc_full,0.7472527472527473,0.42857142857142855,0.20306513409961685,0.6292017777777742,0.8182059519456998,0.9001212667577896
18495,simple_matched_Q,0.7472527472527473,0.42857142857142855,0.20306513409961685,0.6292017777777742,0.8182059519456998,0.9001212667577896
18495,simple_matched_Q_anticapture,0.7472527472527473,0.42857142857142855,0.20306513409961685,0.6292017777777742,0.8182059519456998,0.9001212667577896
18495,simple_static_q084,0.7362637362637363,0.43956043956043955,0.1896551724137931,0.6385493333333297,0.84,0.84
18496,tdc_full,0.819047619047619,0.3142857142857143,0.16532258064516128,0.6851973333333291,0.8292188687850152,0.9083366304874052
18496,simple_matched_Q,0.819047619047619,0.3142857142857143,0.16532258064516128,0.6851973333333291,0.8292188687850152,0.9083366304874052
18496,simple_matched_Q_anticapture,0.819047619047619,0.3142857142857143,0.16532258064516128,0.6851973333333291,0.8292188687850152,0.9083366304874052
18496,simple_static_q084,0.8095238095238095,0.3238095238095238,0.17641129032258066,0.693338666666662,0.84,0.84
18497,tdc_full,0.8214285714285714,0.2976190476190476,0.15851272015655576,0.6872088888888863,0.8214927728734522,0.9070045963677871
18497,simple_matched_Q,0.8214285714285714,0.2976190476190476,0.15851272015655576,0.6872088888888863,0.8214927728734522,0.9070045963677871
18497,simple_matched_Q_anticapture,0.8214285714285714,0.2976190476190476,0.15851272015655576,0.6872088888888863,0.8214927728734522,0.9070045963677871
18497,simple_static_q084,0.7738095238095238,0.34523809523809523,0.15557729941291584,0.7033297777777746,0.84,0.84
18498,tdc_full,0.8,0.36666666666666664,0.171875,0.6566657777777739,0.8278112892533183,0.9038196307022368
18498,simple_matched_Q,0.8,0.36666666666666664,0.171875,0.6566657777777739,0.8278112892533183,0.9038196307022368
18498,simple_matched_Q_anticapture,0.8,0.36666666666666664,0.171875,0.6566657777777739,0.8278112892533183,0.9038196307022368
18498,simple_static_q084,0.7555555555555555,0.4111111111111111,0.1650390625,0.6699475555555511,0.84,0.84
18499,tdc_full,0.865979381443299,0.3402061855670103,0.17416829745596868,0.6982622222222189,0.8204281044293065,0.9061286861988735
18499,simple_matched_Q,0.865979381443299,0.3402061855670103,0.17416829745596868,0.6982622222222189,0.8204281044293065,0.9061286861988735
18499,simple_matched_Q_anticapture,0.865979381443299,0.3402061855670103,0.17416829745596868,0.6982622222222189,0.8204281044293065,0.9061286861988735
18499,simple_static_q084,0.845360824742268,0.36082474226804123,0.16144814090019569,0.7224799999999965,0.84,0.84
18500,tdc_full,0.8333333333333334,0.26666666666666666,0.158203125,0.7028231111111078,0.8365119962834034,0.9079996231823839
18500,simple_matched_Q,0.8333333333333334,0.26666666666666666,0.158203125,0.7028231111111078,0.8365119962834034,0.9079996231823839
18500,simple_matched_Q_anticapture,0.8333333333333334,0.26666666666666666,0.158203125,0.7028231111111078,0.8365119962834034,0.9079996231823839
18500,simple_static_q084,0.8,0.3,0.1630859375,0.7000195555555521,0.84,0.84
18501,tdc_full,0.7317073170731707,0.4268292682926829,0.19298245614035087,0.6982764444444406,0.8303247704971644,0.9031306388371511
18501,simple_matched_Q,0.7317073170731707,0.4268292682926829,0.19298245614035087,0.6982764444444406,0.8303247704971644,0.9031306388371511
18501,simple_matched_Q_anticapture,0.7317073170731707,0.4268292682926829,0.19298245614035087,0.6982764444444406,0.8303247704971644,0.9031306388371511
18501,simple_static_q084,0.6951219512195121,0.4634146341463415,0.1783625730994152,0.7110417777777741,0.84,0.84
18502,tdc_full,0.8470588235294118,0.3176470588235294,0.1891891891891892,0.6760853333333299,0.8289068197555468,0.9039647095253571
18502,simple_matched_Q,0.8470588235294118,0.3176470588235294,0.1891891891891892,0.6760853333333299,0.8289068197555468,0.9039647095253571
18502,simple_matched_Q_anticapture,0.8470588235294118,0.3176470588235294,0.1891891891891892,0.6760853333333299,0.8289068197555468,0.9039647095253571
18502,simple_static_q084,0.8117647058823529,0.35294117647058826,0.18518518518518517,0.6821662222222186,0.84,0.84
18503,tdc_full,0.8488372093023255,0.3023255813953488,0.18529411764705883,0.7075884444444411,0.8356112550124684,0.9067569047729385
18503,simple_matched_Q,0.8488372093023255,0.3023255813953488,0.18529411764705883,0.7075884444444411,0.8356112550124684,0.9067569047729385
18503,simple_matched_Q_anticapture,0.8488372093023255,0.3023255813953488,0.18529411764705883,0.7075884444444411,0.8356112550124684,0.9067569047729385
18503,simple_static_q084,0.8255813953488372,0.32558139534883723,0.19019607843137254,0.7073475555555523,0.84,0.84
18504,tdc_full,0.8383838383838383,0.25252525252525254,0.18172888015717092,0.6922133333333299,0.8362145692305998,0.9080373908770175
18504,simple_matched_Q,0.8383838383838383,0.25252525252525254,0.18172888015717092,0.6922133333333299,0.8362145692305998,0.9080373908770175
18504,simple_matched_Q_anticapture,0.8383838383838383,0.25252525252525254,0.18172888015717092,0.6922133333333299,0.8362145692305998,0.9080373908770175
18504,simple_static_q084,0.7878787878787878,0.29292929292929293,0.18271119842829076,0.6955573333333298,0.84,0.84
18505,tdc_full,0.8571428571428571,0.32967032967032966,0.17358490566037735,0.7151004444444407,0.828278295373994,0.9049928243243244
18505,simple_matched_Q,0.8571428571428571,0.32967032967032966,0.17358490566037735,0.7151004444444407,0.828278295373994,0.9049928243243244
18505,simple_matched_Q_anticapture,0.8571428571428571,0.32967032967032966,0.17358490566037735,0.7151004444444407,0.828278295373994,0.9049928243243244
18505,simple_static_q084,0.8131868131868132,0.34065934065934067,0.1641509433962264,0.7249022222222183,0.84,0.84
18506,tdc_full,0.8736842105263158,0.24210526315789474,0.18929254302103252,0.6665439999999966,0.8279736623869224,0.9061715749128934
18506,simple_matched_Q,0.8736842105263158,0.24210526315789474,0.18929254302103252,0.6665439999999966,0.8279736623869224,0.9061715749128934
18506,simple_matched_Q_anticapture,0.8736842105263158,0.24210526315789474,0.18929254302103252,0.6665439999999966,0.8279736623869224,0.9061715749128934
18506,simple_static_q084,0.8526315789473684,0.2631578947368421,0.1835564053537285,0.6862506666666631,0.84,0.84
18507,tdc_full,0.8426966292134831,0.2808988764044944,0.2005842259006816,0.6987368888888851,0.8257321728276724,0.906855388208903
18507,simple_matched_Q,0.8426966292134831,0.2808988764044944,0.2005842259006816,0.6987368888888851,0.8257321728276724,0.906855388208903
18507,simple_matched_Q_anticapture,0.8426966292134831,0.2808988764044944,0.2005842259006816,0.6987368888888851,0.8257321728276724,0.906855388208903
18507,simple_static_q084,0.8202247191011236,0.30337078651685395,0.186952288218111,0.7063475555555516,0.84,0.84
18508,tdc_full,0.9021739130434783,0.2391304347826087,0.1720747295968535,0.7414071111111079,0.8300303766270299,0.9099237187365286
18508,simple_matched_Q,0.9021739130434783,0.2391304347826087,0.1720747295968535,0.7414071111111079,0.8300303766270299,0.9099237187365286
18508,simple_matched_Q_anticapture,0.9021739130434783,0.2391304347826087,0.1720747295968535,0.7414071111111079,0.8300303766270299,0.9099237187365286
18508,simple_static_q084,0.8804347826086957,0.2391304347826087,0.17305801376597837,0.748342222222219,0.84,0.84
18509,tdc_full,0.8686868686868687,0.2828282828282828,0.191793893129771,0.6782453333333297,0.8239997647441297,0.908912161315854
18509,simple_matched_Q,0.8686868686868687,0.2828282828282828,0.191793893129771,0.6782453333333297,0.8239997647441297,0.908912161315854
18509,simple_matched_Q_anticapture,0.8686868686868687,0.2828282828282828,0.191793893129771,0.6782453333333297,0.8239997647441297,0.908912161315854
18509,simple_static_q084,0.8181818181818182,0.31313131313131315,0.18225190839694658,0.6926888888888848,0.84,0.84
18510,tdc_full,0.8554216867469879,0.27710843373493976,0.1963927855711423,0.7047368888888853,0.822019743601553,0.9070587593236696
18510,simple_matched_Q,0.8554216867469879,0.27710843373493976,0.1963927855711423,0.7047368888888853,0.822019743601553,0.9070587593236696
18510,simple_matched_Q_anticapture,0.8554216867469879,0.27710843373493976,0.1963927855711423,0.7047368888888853,0.822019743601553,0.9070587593236696
18510,simple_static_q084,0.8433734939759037,0.2891566265060241,0.17735470941883769,0.7048755555555515,0.84,0.84
18511,tdc_full,0.8082191780821918,0.3287671232876712,0.185546875,0.6983137777777736,0.8246615890273976,0.9056774779506709
18511,simple_matched_Q,0.8082191780821918,0.3287671232876712,0.185546875,0.6983137777777736,0.8246615890273976,0.9056774779506709
18511,simple_matched_Q_anticapture,0.8082191780821918,0.3287671232876712,0.185546875,0.6983137777777736,0.8246615890273976,0.9056774779506709
18511,simple_static_q084,0.7808219178082192,0.3424657534246575,0.1787109375,0.7175955555555509,0.84,0.84
18512,tdc_full,0.8192771084337349,0.27710843373493976,0.17714285714285713,0.719017777777774,0.8275325169208924,0.9061581933254542
18512,simple_matched_Q,0.8192771084337349,0.27710843373493976,0.17714285714285713,0.719017777777774,0.8275325169208924,0.9061581933254542
18512,simple_matched_Q_anticapture,0.8192771084337349,0.27710843373493976,0.17714285714285713,0.719017777777774,0.8275325169208924,0.9061581933254542
18512,simple_static_q084,0.8072289156626506,0.2891566265060241,0.18,0.7261022222222184,0.84,0.84
18513,tdc_full,0.8588235294117647,0.35294117647058826,0.17378351539225423,0.6866897777777742,0.8418221185668875,0.9049922948825457
18513,simple_matched_Q,0.8588235294117647,0.35294117647058826,0.17378351539225423,0.6866897777777742,0.8418221185668875,0.9049922948825457
18513,simple_matched_Q_anticapture,0.8588235294117647,0.35294117647058826,0.17378351539225423,0.6866897777777742,0.8418221185668875,0.9049922948825457
18513,simple_static_q084,0.8470588235294118,0.36470588235294116,0.18768619662363456,0.694507555555552,0.84,0.84
18514,tdc_full,0.8285714285714286,0.34285714285714286,0.1801980198019802,0.7048764444444412,0.82473492421445,0.9040390741283671
18514,simple_matched_Q,0.8285714285714286,0.34285714285714286,0.1801980198019802,0.7048764444444412,0.82473492421445,0.9040390741283671
18514,simple_matched_Q_anticapture,0.8285714285714286,0.34285714285714286,0.1801980198019802,0.7048764444444412,0.82473492421445,0.9040390741283671
18514,simple_static_q084,0.8,0.35714285714285715,0.16534653465346535,0.7125599999999964,0.84,0.84
18515,tdc_full,0.8953488372093024,0.3023255813953488,0.17429406037000975,0.7146382222222184,0.8307077689983533,0.9052196054520517
18515,simple_matched_Q,0.8953488372093024,0.3023255813953488,0.17429406037000975,0.7146382222222184,0.8307077689983533,0.9052196054520517
18515,simple_matched_Q_anticapture,0.8953488372093024,0.3023255813953488,0.17429406037000975,0.7146382222222184,0.8307077689983533,0.9052196054520517
18515,simple_static_q084,0.8837209302325582,0.3023255813953488,0.17721518987341772,0.7179386666666628,0.84,0.84
18516,tdc_full,0.8024691358024691,0.37037037037037035,0.1926782273603083,0.7024693333333297,0.8300585786596069,0.9073488782619836
18516,simple_matched_Q,0.8024691358024691,0.37037037037037035,0.1926782273603083,0.7024693333333297,0.8300585786596069,0.9073488782619836
18516,simple_matched_Q_anticapture,0.8024691358024691,0.37037037037037035,0.1926782273603083,0.7024693333333297,0.8300585786596069,0.9073488782619836
18516,simple_static_q084,0.7777777777777778,0.38271604938271603,0.1859344894026975,0.716857777777774,0.84,0.84
18517,tdc_full,0.9027777777777778,0.2638888888888889,0.192,0.7138479999999959,0.8248869395711963,0.907084657439196
18517,simple_matched_Q,0.9027777777777778,0.2638888888888889,0.192,0.7138479999999959,0.8248869395711963,0.907084657439196
18517,simple_matched_Q_anticapture,0.9027777777777778,0.2638888888888889,0.192,0.7138479999999959,0.8248869395711963,0.907084657439196
18517,simple_static_q084,0.875,0.2916666666666667,0.173,0.7254337777777737,0.84,0.84
18518,tdc_full,0.7647058823529411,0.3411764705882353,0.20400381315538607,0.6906142222222188,0.815176421526888,0.9026999467403909
18518,simple_matched_Q,0.7647058823529411,0.3411764705882353,0.20400381315538607,0.6906142222222188,0.815176421526888,0.9026999467403909
18518,simple_matched_Q_anticapture,0.7647058823529411,0.3411764705882353,0.20400381315538607,0.6906142222222188,0.815176421526888,0.9026999467403909
18518,simple_static_q084,0.7529411764705882,0.3411764705882353,0.19065776930409914,0.7135271111111078,0.84,0.84
18519,tdc_full,0.8777777777777778,0.28888888888888886,0.1713455953533398,0.7185724444444408,0.8348254603775929,0.9082172601714982
18519,simple_matched_Q,0.8777777777777778,0.28888888888888886,0.1713455953533398,0.7185724444444408,0.8348254603775929,0.9082172601714982
18519,simple_matched_Q_anticapture,0.8777777777777778,0.28888888888888886,0.1713455953533398,0.7185724444444408,0.8348254603775929,0.9082172601714982
18519,simple_static_q084,0.8333333333333334,0.3,0.17618586640851888,0.7206231111111074,0.84,0.84
18520,tdc_full,0.8979591836734694,0.29591836734693877,0.1988360814742968,0.6977671111111073,0.8220796986771743,0.9065632450733605
18520,simple_matched_Q,0.8979591836734694,0.29591836734693877,0.1988360814742968,0.6977671111111073,0.8220796986771743,0.9065632450733605
18520,simple_matched_Q_anticapture,0.8979591836734694,0.29591836734693877,0.1988360814742968,0.6977671111111073,0.8220796986771743,0.9065632450733605
18520,simple_static_q084,0.8775510204081632,0.30612244897959184,0.1988360814742968,0.7123511111111076,0.84,0.84
18521,tdc_full,0.7473684210526316,0.37894736842105264,0.1868344627299129,0.6676844444444406,0.8300620486119163,0.904696905415709
18521,simple_matched_Q,0.7473684210526316,0.37894736842105264,0.1868344627299129,0.6676844444444406,0.8300620486119163,0.904696905415709
18521,simple_matched_Q_anticapture,0.7473684210526316,0.37894736842105264,0.1868344627299129,0.6676844444444406,0.8300620486119163,0.904696905415709
18521,simple_static_q084,0.7368421052631579,0.3894736842105263,0.18393030009680542,0.6767013333333288,0.84,0.84
18522,tdc_full,0.8125,0.3020833333333333,0.17647058823529413,0.6929279999999964,0.8187613523281608,0.9070105391295491
18522,simple_matched_Q,0.8125,0.3020833333333333,0.17647058823529413,0.6929279999999964,0.8187613523281608,0.9070105391295491
18522,simple_matched_Q_anticapture,0.8125,0.3020833333333333,0.17647058823529413,0.6929279999999964,0.8187613523281608,0.9070105391295491
18522,simple_static_q084,0.7708333333333334,0.3333333333333333,0.17454194792671165,0.7064364444444406,0.84,0.84
18523,tdc_full,0.8076923076923077,0.28205128205128205,0.16288252714708787,0.7038186666666634,0.8263973119150915,0.9072576128585805
18523,simple_matched_Q,0.8076923076923077,0.28205128205128205,0.16288252714708787,0.7038186666666634,0.8263973119150915,0.9072576128585805
18523,simple_matched_Q_anticapture,0.8076923076923077,0.28205128205128205,0.16288252714708787,0.7038186666666634,0.8263973119150915,0.9072576128585805
18523,simple_static_q084,0.782051282051282,0.2948717948717949,0.1579466929911155,0.7211217777777743,0.84,0.84
18524,tdc_full,0.8380952380952381,0.3142857142857143,0.20445736434108527,0.6940693333333293,0.8246428441910167,0.9070136064748172
18524,simple_matched_Q,0.8380952380952381,0.3142857142857143,0.20445736434108527,0.6940693333333293,0.8246428441910167,0.9070136064748172
18524,simple_matched_Q_anticapture,0.8380952380952381,0.3142857142857143,0.20445736434108527,0.6940693333333293,0.8246428441910167,0.9070136064748172
18524,simple_static_q084,0.8,0.3523809523809524,0.1928294573643411,0.6965253333333294,0.84,0.84
18525,tdc_full,0.7662337662337663,0.36363636363636365,0.18147086914995225,0.6776302222222185,0.8292490809740259,0.9014305359184558
18525,simple_matched_Q,0.7662337662337663,0.36363636363636365,0.18147086914995225,0.6776302222222185,0.8292490809740259,0.9014305359184558
18525,simple_matched_Q_anticapture,0.7662337662337663,0.36363636363636365,0.18147086914995225,0.6776302222222185,0.8292490809740259,0.9014305359184558
18525,simple_static_q084,0.7532467532467533,0.37662337662337664,0.1833810888252149,0.689016888888885,0.84,0.84
18526,tdc_full,0.8414634146341463,0.2804878048780488,0.1962890625,0.6971199999999965,0.8310123817324768,0.9076132689816323
18526,simple_matched_Q,0.8414634146341463,0.2804878048780488,0.1962890625,0.6971199999999965,0.8310123817324768,0.9076132689816323
18526,simple_matched_Q_anticapture,0.8414634146341463,0.2804878048780488,0.1962890625,0.6971199999999965,0.8310123817324768,0.9076132689816323
18526,simple_static_q084,0.7926829268292683,0.32926829268292684,0.193359375,0.7108791111111071,0.84,0.84
18527,tdc_full,0.9014084507042254,0.22535211267605634,0.19398642095053345,0.6793804444444413,0.8222066483990511,0.9070392672324034
18527,simple_matched_Q,0.9014084507042254,0.22535211267605634,0.19398642095053345,0.6793804444444413,0.8222066483990511,0.9070392672324034
18527,simple_matched_Q_anticapture,0.9014084507042254,0.22535211267605634,0.19398642095053345,0.6793804444444413,0.8222066483990511,0.9070392672324034
18527,simple_static_q084,0.8873239436619719,0.23943661971830985,0.18622696411251213,0.6918142222222188,0.84,0.84
18528,tdc_full,0.7640449438202247,0.3707865168539326,0.2134502923976608,0.6903137777777745,0.8106509269663689,0.9030126029087574
18528,simple_matched_Q,0.7640449438202247,0.3707865168539326,0.2134502923976608,0.6903137777777745,0.8106509269663689,0.9030126029087574
18528,simple_matched_Q_anticapture,0.7640449438202247,0.3707865168539326,0.2134502923976608,0.6903137777777745,0.8106509269663689,0.9030126029087574
18528,simple_static_q084,0.7303370786516854,0.4044943820224719,0.19980506822612085,0.7052168888888856,0.84,0.84
18529,tdc_full,0.851063829787234,0.2553191489361702,0.15553339980059822,0.7119155555555523,0.8400231906457983,0.9081019770848697
18529,simple_matched_Q,0.851063829787234,0.2553191489361702,0.15553339980059822,0.7119155555555523,0.8400231906457983,0.9081019770848697
18529,simple_matched_Q_anticapture,0.851063829787234,0.2553191489361702,0.15553339980059822,0.7119155555555523,0.8400231906457983,0.9081019770848697
18529,simple_static_q084,0.8085106382978723,0.2978723404255319,0.16151545363908276,0.724706666666663,0.84,0.84
18530,tdc_full,0.8555555555555555,0.32222222222222224,0.18613861386138614,0.7012008888888848,0.8279290251586069,0.9052389313704574
18530,simple_matched_Q,0.8555555555555555,0.32222222222222224,0.18613861386138614,0.7012008888888848,0.8279290251586069,0.9052389313704574
18530,simple_matched_Q_anticapture,0.8555555555555555,0.32222222222222224,0.18613861386138614,0.7012008888888848,0.8279290251586069,0.9052389313704574
18530,simple_static_q084,0.8333333333333334,0.34444444444444444,0.1891089108910891,0.7055484444444411,0.84,0.84
18531,tdc_full,0.7916666666666666,0.3645833333333333,0.21421616358325218,0.6808968888888849,0.8143126608535256,0.9028292867673215
18531,simple_matched_Q,0.7916666666666666,0.3645833333333333,0.21421616358325218,0.6808968888888849,0.8143126608535256,0.9028292867673215
18531,simple_matched_Q_anticapture,0.7916666666666666,0.3645833333333333,0.21421616358325218,0.6808968888888849,0.8143126608535256,0.9028292867673215
18531,simple_static_q084,0.7604166666666666,0.3854166666666667,0.18500486854917234,0.6972222222222184,0.84,0.84
18532,tdc_full,0.8686868686868687,0.2727272727272727,0.2070275403608737,0.6968382222222188,0.8250852198728701,0.9061672633600273
18532,simple_matched_Q,0.8686868686868687,0.2727272727272727,0.2070275403608737,0.6968382222222188,0.8250852198728701,0.9061672633600273
18532,simple_matched_Q_anticapture,0.8686868686868687,0.2727272727272727,0.2070275403608737,0.6968382222222188,0.8250852198728701,0.9061672633600273
18532,simple_static_q084,0.8484848484848485,0.29292929292929293,0.19373219373219372,0.7068986666666627,0.84,0.84
18533,tdc_full,0.8518518518518519,0.2962962962962963,0.19466403162055335,0.6694693333333299,0.8153154371440529,0.9034161996765232
18533,simple_matched_Q,0.8518518518518519,0.2962962962962963,0.19466403162055335,0.6694693333333299,0.8153154371440529,0.9034161996765232
18533,simple_matched_Q_anticapture,0.8518518518518519,0.2962962962962963,0.19466403162055335,0.6694693333333299,0.8153154371440529,0.9034161996765232
18533,simple_static_q084,0.8148148148148148,0.3333333333333333,0.17687747035573123,0.6951857777777738,0.84,0.84
18534,tdc_full,0.7948717948717948,0.34615384615384615,0.18253189401373895,0.679607999999997,0.8363995233227886,0.9051972805182258
18534,simple_matched_Q,0.7948717948717948,0.34615384615384615,0.18253189401373895,0.679607999999997,0.8363995233227886,0.9051972805182258
18534,simple_matched_Q_anticapture,0.7948717948717948,0.34615384615384615,0.18253189401373895,0.679607999999997,0.8363995233227886,0.9051972805182258
18534,simple_static_q084,0.7435897435897436,0.3974358974358974,0.1943081452404318,0.6836533333333296,0.84,0.84
18535,tdc_full,0.8111111111111111,0.36666666666666664,0.14807502467917077,0.6850142222222184,0.8496829798558077,0.9067770548653182
18535,simple_matched_Q,0.8111111111111111,0.36666666666666664,0.14807502467917077,0.6850142222222184,0.8496829798558077,0.9067770548653182
18535,simple_matched_Q_anticapture,0.8111111111111111,0.36666666666666664,0.14807502467917077,0.6850142222222184,0.8496829798558077,0.9067770548653182
18535,simple_static_q084,0.7888888888888889,0.37777777777777777,0.1549851924975321,0.6841422222222182,0.84,0.84
18536,tdc_full,0.9186046511627907,0.19767441860465115,0.201171875,0.7069759999999967,0.8257593231693972,0.9076389841551544
18536,simple_matched_Q,0.9186046511627907,0.19767441860465115,0.201171875,0.7069759999999967,0.8257593231693972,0.9076389841551544
18536,simple_matched_Q_anticapture,0.9186046511627907,0.19767441860465115,0.201171875,0.7069759999999967,0.8257593231693972,0.9076389841551544
18536,simple_static_q084,0.8837209302325582,0.23255813953488372,0.1953125,0.6996382222222186,0.84,0.84
18537,tdc_full,0.7954545454545454,0.3409090909090909,0.1701492537313433,0.710371555555552,0.8329609572628356,0.9060210831165885
18537,simple_matched_Q,0.7954545454545454,0.3409090909090909,0.1701492537313433,0.710371555555552,0.8329609572628356,0.9060210831165885
18537,simple_matched_Q_anticapture,0.7954545454545454,0.3409090909090909,0.1701492537313433,0.710371555555552,0.8329609572628356,0.9060210831165885
18537,simple_static_q084,0.7840909090909091,0.3522727272727273,0.1582089552238806,0.7197217777777745,0.84,0.84
18538,tdc_full,0.8095238095238095,0.3047619047619048,0.17578125,0.6936675555555518,0.8397721330073629,0.9076320229394468
18538,simple_matched_Q,0.8095238095238095,0.3047619047619048,0.17578125,0.6936675555555518,0.8397721330073629,0.9076320229394468
18538,simple_matched_Q_anticapture,0.8095238095238095,0.3047619047619048,0.17578125,0.6936675555555518,0.8397721330073629,0.9076320229394468
18538,simple_static_q084,0.7333333333333333,0.38095238095238093,0.185546875,0.6919777777777739,0.84,0.84
18539,tdc_full,0.8390804597701149,0.28735632183908044,0.2088235294117647,0.7340124444444409,0.8391371484564224,0.9071808240008735
18539,simple_matched_Q,0.8390804597701149,0.28735632183908044,0.2088235294117647,0.7340124444444409,0.8391371484564224,0.9071808240008735
18539,simple_matched_Q_anticapture,0.8390804597701149,0.28735632183908044,0.2088235294117647,0.7340124444444409,0.8391371484564224,0.9071808240008735
18539,simple_static_q084,0.7931034482758621,0.3218390804597701,0.2107843137254902,0.7298728888888852,0.84,0.84
18540,tdc_full,0.8674698795180723,0.3132530120481928,0.1665043816942551,0.7173635555555521,0.8349786481148112,0.9077541160623264
18540,simple_matched_Q,0.8674698795180723,0.3132530120481928,0.1665043816942551,0.7173635555555521,0.8349786481148112,0.9077541160623264
18540,simple_matched_Q_anticapture,0.8674698795180723,0.3132530120481928,0.1665043816942551,0.7173635555555521,0.8349786481148112,0.9077541160623264
18540,simple_static_q084,0.8072289156626506,0.3373493975903614,0.1733203505355404,0.7197804444444406,0.84,0.84
18541,tdc_full,0.8089887640449438,0.3258426966292135,0.19790675547098002,0.683804444444441,0.8122568606046465,0.9048469906589769
18541,simple_matched_Q,0.8089887640449438,0.3258426966292135,0.19790675547098002,0.683804444444441,0.8122568606046465,0.9048469906589769
18541,simple_matched_Q_anticapture,0.8089887640449438,0.3258426966292135,0.19790675547098002,0.683804444444441,0.8122568606046465,0.9048469906589769
18541,simple_static_q084,0.7865168539325843,0.34831460674157305,0.18934348239771645,0.698336888888885,0.84,0.84
18542,tdc_full,0.7864077669902912,0.39805825242718446,0.16745956232159848,0.6916177777777739,0.8407548166201865,0.9065333554534389
18542,simple_matched_Q,0.7864077669902912,0.39805825242718446,0.16745956232159848,0.6916177777777739,0.8407548166201865,0.9065333554534389
18542,simple_matched_Q_anticapture,0.7864077669902912,0.39805825242718446,0.16745956232159848,0.6916177777777739,0.8407548166201865,0.9065333554534389
18542,simple_static_q084,0.7766990291262136,0.4077669902912621,0.17507136060894388,0.6932453333333294,0.84,0.84
18543,tdc_full,0.82,0.3,0.16970278044103548,0.7315208888888854,0.8270209831373455,0.9065477399937103
18543,simple_matched_Q,0.82,0.3,0.16970278044103548,0.7315208888888854,0.8270209831373455,0.9065477399937103
18543,simple_matched_Q_anticapture,0.82,0.3,0.16970278044103548,0.7315208888888854,0.8270209831373455,0.9065477399937103
18543,simple_static_q084,0.78,0.32,0.15340364333652926,0.7335057777777743,0.84,0.84
18544,tdc_full,0.8023255813953488,0.313953488372093,0.19864995178399228,0.6817742222222184,0.8302358114767964,0.9047067669514891
18544,simple_matched_Q,0.8023255813953488,0.313953488372093,0.19864995178399228,0.6817742222222184,0.8302358114767964,0.9047067669514891
18544,simple_matched_Q_anticapture,0.8023255813953488,0.313953488372093,0.19864995178399228,0.6817742222222184,0.8302358114767964,0.9047067669514891
18544,simple_static_q084,0.7906976744186046,0.32558139534883723,0.19672131147540983,0.6838186666666626,0.84,0.84
18545,tdc_full,0.8,0.29473684210526313,0.162134944612286,0.6948346666666627,0.8298254606436803,0.9063659154179724
18545,simple_matched_Q,0.8,0.29473684210526313,0.162134944612286,0.6948346666666627,0.8298254606436803,0.9063659154179724
18545,simple_matched_Q_anticapture,0.8,0.29473684210526313,0.162134944612286,0.6948346666666627,0.8298254606436803,0.9063659154179724
18545,simple_static_q084,0.7789473684210526,0.3157894736842105,0.15709969788519637,0.6998319999999957,0.84,0.84
18546,tdc_full,0.7741935483870968,0.34408602150537637,0.17576961271102284,0.6899848888888848,0.8371399319735655,0.9040509032360928
18546,simple_matched_Q,0.7741935483870968,0.34408602150537637,0.17576961271102284,0.6899848888888848,0.8371399319735655,0.9040509032360928
18546,simple_matched_Q_anticapture,0.7741935483870968,0.34408602150537637,0.17576961271102284,0.6899848888888848,0.8371399319735655,0.9040509032360928
18546,simple_static_q084,0.7204301075268817,0.3870967741935484,0.1807348560079444,0.6860008888888851,0.84,0.84
18547,tdc_full,0.7553191489361702,0.39361702127659576,0.1916583912611718,0.6788364444444408,0.8291982853902593,0.9050196677275983
18547,simple_matched_Q,0.7553191489361702,0.39361702127659576,0.1916583912611718,0.6788364444444408,0.8291982853902593,0.9050196677275983
18547,simple_matched_Q_anticapture,0.7553191489361702,0.39361702127659576,0.1916583912611718,0.6788364444444408,0.8291982853902593,0.9050196677275983
18547,simple_static_q084,0.7127659574468085,0.4148936170212766,0.18570009930486595,0.6875662222222181,0.84,0.84
18548,tdc_full,0.8433734939759037,0.37349397590361444,0.1871401151631478,0.7327777777777741,0.8298908284012158,0.9055897634013619
18548,simple_matched_Q,0.8433734939759037,0.37349397590361444,0.1871401151631478,0.7327777777777741,0.8298908284012158,0.9055897634013619
18548,simple_matched_Q_anticapture,0.8433734939759037,0.37349397590361444,0.1871401151631478,0.7327777777777741,0.8298908284012158,0.9055897634013619
18548,simple_static_q084,0.8433734939759037,0.37349397590361444,0.19577735124760076,0.736091555555552,0.84,0.84
18549,tdc_full,0.7710843373493976,0.39759036144578314,0.19261477045908185,0.6783013333333302,0.8351015774011752,0.9020410512437511
18549,simple_matched_Q,0.7710843373493976,0.39759036144578314,0.19261477045908185,0.6783013333333302,0.8351015774011752,0.9020410512437511
18549,simple_matched_Q_anticapture,0.7710843373493976,0.39759036144578314,0.19261477045908185,0.6783013333333302,0.8351015774011752,0.9020410512437511
18549,simple_static_q084,0.7469879518072289,0.42168674698795183,0.1966067864271457,0.6825831111111078,0.84,0.84
18550,tdc_full,0.8494623655913979,0.3548387096774194,0.1801980198019802,0.7322791111111078,0.8411538623531442,0.9085326955267565
18550,simple_matched_Q,0.8494623655913979,0.3548387096774194,0.1801980198019802,0.7322791111111078,0.8411538623531442,0.9085326955267565
18550,simple_matched_Q_anticapture,0.8494623655913979,0.3548387096774194,0.1801980198019802,0.7322791111111078,0.8411538623531442,0.9085326955267565
18550,simple_static_q084,0.8172043010752689,0.3870967741935484,0.19405940594059407,0.7295048888888853,0.84,0.84
18551,tdc_full,0.8117647058823529,0.3176470588235294,0.1594488188976378,0.6877155555555525,0.8319864733782947,0.9062474821745192
18551,simple_matched_Q,0.8117647058823529,0.3176470588235294,0.1594488188976378,0.6877155555555525,0.8319864733782947,0.9062474821745192
18551,simple_matched_Q_anticapture,0.8117647058823529,0.3176470588235294,0.1594488188976378,0.6877155555555525,0.8319864733782947,0.9062474821745192
18551,simple_static_q084,0.8117647058823529,0.3176470588235294,0.1624015748031496,0.7127493333333296,0.84,0.84
18552,tdc_full,0.8229166666666666,0.375,0.19011406844106463,0.64643733333333,0.8191580720424116,0.903160843818587
18552,simple_matched_Q,0.8229166666666666,0.375,0.19011406844106463,0.64643733333333,0.8191580720424116,0.903160843818587
18552,simple_matched_Q_anticapture,0.8229166666666666,0.375,0.19011406844106463,0.64643733333333,0.8191580720424116,0.903160843818587
18552,simple_static_q084,0.8125,0.3854166666666667,0.17490494296577946,0.6593493333333291,0.84,0.84
18553,tdc_full,0.8641975308641975,0.2222222222222222,0.20193236714975846,0.7199724444444413,0.828897220427706,0.9086915634568693
18553,simple_matched_Q,0.8641975308641975,0.2222222222222222,0.20193236714975846,0.7199724444444413,0.828897220427706,0.9086915634568693
18553,simple_matched_Q_anticapture,0.8641975308641975,0.2222222222222222,0.20193236714975846,0.7199724444444413,0.828897220427706,0.9086915634568693
18553,simple_static_q084,0.8271604938271605,0.24691358024691357,0.20869565217391303,0.7334702222222185,0.84,0.84
18554,tdc_full,0.88,0.21,0.20582706766917294,0.6715991111111076,0.8228550411430327,0.9083217133578959
18554,simple_matched_Q,0.88,0.21,0.20582706766917294,0.6715991111111076,0.8228550411430327,0.9083217133578959
18554,simple_matched_Q_anticapture,0.88,0.21,0.20582706766917294,0.6715991111111076,0.8228550411430327,0.9083217133578959
18554,simple_static_q084,0.85,0.24,0.19360902255639098,0.6813999999999965,0.84,0.84
18555,tdc_full,0.7978723404255319,0.39361702127659576,0.18979591836734694,0.6828257777777743,0.8364022691423033,0.9038494982596879
18555,simple_matched_Q,0.7978723404255319,0.39361702127659576,0.18979591836734694,0.6828257777777743,0.8364022691423033,0.9038494982596879
18555,simple_matched_Q_anticapture,0.7978723404255319,0.39361702127659576,0.18979591836734694,0.6828257777777743,0.8364022691423033,0.9038494982596879
18555,simple_static_q084,0.7021276595744681,0.46808510638297873,0.1989795918367347,0.6797964444444407,0.84,0.84
18556,tdc_full,0.845360824742268,0.32989690721649484,0.1696078431372549,0.7137253333333294,0.8285561426206859,0.9064035657069858
18556,simple_matched_Q,0.845360824742268,0.32989690721649484,0.1696078431372549,0.7137253333333294,0.8285561426206859,0.9064035657069858
18556,simple_matched_Q_anticapture,0.845360824742268,0.32989690721649484,0.1696078431372549,0.7137253333333294,0.8285561426206859,0.9064035657069858
18556,simple_static_q084,0.8247422680412371,0.32989690721649484,0.18235294117647058,0.7363084444444408,0.84,0.84
18557,tdc_full,0.7840909090909091,0.3977272727272727,0.20614469772051536,0.6817288888888849,0.8327085767340238,0.9065564131448045
18557,simple_matched_Q,0.7840909090909091,0.3977272727272727,0.20614469772051536,0.6817288888888849,0.8327085767340238,0.9065564131448045
18557,simple_matched_Q_anticapture,0.7840909090909091,0.3977272727272727,0.20614469772051536,0.6817288888888849,0.8327085767340238,0.9065564131448045
18557,simple_static_q084,0.7840909090909091,0.3977272727272727,0.19821605550049554,0.6833128888888848,0.84,0.84
18558,tdc_full,0.7666666666666667,0.37777777777777777,0.19463753723932473,0.6866613333333293,0.8385701951908054,0.9022510007411746
18558,simple_matched_Q,0.7666666666666667,0.37777777777777777,0.19463753723932473,0.6866613333333293,0.8385701951908054,0.9022510007411746
18558,simple_matched_Q_anticapture,0.7666666666666667,0.37777777777777777,0.19463753723932473,0.6866613333333293,0.8385701951908054,0.9022510007411746
18558,simple_static_q084,0.7,0.4444444444444444,0.19563058589870905,0.6822151111111072,0.84,0.84
18559,tdc_full,0.7926829268292683,0.34146341463414637,0.17039106145251395,0.7146248888888849,0.8291738739540866,0.9047226712213612
18559,simple_matched_Q,0.7926829268292683,0.34146341463414637,0.17039106145251395,0.7146248888888849,0.8291738739540866,0.9047226712213612
18559,simple_matched_Q_anticapture,0.7926829268292683,0.34146341463414637,0.17039106145251395,0.7146248888888849,0.8291738739540866,0.9047226712213612
18559,simple_static_q084,0.7560975609756098,0.3780487804878049,0.1685288640595903,0.7106782222222179,0.84,0.84
