seed,model,final_holdout_recall,final_holdout_violation_rate,trap_capture_rate,trajectory_value,final_Q,composite
19000,PTVM,0.9361702127659575,0.2553191489361702,0.14050303555941024,0.72942833333333,0.94,0.8212777528171953
19000,FULL,0.8829787234042553,0.30851063829787234,0.1049436253252385,0.7054874999999968,0.94,0.7931491073817599
19000,simple_two_signal_learner,0.7553191489361702,0.4148936170212766,0.18386816999132696,0.65549583333333,0.8228377842782122,0.699972664760599
19001,PTVM,0.9807692307692307,0.27884615384615385,0.16739319965126417,0.7167033333333294,0.94,0.8202164241723102
19001,FULL,0.9326923076923077,0.3269230769230769,0.12292938099389712,0.6909499999999961,0.94,0.7962285468781426
19001,simple_two_signal_learner,0.875,0.375,0.2005231037489102,0.6424508333333298,0.8471107188616801,0.7392580875835504
19002,PTVM,0.956989247311828,0.16129032258064516,0.140893470790378,0.7575849999999972,0.94,0.8579917493903109
19002,FULL,0.9139784946236559,0.20430107526881722,0.10223367697594501,0.7294924999999971,0.94,0.8350446691747028
19002,simple_two_signal_learner,0.8602150537634409,0.25806451612903225,0.18642611683848798,0.6930616666666635,0.897489176970172,0.7795285803957425
19003,PTVM,0.9238095238095239,0.2857142857142857,0.153184165232358,0.7206599999999966,0.94,0.8052424526678132
19003,FULL,0.8666666666666667,0.3333333333333333,0.09896729776247848,0.701909999999997,0.94,0.7823507071141703
19003,simple_two_signal_learner,0.7904761904761904,0.3904761904761905,0.1721170395869191,0.6572008333333298,0.8738518620800381,0.7194006099397582
19004,PTVM,0.975,0.25,0.15919085312225154,0.7023508333333294,0.94,0.823749537708882
19004,FULL,0.95,0.275,0.10817941952506596,0.6672999999999963,0.94,0.8114391160949859
19004,simple_two_signal_learner,0.825,0.3875,0.21459982409850484,0.6158083333333303,0.9098989490301468,0.7116571185136316
19005,PTVM,0.9523809523809523,0.17142857142857143,0.14856646394439618,0.722072499999997,0.94,0.8436619750682628
19005,FULL,0.9142857142857143,0.2,0.0999131190269331,0.7063733333333302,0.94,0.8308964238136602
19005,simple_two_signal_learner,0.8571428571428571,0.2571428571428571,0.20938314509122502,0.665159999999997,0.860050672064567,0.7672705138388971
19006,PTVM,0.9191919191919192,0.21212121212121213,0.16593503072870938,0.74381833333333,0.94,0.8254948499148633
19006,FULL,0.8787878787878788,0.25252525252525254,0.11764705882352941,0.7318916666666637,0.94,0.8099485554070105
19006,simple_two_signal_learner,0.7878787878787878,0.3434343434343434,0.2080772607550483,0.6849233333333306,0.8215092551580979,0.7301204316873735
19007,PTVM,0.9354838709677419,0.28225806451612906,0.15398075240594924,0.7335758333333302,0.94,0.812678453013433
19007,FULL,0.9032258064516129,0.31451612903225806,0.10586176727909011,0.7104974999999968,0.94,0.7987907312216005
19007,simple_two_signal_learner,0.8145161290322581,0.3790322580645161,0.2020997375328084,0.6662624999999969,0.8365687715165253,0.7257424516869859
19008,PTVM,0.967741935483871,0.27956989247311825,0.1543859649122807,0.7376758333333306,0.94,0.8239718728777583
19008,FULL,0.8602150537634409,0.3763440860215054,0.10877192982456141,0.7047166666666637,0.94,0.7684032753254095
19008,simple_two_signal_learner,0.8172043010752689,0.41935483870967744,0.17456140350877192,0.6687149999999972,0.9201656457637912,0.7225890499434062
19009,PTVM,0.9545454545454546,0.2727272727272727,0.16326530612244897,0.7396616666666633,0.94,0.8204441736239942
19009,FULL,0.9204545454545454,0.29545454545454547,0.12074829931972789,0.7122283333333302,0.94,0.8061801507421142
19009,simple_two_signal_learner,0.8068181818181818,0.36363636363636365,0.2389455782312925,0.6531566666666628,0.8691934858933809,0.7166364146567709
19010,PTVM,0.9555555555555556,0.23333333333333334,0.1699288256227758,0.7292899999999962,0.94,0.8266700682087773
19010,FULL,0.8888888888888888,0.2777777777777778,0.12366548042704627,0.7000324999999964,0.94,0.797497251136812
19010,simple_two_signal_learner,0.8,0.36666666666666664,0.20551601423487545,0.674329166666663,0.8638846485477482,0.725812422153024
19011,PTVM,0.9375,0.28125,0.15192135835567472,0.7492758333333305,0.94,0.8178721866621976
19011,FULL,0.8854166666666666,0.3229166666666667,0.10991957104557641,0.7217733333333304,0.94,0.7933552524575507
19011,simple_two_signal_learner,0.875,0.3333333333333333,0.1903485254691689,0.6869658333333302,0.8948028187352175,0.7628384199061655
19012,PTVM,0.9473684210526315,0.23684210526315788,0.1725067385444744,0.7402891666666637,0.94,0.8255709439577711
19012,FULL,0.8771929824561403,0.2719298245614035,0.11859838274932614,0.6988591666666634,0.94,0.7961705537132918
19012,simple_two_signal_learner,0.7982456140350878,0.34210526315789475,0.20035938903863432,0.6451349999999969,0.8594810381037084,0.7251592406133249
19013,PTVM,0.9117647058823529,0.29411764705882354,0.1559383499546691,0.7222299999999967,0.94,0.7993698300090653
19013,FULL,0.8529411764705882,0.3431372549019608,0.11604714415231188,0.7020508333333301,0.94,0.7724013187185564
19013,simple_two_signal_learner,0.7647058823529411,0.4215686274509804,0.20398912058023572,0.6410791666666633,0.8765520854289433,0.6934915753937558
19014,PTVM,0.9421487603305785,0.2975206611570248,0.1591304347826087,0.7211699999999972,0.94,0.8067308758533949
19014,FULL,0.8760330578512396,0.33884297520661155,0.11478260869565217,0.6926316666666638,0.94,0.7783005684812545
19014,simple_two_signal_learner,0.8264462809917356,0.38016528925619836,0.14,0.6772558333333303,0.8768607284096569,0.7442065203168036
19015,PTVM,0.941747572815534,0.2815533980582524,0.16295636687444345,0.7437358333333298,0.94,0.8154786072885408
19015,FULL,0.883495145631068,0.33980582524271846,0.10952804986642921,0.7143008333333297,0.94,0.7867666857386874
19015,simple_two_signal_learner,0.8349514563106796,0.3786407766990291,0.18788958147818344,0.6766383333333292,0.8651344830747164,0.7374069097561422
19016,PTVM,0.9583333333333334,0.1875,0.17040358744394618,0.7649383333333303,0.94,0.8477788658445433
19016,FULL,0.90625,0.22916666666666666,0.11928251121076233,0.7318958333333302,0.94,0.8237007894245134
19016,simple_two_signal_learner,0.8229166666666666,0.3125,0.2295964125560538,0.6561458333333298,0.8712832523141194,0.7368671758221217
19017,PTVM,0.9444444444444444,0.25925925925925924,0.1520361990950226,0.7220383333333297,0.94,0.8186208620328465
19017,FULL,0.9074074074074074,0.2962962962962963,0.10316742081447963,0.7021974999999961,0.94,0.8030640389852512
19017,simple_two_signal_learner,0.8425925925925926,0.35185185185185186,0.18642533936651584,0.660331666666663,0.88005228509378,0.7426126636081775
19018,PTVM,0.9065420560747663,0.2336448598130841,0.15102389078498293,0.7408158333333302,0.94,0.8185505820454949
19018,FULL,0.8785046728971962,0.2523364485981308,0.10580204778156997,0.7207149999999969,0.94,0.8094856301633113
19018,simple_two_signal_learner,0.8037383177570093,0.3177570093457944,0.19112627986348124,0.6754141666666633,0.9111502052982154,0.7423105286846237
19019,PTVM,0.9259259259259259,0.2777777777777778,0.14868309260832624,0.7321083333333303,0.94,0.8116237981450007
19019,FULL,0.9074074074074074,0.2962962962962963,0.102803738317757,0.7184541666666638,0.94,0.8072009421512627
19019,simple_two_signal_learner,0.7592592592592593,0.4166666666666667,0.20135938827527614,0.6603924999999969,0.8943895212290822,0.6984373584560551
19020,PTVM,0.9739130434782609,0.20869565217391303,0.17223198594024605,0.7248241666666627,0.94,0.8367596444786165
19020,FULL,0.9217391304347826,0.2608695652173913,0.11599297012302284,0.7101749999999962,0.94,0.8156495038014815
19020,simple_two_signal_learner,0.7913043478260869,0.3565217391304348,0.22231985940246046,0.6672958333333299,0.9060454564079112,0.7206208560180578
19021,PTVM,0.8979591836734694,0.2653061224489796,0.15159574468085107,0.7399149999999968,0.94,0.8077208255536249
19021,FULL,0.8673469387755102,0.29591836734693877,0.10815602836879433,0.7121249999999967,0.94,0.7926245341221587
19021,simple_two_signal_learner,0.8163265306122449,0.336734693877551,0.18085106382978725,0.67245333333333,0.90989617900559,0.7426574062816607
19022,PTVM,0.9487179487179487,0.28205128205128205,0.17091836734693877,0.7366166666666633,0.94,0.8140730572998423
19022,FULL,0.8803418803418803,0.3162393162393162,0.11139455782312925,0.7172583333333306,0.94,0.7920784068114418
19022,simple_two_signal_learner,0.8034188034188035,0.38461538461538464,0.1836734693877551,0.6670833333333303,0.8912069918059085,0.7249079343275765
19023,PTVM,0.9550561797752809,0.21348314606741572,0.15551694178974804,0.7510991666666638,0.94,0.8398174707244466
19023,FULL,0.898876404494382,0.24719101123595505,0.10599478714161599,0.7204149999999975,0.94,0.816769961111002
19023,simple_two_signal_learner,0.8202247191011236,0.3146067415730337,0.17028670721112077,0.7072983333333304,0.896923032549074,0.7601829722281872
19024,PTVM,0.96,0.25,0.13895993179880647,0.7119658333333299,0.94,0.8256994719735711
19024,FULL,0.9,0.3,0.0886615515771526,0.6833958333333302,0.94,0.798116648017902
19024,simple_two_signal_learner,0.83,0.34,0.1287297527706735,0.6577858333333301,0.8532749676834597,0.7527005077791977
19025,PTVM,0.9375,0.19642857142857142,0.16479723899913717,0.7564683333333303,0.94,0.8383004926763623
19025,FULL,0.9107142857142857,0.22321428571428573,0.10698878343399482,0.7274366666666638,0.94,0.8278721242655813
19025,simple_two_signal_learner,0.8839285714285714,0.25,0.17083692838654013,0.6901933333333304,0.905231104452038,0.791059519084596
19026,PTVM,0.99,0.14,0.16681299385425813,0.7521874999999969,0.94,0.8666842762291476
19026,FULL,0.91,0.21,0.11589113257243196,0.7206108333333303,0.94,0.8274744818188462
19026,simple_two_signal_learner,0.81,0.29,0.13871817383669885,0.703657499999997,0.8644567924437361,0.7686707402326595
19027,PTVM,0.9741379310344828,0.1810344827586207,0.16400336417157274,0.7397416666666636,0.94,0.849117502453041
19027,FULL,0.9310344827586207,0.22413793103448276,0.127838519764508,0.7069499999999966,0.94,0.8244456581160631
19027,simple_two_signal_learner,0.7931034482758621,0.3448275862068966,0.20689655172413793,0.6464666666666633,0.8797386589417646,0.7219614942528727
19028,PTVM,0.9433962264150944,0.22641509433962265,0.15982142857142856,0.7118466666666633,0.94,0.8224124752920027
19028,FULL,0.8867924528301887,0.27358490566037735,0.11428571428571428,0.6922383333333303,0.94,0.797843949910152
19028,simple_two_signal_learner,0.7924528301886793,0.3490566037735849,0.19375,0.6518849999999966,0.9011992029642683,0.7246929481132067
19029,PTVM,0.9435483870967742,0.2661290322580645,0.13991416309012875,0.7403108333333307,0.94,0.8236271337798231
19029,FULL,0.9274193548387096,0.27419354838709675,0.0944206008583691,0.7220199999999976,0.94,0.8212982991831642
19029,simple_two_signal_learner,0.8145161290322581,0.3548387096774194,0.14334763948497853,0.6823449999999972,0.8341218459907731,0.7475618833933262
19030,PTVM,0.9215686274509803,0.22549019607843138,0.1397459165154265,0.7278024999999968,0.94,0.8240994809126001
19030,FULL,0.8921568627450981,0.2549019607843137,0.09709618874773139,0.7078266666666637,0.94,0.8114589975445707
19030,simple_two_signal_learner,0.8333333333333334,0.3137254901960784,0.16696914700544466,0.6618933333333297,0.8375094354031118,0.753648131383224
19031,PTVM,0.9789473684210527,0.17894736842105263,0.15492957746478872,0.7471533333333304,0.94,0.8547497862614275
19031,FULL,0.9263157894736842,0.22105263157894736,0.10299295774647887,0.7172033333333304,0.94,0.8313338207314052
19031,simple_two_signal_learner,0.7894736842105263,0.3368421052631579,0.1619718309859155,0.6880708333333303,0.8275787119455952,0.7422549210835179
19032,PTVM,0.9819819819819819,0.21621621621621623,0.177007299270073,0.6985266666666626,0.94,0.8297707473531916
19032,FULL,0.963963963963964,0.22522522522522523,0.1322992700729927,0.6697416666666627,0.94,0.82385844553495
19032,simple_two_signal_learner,0.8918918918918919,0.25225225225225223,0.22262773722627738,0.6434333333333293,0.9146467561452419,0.7708372903925814
19033,PTVM,0.90625,0.22916666666666666,0.1660839160839161,0.756099166666664,0.94,0.8203913417832162
19033,FULL,0.8958333333333334,0.23958333333333334,0.11625874125874126,0.729289166666664,0.94,0.8179247100815845
19033,simple_two_signal_learner,0.8541666666666666,0.2708333333333333,0.18269230769230768,0.7165783333333307,0.9066309287758402,0.7811477884615379
19034,PTVM,0.974025974025974,0.23376623376623376,0.1438474870017331,0.7482466666666634,0.94,0.8420584030325529
19034,FULL,0.9090909090909091,0.2727272727272727,0.10138648180242635,0.7230616666666633,0.94,0.8150335748516351
19034,simple_two_signal_learner,0.7662337662337663,0.4025974025974026,0.1707105719237435,0.6750166666666633,0.8519128125393293,0.7138328315026963
19035,PTVM,0.9509803921568627,0.24509803921568626,0.15711805555555555,0.7123674999999967,0.94,0.8206878717320254
19035,FULL,0.9117647058823529,0.28431372549019607,0.1076388888888889,0.6914516666666637,0.94,0.8037861192810449
19035,simple_two_signal_learner,0.803921568627451,0.3627450980392157,0.1892361111111111,0.6582824999999969,0.8890501965556551,0.7272135988562084
19036,PTVM,0.9032258064516129,0.3118279569892473,0.16637478108581435,0.7365983333333301,0.94,0.7938853798043417
19036,FULL,0.8602150537634409,0.34408602150537637,0.11996497373029773,0.7135349999999968,0.94,0.7764337660066278
19036,simple_two_signal_learner,0.7956989247311828,0.3978494623655914,0.20665499124343256,0.672112499999996,0.9094158109761329,0.7159444385792694
19037,PTVM,0.9333333333333333,0.23333333333333334,0.144473455178416,0.7477866666666636,0.94,0.8297186422976494
19037,FULL,0.8888888888888888,0.2777777777777778,0.09747606614447346,0.7246558333333304,0.94,0.8088909673266602
19037,simple_two_signal_learner,0.8444444444444444,0.3111111111111111,0.1888598781549173,0.6929033333333302,0.8838783174621946,0.7610094132579046
19038,PTVM,0.978494623655914,0.23655913978494625,0.15,0.7414866666666635,0.94,0.8397802688172036
19038,FULL,0.956989247311828,0.25806451612903225,0.09224137931034483,0.7299791666666642,0.94,0.8366271609658874
19038,simple_two_signal_learner,0.8494623655913979,0.3655913978494624,0.19224137931034482,0.7073674999999967,0.8735682736454417,0.751834459352984
19039,PTVM,0.9405940594059405,0.19801980198019803,0.15297202797202797,0.7491849999999969,0.94,0.8393751117323263
19039,FULL,0.900990099009901,0.22772277227722773,0.10314685314685315,0.7250583333333305,0.94,0.8240015493376254
19039,simple_two_signal_learner,0.7821782178217822,0.3465346534653465,0.2089160839160839,0.6665624999999972,0.891314411122754,0.7228772101969806
19040,PTVM,0.9148936170212766,0.22340425531914893,0.18356643356643357,0.7343266666666637,0.94,0.815485401229975
19040,FULL,0.8829787234042553,0.2553191489361702,0.1258741258741259,0.7169658333333306,0.94,0.8051304629457414
19040,simple_two_signal_learner,0.7553191489361702,0.3723404255319149,0.21503496503496503,0.6734833333333302,0.8767272244518695,0.7088744786242119
19041,PTVM,0.9568965517241379,0.2672413793103448,0.14025974025974025,0.7368216666666633,0.94,0.8264120893043729
19041,FULL,0.9051724137931034,0.31896551724137934,0.09696969696969697,0.7036108333333299,0.94,0.7983191137669793
19041,simple_two_signal_learner,0.8017241379310345,0.4051724137931034,0.18095238095238095,0.6661224999999965,0.9202064864003272,0.7195642867405575
19042,PTVM,0.9382716049382716,0.19753086419753085,0.16267123287671234,0.7452483333333304,0.94,0.8358766021900889
19042,FULL,0.9012345679012346,0.2222222222222222,0.11643835616438356,0.7212916666666638,0.94,0.8218500602486041
19042,simple_two_signal_learner,0.8271604938271605,0.2839506172839506,0.16866438356164384,0.6856741666666637,0.8744402376735588,0.7648461587814976
19043,PTVM,0.94,0.19,0.14646904969485613,0.7412908333333301,0.94,0.8405288983943613
19043,FULL,0.92,0.21,0.10636442894507411,0.7205933333333305,0.94,0.8323754475443179
19043,simple_two_signal_learner,0.78,0.33,0.13949433304272013,0.6811791666666631,0.8235510103629783,0.7438959250581216
19044,PTVM,0.9560439560439561,0.2087912087912088,0.18339100346020762,0.7101541666666632,0.94,0.8254757255900088
19044,FULL,0.9010989010989011,0.25274725274725274,0.12370242214532871,0.6893983333333298,0.94,0.8047519560471239
19044,simple_two_signal_learner,0.7692307692307693,0.3626373626373626,0.18079584775086505,0.6532016666666628,0.820275016255406,0.7172511372263829
19045,PTVM,0.9368421052631579,0.21052631578947367,0.16534040671971706,0.7162924999999972,0.94,0.8244260962876349
19045,FULL,0.9368421052631579,0.21052631578947367,0.11229000884173299,0.6940516666666641,0.94,0.8294759675298984
19045,simple_two_signal_learner,0.8315789473684211,0.30526315789473685,0.17771883289124668,0.6469033333333306,0.8829266431412248,0.7493399614919254
19046,PTVM,0.9213483146067416,0.33707865168539325,0.16782006920415224,0.6957966666666628,0.94,0.7825199842865094
19046,FULL,0.898876404494382,0.34831460674157305,0.10813148788927336,0.6765908333333298,0.94,0.7801056804183991
19046,simple_two_signal_learner,0.8314606741573034,0.38202247191011235,0.17474048442906576,0.64134333333333,0.878282750532363,0.7293203207171823
19047,PTVM,0.9468085106382979,0.24468085106382978,0.12488928255093003,0.74805833333333,0.94,0.8349090672486785
19047,FULL,0.8723404255319149,0.2765957446808511,0.0841452612931798,0.721624999999997,0.94,0.806130389230725
19047,simple_two_signal_learner,0.7978723404255319,0.32978723404255317,0.15323294951284322,0.6848433333333304,0.890663191022724,0.7474791370477851
19048,PTVM,0.9042553191489362,0.26595744680851063,0.12467076382791922,0.7598291666666636,0.94,0.8198103729436352
19048,FULL,0.8297872340425532,0.3191489361702128,0.08867427568042142,0.7304433333333302,0.94,0.7840249143674611
19048,simple_two_signal_learner,0.7127659574468085,0.39361702127659576,0.16330114135206322,0.6760566666666633,0.8049083872088469,0.7017794703111467
19049,PTVM,0.9494949494949495,0.15151515151515152,0.14933333333333335,0.722252499999997,0.94,0.8476661553030296
19049,FULL,0.9090909090909091,0.18181818181818182,0.10755555555555556,0.7004349999999971,0.94,0.8308703661616155
19049,simple_two_signal_learner,0.8686868686868687,0.2222222222222222,0.17422222222222222,0.666977499999997,0.8289271728264467,0.7869504356060599
19050,PTVM,0.9509803921568627,0.24509803921568626,0.1584070796460177,0.7294433333333301,0.94,0.8246990252472662
19050,FULL,0.9411764705882353,0.2549019607843137,0.11150442477876106,0.7181683333333301,0.94,0.8258686493579726
19050,simple_two_signal_learner,0.8333333333333334,0.3431372549019608,0.1902654867256637,0.6678349999999966,0.9009941640485017,0.7431213389293763
19051,PTVM,0.9719626168224299,0.17757009345794392,0.17125110913930788,0.7227891666666639,0.94,0.8436433315210474
19051,FULL,0.9439252336448598,0.205607476635514,0.11180124223602485,0.7037641666666641,0.94,0.8353564941540406
19051,simple_two_signal_learner,0.9158878504672897,0.22429906542056074,0.20940550133096716,0.6655574999999972,0.8899785704736615,0.7931998635188525
19052,PTVM,0.9298245614035088,0.30701754385964913,0.16550522648083624,0.7287858333333297,0.94,0.8012883954933054
19052,FULL,0.9122807017543859,0.32456140350877194,0.1132404181184669,0.7052783333333298,0.94,0.7962153593587619
19052,simple_two_signal_learner,0.8245614035087719,0.3684210526315789,0.17682926829268292,0.6813941666666636,0.8592024853909188,0.7402458459028662
19053,PTVM,0.9770114942528736,0.19540229885057472,0.15022222222222223,0.720034166666663,0.94,0.8442169707854397
19053,FULL,0.9540229885057471,0.20689655172413793,0.10577777777777778,0.7057591666666635,0.94,0.8397669947317999
19053,simple_two_signal_learner,0.896551724137931,0.26436781609195403,0.19644444444444445,0.6651274999999969,0.8692805672862558,0.7798665493295012
19054,PTVM,0.9433962264150944,0.24528301886792453,0.17244444444444446,0.7216841666666628,0.94,0.8176302659853241
19054,FULL,0.9056603773584906,0.2830188679245283,0.11733333333333333,0.7032024999999963,0.94,0.8032773545597475
19054,simple_two_signal_learner,0.8113207547169812,0.3490566037735849,0.192,0.6626849999999963,0.8524555141597231,0.7334033254716972
19055,PTVM,0.9393939393939394,0.24242424242424243,0.1628721541155867,0.7497699999999966,0.94,0.826080190389003
19055,FULL,0.8383838383838383,0.32323232323232326,0.11295971978984239,0.7256491666666637,0.94,0.7795274184157681
19055,simple_two_signal_learner,0.7676767676767676,0.37373737373737376,0.19439579684763572,0.6951033333333299,0.9250543809809435,0.7217653608324922
19056,PTVM,0.9074074074074074,0.26851851851851855,0.16111611161116113,0.7365391666666637,0.94,0.8070041619370262
19056,FULL,0.8611111111111112,0.3055555555555556,0.11341134113411341,0.7122916666666637,0.94,0.7873350928842877
19056,simple_two_signal_learner,0.7777777777777778,0.3611111111111111,0.17371737173717372,0.6815233333333303,0.8931809267746127,0.7286929145414534
19057,PTVM,0.9719626168224299,0.2897196261682243,0.16140350877192983,0.7216399999999967,0.94,0.8172881767502861
19057,FULL,0.8785046728971962,0.35514018691588783,0.12280701754385964,0.6938583333333304,0.94,0.7736695349647476
19057,simple_two_signal_learner,0.8130841121495327,0.40186915887850466,0.2,0.6527233333333295,0.8491318270570011,0.7166387772585661
19058,PTVM,0.9259259259259259,0.28703703703703703,0.16710411198600175,0.7308741666666632,0.94,0.805316237787984
19058,FULL,0.9074074074074074,0.3055555555555556,0.11723534558180228,0.7079741666666632,0.94,0.7993798058836387
19058,simple_two_signal_learner,0.8055555555555556,0.39814814814814814,0.17935258092738407,0.6722833333333298,0.8701172052433678,0.7243299467774853
19059,PTVM,0.9318181818181818,0.3181818181818182,0.15875754961173424,0.70852083333333,0.94,0.7953786984109856
19059,FULL,0.8977272727272727,0.3409090909090909,0.10440034512510785,0.686979999999997,0.94,0.7849558400658868
19059,simple_two_signal_learner,0.8522727272727273,0.38636363636363635,0.1984469370146678,0.6434933333333299,0.8355427349553431,0.7302748550213081
19060,PTVM,0.9578947368421052,0.24210526315789474,0.13775065387968613,0.7296233333333304,0.94,0.8316978078205532
19060,FULL,0.9263157894736842,0.2631578947368421,0.1002615518744551,0.7003174999999968,0.94,0.8171323277830029
19060,simple_two_signal_learner,0.8631578947368421,0.3157894736842105,0.1987794245858762,0.6573641666666631,0.8917360119976041,0.7545851567494906
19061,PTVM,0.9108910891089109,0.26732673267326734,0.15743183817062445,0.7011716666666634,0.94,0.8002421925968974
19061,FULL,0.8712871287128713,0.297029702970297,0.09674582233948989,0.6866133333333302,0.94,0.7894328817367218
19061,simple_two_signal_learner,0.801980198019802,0.3465346534653465,0.15919085312225154,0.6746349999999969,0.8725904498747078,0.7407809754151529
19062,PTVM,0.9439252336448598,0.19626168224299065,0.12521739130434784,0.7328608333333306,0.94,0.8422838796051735
19062,FULL,0.8785046728971962,0.2616822429906542,0.08347826086956522,0.7144974999999973,0.94,0.8100595639475816
19062,simple_two_signal_learner,0.7476635514018691,0.3925233644859813,0.14956521739130435,0.6594783333333307,0.9032452452841994,0.7111247641541372
19063,PTVM,0.9772727272727273,0.2727272727272727,0.14615384615384616,0.7350666666666635,0.94,0.8295358974358966
19063,FULL,0.9545454545454546,0.29545454545454547,0.1,0.7180891666666639,0.94,0.8220222916666661
19063,simple_two_signal_learner,0.8636363636363636,0.3522727272727273,0.15726495726495726,0.6850783333333303,0.9126591170579077,0.7608393191530685
19064,PTVM,0.9252336448598131,0.24299065420560748,0.15710503089143865,0.6916774999999962,0.94,0.8083207987282535
19064,FULL,0.8598130841121495,0.27102803738317754,0.10414827890556046,0.6663891666666631,0.94,0.7859545517734042
19064,simple_two_signal_learner,0.794392523364486,0.3364485981308411,0.1615180935569285,0.6467624999999964,0.9279436055057272,0.7335926137652489
19065,PTVM,0.9292035398230089,0.26548672566371684,0.15188762071992976,0.7131366666666635,0.94,0.8102960230536534
19065,FULL,0.8495575221238938,0.3185840707964602,0.10798946444249341,0.6855358333333303,0.94,0.7750073043828869
19065,simple_two_signal_learner,0.7345132743362832,0.415929203539823,0.1202809482001756,0.6640833333333308,0.8126500857765915,0.7083363251092268
19066,PTVM,0.9702970297029703,0.26732673267326734,0.15716753022452504,0.7232349999999966,0.94,0.8236326696976685
19066,FULL,0.9108910891089109,0.3069306930693069,0.1079447322970639,0.6975291666666634,0.94,0.7993279986725996
19066,simple_two_signal_learner,0.8217821782178217,0.37623762376237624,0.19689119170984457,0.6396466666666636,0.8789380472403514,0.7230086758494495
19067,PTVM,0.9390243902439024,0.24390243902439024,0.15425065731814197,0.7512549999999962,0.94,0.8276953258534439
19067,FULL,0.8536585365853658,0.3170731707317073,0.10254163014899212,0.7185508333333296,0.94,0.785958650596217
19067,simple_two_signal_learner,0.7560975609756098,0.3902439024390244,0.19544259421560034,0.6727999999999966,0.9037069359009121,0.7083797738398059
19068,PTVM,0.9313725490196079,0.2549019607843137,0.13616652211621855,0.7422516666666636,0.94,0.8240158867532261
19068,FULL,0.8725490196078431,0.29411764705882354,0.09540329575021683,0.7171516666666636,0.94,0.7984425516342696
19068,simple_two_signal_learner,0.7450980392156863,0.4117647058823529,0.15871639202081528,0.6770483333333304,0.8829172798284782,0.7081070402232872
19069,PTVM,0.9591836734693877,0.21428571428571427,0.14411247803163443,0.7112841666666632,0.94,0.8331822195297266
19069,FULL,0.9285714285714286,0.24489795918367346,0.10896309314586995,0.6846241666666636,0.94,0.8167103618130022
19069,simple_two_signal_learner,0.7857142857142857,0.3673469387755102,0.1608084358523726,0.6615474999999968,0.8641339636092509,0.7271027388499329
19070,PTVM,0.954954954954955,0.1891891891891892,0.20833333333333334,0.6973491666666628,0.94,0.8218598141891882
19070,FULL,0.9099099099099099,0.22522522522522523,0.1449652777777778,0.6745558333333299,0.94,0.8063125694444435
19070,simple_two_signal_learner,0.9009009009009009,0.23423423423423423,0.20399305555555555,0.6709566666666634,0.9168188208671936,0.7886522672672664
19071,PTVM,0.967741935483871,0.1935483870967742,0.14679715302491103,0.7394358333333301,0.94,0.8474350115993181
19071,FULL,0.9032258064516129,0.25806451612903225,0.10142348754448399,0.71376833333333,0.94,0.8146089987276615
19071,simple_two_signal_learner,0.7741935483870968,0.34408602150537637,0.17615658362989323,0.6782116666666634,0.8184045772252828,0.7305581590804722
19072,PTVM,0.9411764705882353,0.18627450980392157,0.1702127659574468,0.710661666666663,0.94,0.8294071772006666
19072,FULL,0.8921568627450981,0.23529411764705882,0.1174468085106383,0.6896608333333298,0.94,0.8077493760429695
19072,simple_two_signal_learner,0.8235294117647058,0.30392156862745096,0.2323404255319149,0.6436074999999972,0.8658241889555773,0.7355122212661653
19073,PTVM,0.8947368421052632,0.18947368421052632,0.15812720848056538,0.7502583333333306,0.94,0.8269917732161669
19073,FULL,0.8421052631578947,0.24210526315789474,0.10954063604240283,0.7214141666666639,0.94,0.80055067761608
19073,simple_two_signal_learner,0.8210526315789474,0.2631578947368421,0.19169611307420495,0.6975874999999969,0.8962468331079468,0.7665839681746319
19074,PTVM,0.9655172413793104,0.28735632183908044,0.14786324786324787,0.7244791666666633,0.94,0.8193632340480392
19074,FULL,0.896551724137931,0.3448275862068966,0.10598290598290598,0.6923424999999966,0.94,0.7846476644930731
19074,simple_two_signal_learner,0.8735632183908046,0.3448275862068966,0.18205128205128204,0.6509441666666628,0.9152378854908857,0.7521878542219265
19075,PTVM,0.9646017699115044,0.24778761061946902,0.1373913043478261,0.735067499999997,0.94,0.833722242449018
19075,FULL,0.9026548672566371,0.3008849557522124,0.10086956521739131,0.7120908333333303,0.94,0.8034240165287923
19075,simple_two_signal_learner,0.8230088495575221,0.3805309734513274,0.1565217391304348,0.6879316666666638,0.8635858539334439,0.7424484803450038
19076,PTVM,0.9207920792079208,0.25742574257425743,0.1601423487544484,0.7361208333333302,0.94,0.8138829267012548
19076,FULL,0.8910891089108911,0.2871287128712871,0.11565836298932385,0.7105816666666636,0.94,0.8000582985242467
19076,simple_two_signal_learner,0.801980198019802,0.3564356435643564,0.2099644128113879,0.6595291666666625,0.8686431949874973,0.7243745576192395
19077,PTVM,0.9270833333333334,0.28125,0.12964563526361278,0.7237991666666632,0.94,0.8128331646139433
19077,FULL,0.8958333333333334,0.3125,0.08556611927398444,0.7035491666666636,0.94,0.799399067811869
19077,simple_two_signal_learner,0.8020833333333334,0.375,0.18236819360414866,0.6583708333333295,0.8218752463466752,0.7249940696125027
19078,PTVM,0.945054945054945,0.21978021978021978,0.16123348017621145,0.7496808333333302,0.94,0.8337449408695188
19078,FULL,0.9120879120879121,0.25274725274725274,0.11189427312775331,0.7265091666666637,0.94,0.8196879974806757
19078,simple_two_signal_learner,0.8901098901098901,0.26373626373626374,0.17973568281938326,0.6925908333333304,0.867633901284184,0.788299472868357
19079,PTVM,0.9166666666666666,0.25,0.13839285714285715,0.7461158333333302,0.94,0.8213503869047611
19079,FULL,0.875,0.2916666666666667,0.09910714285714285,0.7077674999999971,0.94,0.796703779761904
19079,simple_two_signal_learner,0.825,0.3416666666666667,0.16964285714285715,0.7018374999999971,0.8811376831245886,0.7536141369047612
19080,PTVM,0.9907407407407407,0.18518518518518517,0.17657497781721385,0.7656858333333302,0.94,0.8570323886958158
19080,FULL,0.9444444444444444,0.21296296296296297,0.12777284826974267,0.7391566666666634,0.94,0.8393271896053098
19080,simple_two_signal_learner,0.8518518518518519,0.2962962962962963,0.2236024844720497,0.6994124999999969,0.8805478370520837,0.7616141095870708
19081,PTVM,0.897196261682243,0.2897196261682243,0.15148861646234676,0.74693583333333,0.94,0.80316520700348
19081,FULL,0.8785046728971962,0.308411214953271,0.11033274956217162,0.7281466666666633,0.94,0.7964187148850727
19081,simple_two_signal_learner,0.7850467289719626,0.38317757009345793,0.20490367775831875,0.6849549999999964,0.850320825563187,0.7199776406165597
19082,PTVM,0.9191919191919192,0.23232323232323232,0.14910714285714285,0.7345191666666634,0.94,0.8214851307720049
19082,FULL,0.8787878787878788,0.26262626262626265,0.10178571428571428,0.7051274999999969,0.94,0.8039045301226544
19082,simple_two_signal_learner,0.8383838383838383,0.30303030303030304,0.17946428571428572,0.6637383333333301,0.8393935437102712,0.7557993019480511
19083,PTVM,0.9245283018867925,0.19811320754716982,0.1726872246696035,0.7169591666666637,0.94,0.8225325354119906
19083,FULL,0.8773584905660378,0.22641509433962265,0.1171806167400881,0.6936508333333303,0.94,0.8065803585702206
19083,simple_two_signal_learner,0.8113207547169812,0.29245283018867924,0.213215859030837,0.6610124999999969,0.8840219122635637,0.7428929720617563
19084,PTVM,0.9479166666666666,0.25,0.1447721179624665,0.7550449999999966,0.94,0.8316818264075059
19084,FULL,0.8958333333333334,0.3020833333333333,0.09830205540661305,0.7289374999999967,0.94,0.8058031305853433
19084,simple_two_signal_learner,0.8333333333333334,0.3541666666666667,0.17962466487935658,0.7041524999999971,0.8051279587681877,0.7515715253574613
19085,PTVM,0.941747572815534,0.24271844660194175,0.17098445595854922,0.7174474999999966,0.94,0.817009644002464
19085,FULL,0.9223300970873787,0.2524271844660194,0.11226252158894647,0.6992424999999968,0.94,0.8159503536919187
19085,simple_two_signal_learner,0.8446601941747572,0.32038834951456313,0.19430051813471502,0.6675091666666632,0.8298198891457554,0.7513181589135092
19086,PTVM,0.9433962264150944,0.2830188679245283,0.13416815742397137,0.7141008333333297,0.94,0.8139557277919344
19086,FULL,0.8962264150943396,0.330188679245283,0.09391771019677997,0.6880691666666631,0.94,0.7895545043442909
19086,simple_two_signal_learner,0.839622641509434,0.37735849056603776,0.18962432915921287,0.6553224999999965,0.9028829103783124,0.7334529289794773
19087,PTVM,0.9238095238095239,0.3142857142857143,0.17219730941704037,0.742354999999997,0.94,0.7997207166880198
19087,FULL,0.8761904761904762,0.3619047619047619,0.1273542600896861,0.7164641666666636,0.94,0.776026142029681
19087,simple_two_signal_learner,0.8380952380952381,0.3904761904761905,0.2179372197309417,0.6807824999999966,0.8289159879249679,0.7304177048633347
19088,PTVM,0.9722222222222222,0.23148148148148148,0.1489547038327526,0.7020199999999972,0.94,0.8295103555297452
19088,FULL,0.9444444444444444,0.24074074074074073,0.10452961672473868,0.6860349999999976,0.94,0.8237509748031999
19088,simple_two_signal_learner,0.8425925925925926,0.32407407407407407,0.15418118466898956,0.6774599999999974,0.9147524516633655,0.7602880223254607
19089,PTVM,0.9540229885057471,0.2413793103448276,0.1791044776119403,0.7136208333333297,0.94,0.8184463817764616
19089,FULL,0.9310344827586207,0.25287356321839083,0.11852502194907814,0.6924683333333298,0.94,0.8155040329665053
19089,simple_two_signal_learner,0.8505747126436781,0.3218390804597701,0.17998244073748904,0.6638599999999969,0.9080152901975175,0.7546811555306623
19090,PTVM,0.9514563106796117,0.24271844660194175,0.13339145597210114,0.7229416666666636,0.94,0.8288144070256438
19090,FULL,0.9029126213592233,0.2912621359223301,0.09415867480383609,0.6881066666666636,0.94,0.8012531841330831
19090,simple_two_signal_learner,0.8058252427184466,0.3786407766990291,0.1935483870967742,0.6488924999999962,0.8473494477243126,0.7206008262214209
19091,PTVM,0.9357798165137615,0.23853211009174313,0.15611061552185548,0.7393249999999966,0.94,0.8247100443268207
19091,FULL,0.8715596330275229,0.28440366972477066,0.10883140053523639,0.7150708333333301,0.94,0.7973684007033495
19091,simple_two_signal_learner,0.8348623853211009,0.3211009174311927,0.19625334522747548,0.6735849999999969,0.8949492898518245,0.7493290671930363
19092,PTVM,0.9560439560439561,0.21978021978021978,0.15316901408450703,0.7346066666666634,0.94,0.8348859957178963
19092,FULL,0.9230769230769231,0.25274725274725274,0.11267605633802817,0.7101108333333304,0.94,0.8187287608019906
19092,simple_two_signal_learner,0.7802197802197802,0.3516483516483517,0.1936619718309859,0.6789949999999965,0.8928047908832786,0.7271702017876481
19093,PTVM,0.9285714285714286,0.19642857142857142,0.1343906510851419,0.7457083333333304,0.94,0.83901323883059
19093,FULL,0.8928571428571429,0.23214285714285715,0.1010016694490818,0.7052933333333303,0.94,0.8159444280149448
19093,simple_two_signal_learner,0.7857142857142857,0.3392857142857143,0.2045075125208681,0.6354741666666631,0.8056289161947153,0.7188598963053493
19094,PTVM,0.9479166666666666,0.25,0.1574468085106383,0.7499841666666641,0.94,0.8278816799645383
19094,FULL,0.9270833333333334,0.2604166666666667,0.1072340425531915,0.7247424999999974,0.94,0.8227596498226944
19094,simple_two_signal_learner,0.8645833333333334,0.3125,0.18553191489361703,0.6878608333333303,0.8992784124024653,0.7661088253546091
19095,PTVM,0.9504950495049505,0.26732673267326734,0.15303430079155672,0.7352833333333308,0.94,0.8215308048581897
19095,FULL,0.900990099009901,0.31683168316831684,0.11257695690413369,0.7110299999999974,0.94,0.7963312175300636
19095,simple_two_signal_learner,0.7722772277227723,0.42574257425742573,0.19876868953386104,0.6695108333333302,0.8460941660868366,0.7028714951790356
19096,PTVM,0.9680851063829787,0.24468085106382978,0.1672473867595819,0.7537383333333306,0.94,0.8342404251303525
19096,FULL,0.925531914893617,0.2765957446808511,0.11149825783972125,0.7240733333333306,0.94,0.8172293200632607
19096,simple_two_signal_learner,0.851063829787234,0.3404255319148936,0.17073170731707318,0.6887908333333302,0.8897135074578549,0.7582641328273647
19097,PTVM,0.956989247311828,0.20430107526881722,0.14646904969485613,0.7508366666666634,0.94,0.8444368621040387
19097,FULL,0.8709677419354839,0.26881720430107525,0.0985178727114211,0.7266891666666637,0.94,0.8060547386297581
19097,simple_two_signal_learner,0.7849462365591398,0.34408602150537637,0.16826503923278116,0.6772266666666638,0.8490681661826648,0.7351160244115075
19098,PTVM,0.9583333333333334,0.16666666666666666,0.14435695538057744,0.7529758333333312,0.94,0.8552059005905506
19098,FULL,0.9375,0.1875,0.09711286089238845,0.7256074999999981,0.94,0.8463543028215218
19098,simple_two_signal_learner,0.875,0.25,0.1609798775153106,0.6953991666666646,0.905176458695728,0.791653816163604
19099,PTVM,0.9423076923076923,0.27884615384615385,0.1365600691443388,0.7150333333333303,0.94,0.8144270887352341
19099,FULL,0.9134615384615384,0.3076923076923077,0.09420916162489196,0.6961866666666635,0.94,0.8023202189570721
19099,simple_two_signal_learner,0.7884615384615384,0.40384615384615385,0.18236819360414866,0.6416049999999963,0.846663493919382,0.7095045343560924
19100,PTVM,0.9361702127659575,0.22340425531914893,0.1840277777777778,0.7387841666666635,0.94,0.8228904861111104
19100,FULL,0.8936170212765957,0.2553191489361702,0.1328125,0.7270741666666637,0.94,0.809461360815602
19100,simple_two_signal_learner,0.7553191489361702,0.35106382978723405,0.23524305555555555,0.670856666666663,0.8557143816257278,0.7094953427895971
19101,PTVM,0.9272727272727272,0.20909090909090908,0.14517506404782238,0.7043458333333298,0.94,0.8229605364328588
19101,FULL,0.9,0.22727272727272727,0.09991460290350128,0.6758899999999965,0.94,0.8121713976011171
19101,simple_two_signal_learner,0.8181818181818182,0.3090909090909091,0.1690862510674637,0.63416333333333,0.8411640111132458,0.7429054013016579
19102,PTVM,0.9813084112149533,0.16822429906542055,0.15051020408163265,0.750769999999997,0.94,0.8599269077818035
19102,FULL,0.9532710280373832,0.18691588785046728,0.11054421768707483,0.7363983333333306,0.94,0.8512430762445158
19102,simple_two_signal_learner,0.9158878504672897,0.21495327102803738,0.19047619047619047,0.7117591666666642,0.9095922574600779,0.8108725909546055
19103,PTVM,0.9514563106796117,0.20388349514563106,0.15933098591549297,0.7119899999999969,0.94,0.8305973222343763
19103,FULL,0.9029126213592233,0.24271844660194175,0.11707746478873239,0.6863749999999968,0.94,0.8083724317995343
19103,simple_two_signal_learner,0.7864077669902912,0.3300970873786408,0.19806338028169015,0.6494566666666636,0.8899167730254252,0.726149548862755
19104,PTVM,0.9158878504672897,0.24299065420560748,0.1650902837489252,0.7356908333333297,0.94,0.8149233431723325
19104,FULL,0.8691588785046729,0.2803738317757009,0.11006018916595013,0.7206016666666635,0.94,0.7987925844409525
19104,simple_two_signal_learner,0.794392523364486,0.35514018691588783,0.16766981943250214,0.6983191666666638,0.8958842085812254,0.7405785380605393
19105,PTVM,0.9230769230769231,0.17582417582417584,0.13757523645743766,0.7614883333333303,0.94,0.845824069008878
19105,FULL,0.9010989010989011,0.1978021978021978,0.09630266552020636,0.7478708333333306,0.94,0.8385862961084123
19105,simple_two_signal_learner,0.8571428571428571,0.24175824175824176,0.1702493551160791,0.7066224999999974,0.8722233941828715,0.7893090506800802
19106,PTVM,0.9223300970873787,0.3106796116504854,0.15411255411255412,0.7233208333333296,0.94,0.7990368237244139
19106,FULL,0.883495145631068,0.33980582524271846,0.10995670995670996,0.6903683333333297,0.94,0.7806978287206312
19106,simple_two_signal_learner,0.7961165048543689,0.4174757281553398,0.18961038961038962,0.6421833333333301,0.8109007310324223,0.7070897748287304
19107,PTVM,0.9523809523809523,0.21904761904761905,0.1703835860838537,0.7154383333333302,0.94,0.8257352470689426
19107,FULL,0.9238095238095239,0.24761904761904763,0.11239964317573595,0.6913891666666637,0.94,0.815605458269614
19107,simple_two_signal_learner,0.8666666666666667,0.3047619047619048,0.21766280107047278,0.6524766666666628,0.810452337123841,0.753396130262095
19108,PTVM,0.9428571428571428,0.23809523809523808,0.1609403254972875,0.740707499999997,0.94,0.8263221432338751
19108,FULL,0.9238095238095239,0.2571428571428571,0.10669077757685352,0.7138524999999967,0.94,0.8199821123417713
19108,simple_two_signal_learner,0.8285714285714286,0.3238095238095238,0.19981916817359854,0.6788199999999963,0.8748317203705355,0.7473602139843271
19109,PTVM,0.9298245614035088,0.30701754385964913,0.1762652705061082,0.6894749999999965,0.94,0.7893086783549177
19109,FULL,0.8859649122807017,0.34210526315789475,0.1256544502617801,0.6650099999999967,0.94,0.77138476784238
19109,simple_two_signal_learner,0.7631578947368421,0.40350877192982454,0.20680628272251309,0.6314391666666639,0.867406429212809,0.6945687105607599
19110,PTVM,0.9207920792079208,0.31683168316831684,0.15611448395490027,0.7397883333333306,0.94,0.8007538895126496
19110,FULL,0.900990099009901,0.33663366336633666,0.11101474414570685,0.7294041666666641,0.94,0.7962867066989108
19110,simple_two_signal_learner,0.8217821782178217,0.38613861386138615,0.17519514310494363,0.6930274999999972,0.8900623398584615,0.7382178463790106
19111,PTVM,0.9734513274336283,0.18584070796460178,0.14759825327510917,0.7267191666666637,0.94,0.8477353622505821
19111,FULL,0.911504424778761,0.24778761061946902,0.0943231441048035,0.7000816666666636,0.94,0.8176602126244663
19111,simple_two_signal_learner,0.8053097345132744,0.34513274336283184,0.1947598253275109,0.642537499999997,0.9303200337567797,0.7269921444477714
19112,PTVM,0.9456521739130435,0.22826086956521738,0.1406113537117904,0.7518449999999971,0.94,0.8364694140402499
19112,FULL,0.9021739130434783,0.2608695652173913,0.10131004366812227,0.7315441666666639,0.94,0.8180588155417372
19112,simple_two_signal_learner,0.8695652173913043,0.2826086956521739,0.2034934497816594,0.675194999999997,0.8555605371259329,0.7683174513480152
19113,PTVM,0.9545454545454546,0.18181818181818182,0.14705882352941177,0.777047499999997,0.94,0.8557592012032078
19113,FULL,0.9204545454545454,0.2159090909090909,0.0962566844919786,0.7540058333333306,0.94,0.8414092123440279
19113,simple_two_signal_learner,0.8522727272727273,0.2727272727272727,0.17201426024955438,0.7079208333333304,0.8966500581586785,0.7800773562834218
19114,PTVM,0.9134615384615384,0.23076923076923078,0.16493055555555555,0.7605641666666632,0.94,0.8235010844017085
19114,FULL,0.875,0.2692307692307692,0.11197916666666667,0.7337874999999965,0.94,0.8062433493589736
19114,simple_two_signal_learner,0.7692307692307693,0.36538461538461536,0.18663194444444445,0.7000399999999968,0.8641399271475528,0.7271066880341872
19115,PTVM,0.9130434782608695,0.22826086956521738,0.1694915254237288,0.7364366666666633,0.94,0.8170586876688766
19115,FULL,0.8478260869565217,0.2826086956521739,0.11864406779661017,0.7112049999999968,0.94,0.7877680886145901
19115,simple_two_signal_learner,0.7391304347826086,0.3804347826086957,0.1873327386262266,0.6876699999999967,0.8559297021580484,0.7110813870573626
19116,PTVM,0.9333333333333333,0.26666666666666666,0.18442256042972247,0.718009166666664,0.94,0.8059511129140549
19116,FULL,0.9333333333333333,0.26666666666666666,0.12444046553267682,0.7057908333333308,0.94,0.8148929485601306
19116,simple_two_signal_learner,0.8888888888888888,0.3,0.17994628469113697,0.6837849999999974,0.8489249566509302,0.7766236597284386
19117,PTVM,0.9444444444444444,0.3148148148148148,0.12543859649122807,0.7150816666666632,0.94,0.8083123269980498
19117,FULL,0.9074074074074074,0.3425925925925926,0.08157894736842106,0.6911816666666634,0.94,0.7930537012670558
19117,simple_two_signal_learner,0.7962962962962963,0.42592592592592593,0.17543859649122806,0.6466999999999966,0.9041037593449884,0.7089946881091609
19118,PTVM,0.9444444444444444,0.2777777777777778,0.14734088927637315,0.760391666666664,0.94,0.8245186277002803
19118,FULL,0.9111111111111111,0.3,0.08979947689625109,0.7371424999999974,0.94,0.8146590629540824
19118,simple_two_signal_learner,0.7777777777777778,0.4111111111111111,0.15954664341761116,0.7107408333333305,0.8553135633900032,0.726331435205366
19119,PTVM,0.9767441860465116,0.23255813953488372,0.15821678321678323,0.7367283333333302,0.94,0.8374224476202083
19119,FULL,0.9069767441860465,0.29069767441860467,0.11188811188811189,0.7018683333333301,0.94,0.8025080656068728
19119,simple_two_signal_learner,0.7790697674418605,0.3488372093023256,0.18793706293706294,0.6622183333333305,0.85109562136492,0.7244787986528968
19120,PTVM,0.9302325581395349,0.27906976744186046,0.14741379310344827,0.7307549999999966,0.94,0.8125083169607048
19120,FULL,0.872093023255814,0.313953488372093,0.10431034482758621,0.7030916666666633,0.94,0.7880503825848696
19120,simple_two_signal_learner,0.7441860465116279,0.4069767441860465,0.16982758620689656,0.6629299999999962,0.8787555023394675,0.7032786106655965
19121,PTVM,0.9555555555555556,0.3,0.1696969696969697,0.7313866666666639,0.94,0.8105739393939386
19121,FULL,0.9222222222222223,0.3111111111111111,0.12554112554112554,0.7019999999999972,0.94,0.7992806637806631
19121,simple_two_signal_learner,0.8444444444444444,0.35555555555555557,0.21385281385281385,0.6638333333333304,0.9099323489950933,0.7376322150072143
19122,PTVM,0.9032258064516129,0.21505376344086022,0.15691489361702127,0.7500699999999968,0.94,0.8233388223518637
19122,FULL,0.8817204301075269,0.22580645161290322,0.11524822695035461,0.7278883333333304,0.94,0.8169869540722939
19122,simple_two_signal_learner,0.8064516129032258,0.2903225806451613,0.22429078014184398,0.7033216666666634,0.8884259325970628,0.7503270993479745
19123,PTVM,0.925531914893617,0.2765957446808511,0.15717926932880205,0.7261666666666635,0.94,0.8086164510987777
19123,FULL,0.8936170212765957,0.30851063829787234,0.11045029736618521,0.7004191666666637,0.94,0.7939721790019395
19123,simple_two_signal_learner,0.7659574468085106,0.3617021276595745,0.221750212404418,0.6625758333333308,0.8949956916244926,0.7106556179801087
19124,PTVM,0.9042553191489362,0.2765957446808511,0.15766550522648085,0.7291433333333301,0.94,0.8028803918625045
19124,FULL,0.851063829787234,0.32978723404255317,0.09581881533101046,0.7089008333333302,0.94,0.7809337856926624
19124,simple_two_signal_learner,0.8085106382978723,0.3617021276595745,0.18205574912891986,0.6611041666666634,0.9142395840320843,0.7309925514153499
19125,PTVM,0.9722222222222222,0.18518518518518517,0.1672504378283713,0.7199283333333295,0.94,0.8419023661380285
19125,FULL,0.9537037037037037,0.19444444444444445,0.1042031523642732,0.7034824999999963,0.94,0.8425299945271444
19125,simple_two_signal_learner,0.8240740740740741,0.28703703703703703,0.1733800350262697,0.6540708333333298,0.8731392305437022,0.7543046642910415
19126,PTVM,0.967391304347826,0.25,0.15043478260869564,0.7392316666666633,0.94,0.8324383514492746
19126,FULL,0.8804347826086957,0.33695652173913043,0.10173913043478261,0.7023891666666635,0.94,0.7851407699275355
19126,simple_two_signal_learner,0.8478260869565217,0.3695652173913043,0.16521739130434782,0.67190333333333,0.9036178137398377,0.7468888768115933
19127,PTVM,0.9911504424778761,0.17699115044247787,0.13869257950530034,0.7359324999999969,0.94,0.8593419542316826
19127,FULL,0.9557522123893806,0.21238938053097345,0.0892226148409894,0.7132466666666636,0.94,0.8440954622825388
19127,simple_two_signal_learner,0.8672566371681416,0.2831858407079646,0.1687279151943463,0.6702066666666628,0.8857241514585225,0.7731866146012478
19128,PTVM,0.9587628865979382,0.20618556701030927,0.175,0.7474016666666636,0.94,0.83793289089347
19128,FULL,0.9278350515463918,0.2268041237113402,0.11696428571428572,0.7382466666666638,0.94,0.8328182940598913
19128,simple_two_signal_learner,0.8762886597938144,0.27835051546391754,0.21071428571428572,0.6915524999999972,0.8742474483930112,0.7740442369293071
19129,PTVM,0.9504950495049505,0.21782178217821782,0.16943231441048034,0.7355458333333302,0.94,0.8306930647581672
19129,FULL,0.9108910891089109,0.24752475247524752,0.11965065502183406,0.7058808333333301,0.94,0.8139262159428271
19129,simple_two_signal_learner,0.7821782178217822,0.3465346534653465,0.18602620087336244,0.6638858333333297,0.8003619045201653,0.7267860201388581
19130,PTVM,0.9157894736842105,0.22105263157894736,0.15807860262008733,0.7305483333333297,0.94,0.8204950470198412
19130,FULL,0.8421052631578947,0.28421052631578947,0.11091703056768559,0.7074924999999965,0.94,0.786268666254883
19130,simple_two_signal_learner,0.7473684210526316,0.35789473684210527,0.21222707423580786,0.6704174999999966,0.852807021646555,0.7098958022581008
19131,PTVM,0.9278350515463918,0.28865979381443296,0.1514360313315927,0.7007916666666631,0.94,0.8010962774106565
19131,FULL,0.9072164948453608,0.28865979381443296,0.09747606614447346,0.6873891666666634,0.94,0.8023520784377711
19131,simple_two_signal_learner,0.7731958762886598,0.4020618556701031,0.16100957354221063,0.6554049999999969,0.8777102224741429,0.7130926342606293
19132,PTVM,0.9285714285714286,0.25,0.1694036300777874,0.7227516666666639,0.94,0.812878619222537
19132,FULL,0.875,0.29464285714285715,0.12445980985306827,0.6968758333333307,0.94,0.7881662820770048
19132,simple_two_signal_learner,0.7589285714285714,0.4017857142857143,0.19878997407087295,0.653502499999997,0.8754523597183146,0.7008497730429675
19133,PTVM,0.9368421052631579,0.24210526315789474,0.14887892376681613,0.7150841666666637,0.94,0.8195215727027764
19133,FULL,0.8842105263157894,0.28421052631578947,0.10672645739910314,0.6892674999999973,0.94,0.7951821098359682
19133,simple_two_signal_learner,0.7684210526315789,0.3684210526315789,0.21345291479820627,0.6457699999999966,0.9015735788786949,0.7071729696719368
19134,PTVM,0.9576271186440678,0.19491525423728814,0.14098073555166374,0.7387991666666633,0.94,0.8450629665902314
19134,FULL,0.8813559322033898,0.2542372881355932,0.09719789842381786,0.710397499999997,0.94,0.8090072529423543
19134,simple_two_signal_learner,0.8220338983050848,0.3050847457627119,0.15411558669001751,0.6920424999999973,0.900915907960042,0.7625264907128433
19135,PTVM,0.898989898989899,0.25252525252525254,0.13991031390134528,0.7481366666666632,0.94,0.8156177604520534
19135,FULL,0.8383838383838383,0.31313131313131315,0.09327354260089686,0.7179158333333301,0.94,0.7840565730454763
19135,simple_two_signal_learner,0.7474747474747475,0.40404040404040403,0.14439461883408072,0.6844474999999968,0.8687988218500705,0.7154652744655063
19136,PTVM,0.9587628865979382,0.24742268041237114,0.1652249134948097,0.7715033333333307,0.94,0.8356040465106593
19136,FULL,0.9278350515463918,0.27835051546391754,0.11764705882352941,0.7603499999999973,0.94,0.8253209748332316
19136,simple_two_signal_learner,0.845360824742268,0.35051546391752575,0.22058823529411764,0.7070649999999968,0.8388932991609055,0.7486279843844746
19137,PTVM,0.9528301886792453,0.20754716981132076,0.14871794871794872,0.772642499999998,0.94,0.8473792994073532
19137,FULL,0.9245283018867925,0.2358490566037736,0.10512820512820513,0.7423774999999978,0.94,0.8329649603894528
19137,simple_two_signal_learner,0.8301886792452831,0.32075471698113206,0.19743589743589743,0.6899741666666638,0.9123102292066555,0.7518742867077884
19138,PTVM,0.9393939393939394,0.18181818181818182,0.14906832298136646,0.7531658333333304,0.94,0.8448414301006957
19138,FULL,0.9090909090909091,0.21212121212121213,0.1064773735581189,0.7306724999999974,0.94,0.8310696199853451
19138,simple_two_signal_learner,0.8484848484848485,0.2727272727272727,0.17036379769299023,0.7110624999999974,0.8977082953341714,0.7800565018250377
19139,PTVM,0.9514563106796117,0.17475728155339806,0.13781223083548666,0.7473191666666635,0.94,0.8510149183151026
19139,FULL,0.941747572815534,0.18446601941747573,0.0921619293712317,0.7341866666666639,0.94,0.8515220477827109
19139,simple_two_signal_learner,0.8932038834951457,0.22330097087378642,0.21016365202411713,0.679529999999997,0.8959284311524204,0.7899856919252729
19140,PTVM,0.925531914893617,0.24468085106382978,0.15025906735751296,0.6950158333333295,0.94,0.8101915065639574
19140,FULL,0.8829787234042553,0.2872340425531915,0.09844559585492228,0.6772641666666636,0.94,0.7927120288786602
19140,simple_two_signal_learner,0.7659574468085106,0.3723404255319149,0.18998272884283246,0.6377633333333298,0.8602250519882899,0.7081464152243405
19141,PTVM,0.9425287356321839,0.1839080459770115,0.15687992988606486,0.7387574999999974,0.94,0.8400949982181887
19141,FULL,0.9080459770114943,0.21839080459770116,0.10517090271691498,0.7055549999999974,0.94,0.8231706614106393
19141,simple_two_signal_learner,0.8620689655172413,0.2413793103448276,0.1691498685363716,0.6695691666666641,0.9153733955594238,0.7818381800283573
19142,PTVM,0.9666666666666667,0.2222222222222222,0.16937553464499572,0.70811333333333,0.94,0.8275976708487778
19142,FULL,0.9111111111111111,0.2777777777777778,0.1283147989734816,0.685164999999997,0.94,0.7995171790941918
19142,simple_two_signal_learner,0.8222222222222222,0.3333333333333333,0.2215568862275449,0.6572274999999966,0.9294405084156434,0.7333288310878235
19143,PTVM,0.9139784946236559,0.26881720430107525,0.14027149321266968,0.7365966666666636,0.94,0.8130841153359599
19143,FULL,0.8709677419354839,0.3010752688172043,0.1076923076923077,0.7061608333333304,0.94,0.7910232521712152
19143,simple_two_signal_learner,0.7741935483870968,0.3763440860215054,0.2081447963800905,0.6573724999999967,0.8985634847499091,0.7108862087347337
19144,PTVM,0.956989247311828,0.25806451612903225,0.16507384882710685,0.7530916666666635,0.94,0.8278387920625349
19144,FULL,0.9354838709677419,0.27956989247311825,0.11468288444830582,0.7239924999999969,0.94,0.8188142362823811
19144,simple_two_signal_learner,0.8064516129032258,0.3763440860215054,0.20243266724587317,0.6777058333333301,0.871204462622059,0.7267893872497493
19145,PTVM,0.9693877551020408,0.1836734693877551,0.1556122448979592,0.7592933333333303,0.94,0.8535988435374142
19145,FULL,0.9285714285714286,0.21428571428571427,0.11139455782312925,0.7468516666666641,0.94,0.8394340051020401
19145,simple_two_signal_learner,0.826530612244898,0.2857142857142857,0.20068027210884354,0.7105866666666637,0.8577796483127397,0.7640412244897953
19146,PTVM,0.968421052631579,0.16842105263157894,0.17198581560283688,0.7612116666666641,0.94,0.8543268061776776
19146,FULL,0.9473684210526315,0.18947368421052632,0.11436170212765957,0.7374183333333308,0.94,0.8483243481709586
19146,simple_two_signal_learner,0.8526315789473684,0.28421052631578947,0.17907801418439717,0.7066883333333306,0.9284988597013073,0.7755933226017163
19147,PTVM,0.9444444444444444,0.2222222222222222,0.13903743315508021,0.7394449999999965,0.94,0.8348315411467608
19147,FULL,0.8888888888888888,0.2777777777777778,0.09536541889483066,0.7011999999999964,0.94,0.8034491384432552
19147,simple_two_signal_learner,0.8222222222222222,0.34444444444444444,0.18538324420677363,0.6458958333333301,0.8827659107275341,0.7349528650475334
19148,PTVM,0.9347826086956522,0.2717391304347826,0.14235190097259062,0.7382099999999968,0.94,0.8185821198054811
19148,FULL,0.9130434782608695,0.2826086956521739,0.09902740937223696,0.7282166666666636,0.94,0.815509554357436
19148,simple_two_signal_learner,0.8586956521739131,0.33695652173913043,0.20335985853227231,0.6830841666666636,0.8926282058551412,0.7534686351776028
19149,PTVM,0.9523809523809523,0.2857142857142857,0.16091954022988506,0.7188374999999965,0.94,0.8118111812397364
19149,FULL,0.8928571428571429,0.32142857142857145,0.10875331564986737,0.6978824999999964,0.94,0.7902199618700256
19149,simple_two_signal_learner,0.8214285714285714,0.35714285714285715,0.1865605658709107,0.6658624999999965,0.9001365230691176,0.7362963689686741
19150,PTVM,0.9223300970873787,0.2524271844660194,0.1681109185441941,0.7315641666666634,0.94,0.8128610909675358
19150,FULL,0.8543689320388349,0.32038834951456313,0.11525129982668977,0.713544999999997,0.94,0.781549582267671
19150,simple_two_signal_learner,0.6699029126213593,0.47572815533980584,0.17850953206239167,0.6766649999999974,0.8389243355432043,0.6655031785389773
19151,PTVM,0.9120879120879121,0.24175824175824176,0.13368983957219252,0.7320291666666631,0.94,0.8194561369390404
19151,FULL,0.8571428571428571,0.2857142857142857,0.09893048128342247,0.7008241666666634,0.94,0.7911342311242671
19151,simple_two_signal_learner,0.7472527472527473,0.3626373626373626,0.17557932263814616,0.65500833333333,0.8727319244828718,0.7121527023221867
19152,PTVM,0.94,0.29,0.1402439024390244,0.7297333333333306,0.94,0.8138845528455277
19152,FULL,0.88,0.33,0.09581881533101046,0.6932416666666638,0.94,0.7856466536004638
19152,simple_two_signal_learner,0.76,0.41,0.17334494773519163,0.6587016666666636,0.8626567315084698,0.7055064271196276
19153,PTVM,0.9387755102040817,0.21428571428571427,0.15221238938053097,0.7481633333333303,0.94,0.8346595799470223
19153,FULL,0.8877551020408163,0.2653061224489796,0.1079646017699115,0.7341816666666638,0.94,0.8119524963126836
19153,simple_two_signal_learner,0.6938775510204082,0.41836734693877553,0.1831858407079646,0.6897941666666637,0.8280163478398466,0.6893828020965015
19154,PTVM,0.9438202247191011,0.24719101123595505,0.15371024734982333,0.7215299999999965,0.94,0.8209887651367761
19154,FULL,0.8876404494382022,0.2808988764044944,0.10335689045936396,0.6973699999999965,0.94,0.7997385376384634
19154,simple_two_signal_learner,0.7752808988764045,0.38202247191011235,0.18462897526501768,0.6740549999999967,0.8488801413488944,0.7186666066323888
19155,PTVM,0.8736842105263158,0.28421052631578947,0.16050495942290352,0.7327491666666636,0.94,0.7921389313610325
19155,FULL,0.8315789473684211,0.3263157894736842,0.11632100991884581,0.6925791666666639,0.94,0.767775326525002
19155,simple_two_signal_learner,0.7263157894736842,0.4105263157894737,0.1812443642921551,0.6545658333333295,0.8880185950601388,0.6926557433696383
19156,PTVM,0.9134615384615384,0.25,0.13150926743159752,0.7200366666666631,0.94,0.8152457747188078
19156,FULL,0.8942307692307693,0.2692307692307692,0.09355692850838482,0.7012708333333301,0.94,0.807567861093194
19156,simple_two_signal_learner,0.7596153846153846,0.38461538461538464,0.176522506619594,0.6663674999999969,0.8189679321836859,0.7130181429068496
19157,PTVM,0.9351851851851852,0.24074074074074073,0.17814113597246128,0.7502008333333297,0.94,0.8222923515092107
19157,FULL,0.9166666666666666,0.25,0.12306368330464716,0.7292999999999966,0.94,0.8202122633390697
19157,simple_two_signal_learner,0.7314814814814815,0.39814814814814814,0.21686746987951808,0.6739216666666629,0.8924918641178085,0.6950143300981695
19158,PTVM,0.9901960784313726,0.23529411764705882,0.16508210890233363,0.7278783333333299,0.94,0.8371884556705128
19158,FULL,0.9313725490196079,0.27450980392156865,0.11408815903197926,0.7094666666666635,0.94,0.8153333485857602
19158,simple_two_signal_learner,0.8725490196078431,0.3235294117647059,0.17891097666378566,0.676162499999997,0.9043688183409628,0.7641407826084187
19159,PTVM,0.94,0.24,0.16069868995633188,0.712452499999996,0.94,0.8179733870087326
19159,FULL,0.9,0.28,0.11790393013100436,0.6943349999999964,0.94,0.8000029639737982
19159,simple_two_signal_learner,0.81,0.35,0.22096069868995633,0.6432116666666631,0.8748827067249026,0.7221107769286745
19160,PTVM,0.9519230769230769,0.25,0.18360375747224594,0.7412099999999967,0.94,0.8216586715824731
19160,FULL,0.9326923076923077,0.2692307692307692,0.12382578992314261,0.7179241666666635,0.94,0.8172158836820373
19160,simple_two_signal_learner,0.8269230769230769,0.375,0.18360375747224594,0.7016341666666635,0.8881994171935019,0.7430147132491397
19161,PTVM,0.9705882352941176,0.17647058823529413,0.1545372866127583,0.7503733333333305,0.94,0.8537446995401927
19161,FULL,0.9313725490196079,0.21568627450980393,0.09973045822102426,0.7179391666666639,0.94,0.8350288961008925
19161,simple_two_signal_learner,0.8627450980392157,0.28431372549019607,0.18778077268643306,0.6813641666666639,0.9050748677723855,0.770529985168595
19162,PTVM,0.9,0.25,0.14926660914581535,0.7419649999999969,0.94,0.8131379281708362
19162,FULL,0.81,0.32,0.1095772217428818,0.7159174999999969,0.94,0.770063930651423
19162,simple_two_signal_learner,0.74,0.39,0.18895599654874892,0.6699508333333297,0.8441934733848537,0.7041965090235827
19163,PTVM,0.9583333333333334,0.28125,0.15839860748476936,0.7250766666666636,0.94,0.816776945169712
19163,FULL,0.9166666666666666,0.3229166666666667,0.10879025239338555,0.7045808333333303,0.94,0.7986579911879887
19163,simple_two_signal_learner,0.7291666666666666,0.4479166666666667,0.19669277632724108,0.6566524999999966,0.8533890537826861,0.6815954030678842
19164,PTVM,0.9523809523809523,0.27380952380952384,0.17530224525043178,0.7296733333333298,0.94,0.8146197890451509
19164,FULL,0.9166666666666666,0.30952380952380953,0.11053540587219343,0.7076558333333302,0.94,0.8024259247779415
19164,simple_two_signal_learner,0.8690476190476191,0.34523809523809523,0.21675302245250433,0.6652366666666633,0.8051244959742917,0.747363324080927
19165,PTVM,0.9230769230769231,0.2980769230769231,0.14680483592400692,0.7491516666666632,0.94,0.8103307956357105
19165,FULL,0.8557692307692307,0.3557692307692308,0.11053540587219343,0.7216941666666635,0.94,0.7761049220306887
19165,simple_two_signal_learner,0.7884615384615384,0.40384615384615385,0.19689119170984457,0.675922499999997,0.8601666136627711,0.7151793097349534
19166,PTVM,0.9504950495049505,0.21782178217821782,0.16094986807387862,0.7108649999999966,0.94,0.826219345692154
19166,FULL,0.9108910891089109,0.25742574257425743,0.11609498680738786,0.6847316666666635,0.94,0.8068748103942972
19166,simple_two_signal_learner,0.8118811881188119,0.33663366336633666,0.20580474934036938,0.6476524999999969,0.8951925269999147,0.7301581157259847
19167,PTVM,0.9560439560439561,0.21978021978021978,0.15996578272027373,0.7019516666666633,0.94,0.825362891990743
19167,FULL,0.9560439560439561,0.21978021978021978,0.11291702309666382,0.6878349999999969,0.94,0.8312434772487982
19167,simple_two_signal_learner,0.9010989010989011,0.26373626373626374,0.1770744225834046,0.6636308333333305,0.9052592355909608,0.7848884282122561
19168,PTVM,0.9885057471264368,0.20689655172413793,0.13784021071115013,0.7693208333333305,0.94,0.8595897523979991
19168,FULL,0.9655172413793104,0.22988505747126436,0.09482001755926252,0.7540774999999975,0.94,0.8517392795341239
19168,simple_two_signal_learner,0.8850574712643678,0.28735632183908044,0.18349429323968394,0.7119974999999971,0.8663220748831041,0.7849786772716028
19169,PTVM,0.9439252336448598,0.21495327102803738,0.1522491349480969,0.7286916666666634,0.94,0.831162342013495
19169,FULL,0.9158878504672897,0.2336448598130841,0.10121107266435986,0.6992749999999969,0.94,0.8209316756540431
19169,simple_two_signal_learner,0.822429906542056,0.32710280373831774,0.1894463667820069,0.644364166666663,0.8503302417279451,0.7381550393383017
19170,PTVM,0.9252336448598131,0.29906542056074764,0.14359861591695502,0.7325191666666632,0.94,0.8072138068010318
19170,FULL,0.9065420560747663,0.308411214953271,0.09515570934256055,0.7101941666666636,0.94,0.8033772128822659
19170,simple_two_signal_learner,0.8130841121495327,0.3925233644859813,0.13667820069204153,0.6757991666666638,0.9215630138981192,0.737408544051622
19171,PTVM,0.9560439560439561,0.2967032967032967,0.15853658536585366,0.7332183333333304,0.94,0.8142346288975244
19171,FULL,0.9230769230769231,0.32967032967032966,0.11585365853658537,0.7040508333333304,0.94,0.79734747113151
19171,simple_two_signal_learner,0.7912087912087912,0.42857142857142855,0.2587108013937282,0.6284866666666631,0.8533719821844887,0.6855992866077003
19172,PTVM,0.9285714285714286,0.23469387755102042,0.1509433962264151,0.735934999999997,0.94,0.8236930299383898
19172,FULL,0.9183673469387755,0.24489795918367346,0.10377358490566038,0.7175874999999969,0.94,0.8229278723045814
19172,simple_two_signal_learner,0.8469387755102041,0.30612244897959184,0.1792452830188679,0.6800358333333307,0.8802864009137839,0.7617109221377223
19173,PTVM,0.9428571428571428,0.22857142857142856,0.1746307558644657,0.7161341666666633,0.94,0.8198216762080585
19173,FULL,0.9047619047619048,0.26666666666666666,0.11815812337098175,0.6907224999999966,0.94,0.8038109050877076
19173,simple_two_signal_learner,0.8285714285714286,0.3238095238095238,0.17810599478714162,0.6704633333333301,0.8615010749208112,0.7496136819949518
19174,PTVM,0.9396551724137931,0.22413793103448276,0.15731292517006804,0.7122858333333296,0.94,0.822470942264836
19174,FULL,0.8879310344827587,0.25862068965517243,0.1130952380952381,0.6808033333333299,0.94,0.7993059236453194
19174,simple_two_signal_learner,0.8017241379310345,0.33620689655172414,0.19727891156462585,0.6216066666666628,0.8667523501126931,0.7224114015951197
19175,PTVM,0.9560439560439561,0.23076923076923078,0.1736111111111111,0.7729533333333307,0.94,0.8376369902319896
19175,FULL,0.9340659340659341,0.24175824175824176,0.1154513888888889,0.7545674999999977,0.94,0.8353318170024414
19175,simple_two_signal_learner,0.9010989010989011,0.26373626373626374,0.16927083333333334,0.7314841666666645,0.8665182318457312,0.8034124793956039
19176,PTVM,0.8899082568807339,0.24770642201834864,0.1674127126230976,0.7463174999999965,0.94,0.8081427040350126
19176,FULL,0.8623853211009175,0.26605504587155965,0.11280214861235452,0.72846833333333,0.94,0.8017584884732469
19176,simple_two_signal_learner,0.7889908256880734,0.3302752293577982,0.19068934646374217,0.6852458333333308,0.9077116061670413,0.7373020294075568
19177,PTVM,0.9223300970873787,0.2621359223300971,0.1636675235646958,0.7184333333333298,0.94,0.8080398771640827
19177,FULL,0.883495145631068,0.2912621359223301,0.11653813196229648,0.6881783333333302,0.94,0.7909699666496113
19177,simple_two_signal_learner,0.8543689320388349,0.32038834951456313,0.17480719794344474,0.6600699999999968,0.920541379035265,0.75626965264432
19178,PTVM,0.9439252336448598,0.19626168224299065,0.13123359580052493,0.7553708333333304,0.94,0.846708138705938
19178,FULL,0.9065420560747663,0.2336448598130841,0.09273840769903761,0.7187433333333303,0.94,0.8246895536626839
19178,simple_two_signal_learner,0.8691588785046729,0.27102803738317754,0.19160104986876642,0.6694191666666636,0.8340402794120071,0.7720252358985201
19179,PTVM,0.8555555555555555,0.3,0.15506607929515417,0.7340433333333304,0.94,0.7841642841409684
19179,FULL,0.8111111111111111,0.3333333333333333,0.10572687224669604,0.7146216666666638,0.94,0.7675100422173268
19179,simple_two_signal_learner,0.6777777777777778,0.45555555555555555,0.1947136563876652,0.6705891666666632,0.8497773749619825,0.6681490048335772
