seed,model,ethical_detection_accuracy,transformation_decision_accuracy,false_consolidation_rate,anti_core_capture_rate,overall_component_score
13200,full_loop,0.8416666666666667,0.8644444444444445,0.051666666666666666,0.08166666666666667,0.889361111111111
13200,ablate_ethicalsense,0.5872222222222222,0.8633333333333333,0.06333333333333334,0.07722222222222222,0.8107222222222222
13200,ablate_idealgap,0.8511111111111112,0.6072222222222222,0.07666666666666666,0.07222222222222222,0.8235277777777779
13200,ablate_shadow_validation,0.8438888888888889,0.8588888888888889,0.3761111111111111,0.07777777777777778,0.8083055555555556
13200,ablate_core_constraint,0.8355555555555556,0.8533333333333334,0.057777777777777775,0.32666666666666666,0.8342222222222222
13201,full_loop,0.8311111111111111,0.8522222222222222,0.06944444444444445,0.07611111111111112,0.8798055555555556
13201,ablate_ethicalsense,0.5777777777777777,0.8694444444444445,0.058333333333333334,0.06944444444444445,0.8122222222222222
13201,ablate_idealgap,0.8455555555555555,0.5916666666666667,0.07333333333333333,0.06833333333333333,0.8195833333333333
13201,ablate_shadow_validation,0.8344444444444444,0.8494444444444444,0.39666666666666667,0.08333333333333333,0.796861111111111
13201,ablate_core_constraint,0.845,0.8683333333333333,0.06166666666666667,0.35,0.8351666666666667
13202,full_loop,0.8216666666666667,0.8727777777777778,0.06666666666666667,0.07,0.8840277777777776
13202,ablate_ethicalsense,0.5766666666666667,0.8594444444444445,0.075,0.08,0.8031111111111112
13202,ablate_idealgap,0.855,0.5922222222222222,0.07222222222222222,0.07777777777777778,0.8209444444444445
13202,ablate_shadow_validation,0.8483333333333334,0.8588888888888889,0.37555555555555553,0.07722222222222222,0.8098888888888889
13202,ablate_core_constraint,0.8372222222222222,0.8605555555555555,0.075,0.34,0.8295555555555555
13203,full_loop,0.8288888888888889,0.85,0.0661111111111111,0.08555555555555555,0.8775277777777777
13203,ablate_ethicalsense,0.5977777777777777,0.8566666666666667,0.07,0.07611111111111112,0.8107777777777777
13203,ablate_idealgap,0.8411111111111111,0.5994444444444444,0.06444444444444444,0.08055555555555556,0.8199722222222222
13203,ablate_shadow_validation,0.8477777777777777,0.8688888888888889,0.39,0.07944444444444444,0.8081666666666666
13203,ablate_core_constraint,0.8366666666666667,0.8638888888888889,0.07055555555555555,0.3322222222222222,0.8328888888888889
13204,full_loop,0.8411111111111111,0.8511111111111112,0.06111111111111111,0.0811111111111111,0.8836111111111111
13204,ablate_ethicalsense,0.5638888888888889,0.8694444444444445,0.06111111111111111,0.075,0.8062500000000001
13204,ablate_idealgap,0.8383333333333334,0.5855555555555556,0.06277777777777778,0.08166666666666667,0.8158611111111111
13204,ablate_shadow_validation,0.8483333333333334,0.8588888888888889,0.39166666666666666,0.07444444444444444,0.8064166666666667
13204,ablate_core_constraint,0.8438888888888889,0.8644444444444445,0.058888888888888886,0.3388888888888889,0.8367777777777778
13205,full_loop,0.8377777777777777,0.8694444444444445,0.06388888888888888,0.08222222222222222,0.8862777777777778
13205,ablate_ethicalsense,0.6044444444444445,0.855,0.06722222222222222,0.07722222222222222,0.8128333333333334
13205,ablate_idealgap,0.8455555555555555,0.585,0.07444444444444444,0.08055555555555556,0.8151944444444444
13205,ablate_shadow_validation,0.8311111111111111,0.8611111111111112,0.375,0.06888888888888889,0.8070833333333334
13205,ablate_core_constraint,0.8377777777777777,0.8477777777777777,0.07277777777777777,0.3522222222222222,0.8246388888888888
13206,full_loop,0.8422222222222222,0.8544444444444445,0.06222222222222222,0.07777777777777778,0.8851666666666667
13206,ablate_ethicalsense,0.5683333333333334,0.8561111111111112,0.07611111111111112,0.07611111111111112,0.8002777777777779
13206,ablate_idealgap,0.8355555555555556,0.6211111111111111,0.06722222222222222,0.08611111111111111,0.8219166666666667
13206,ablate_shadow_validation,0.8361111111111111,0.8588888888888889,0.365,0.07666666666666666,0.8089722222222223
13206,ablate_core_constraint,0.8333333333333334,0.865,0.075,0.3622222222222222,0.8250555555555555
13207,full_loop,0.8338888888888889,0.8594444444444445,0.07055555555555555,0.07388888888888889,0.882611111111111
13207,ablate_ethicalsense,0.5772222222222222,0.8638888888888889,0.06944444444444445,0.06444444444444444,0.8088888888888889
13207,ablate_idealgap,0.8583333333333333,0.6066666666666667,0.07333333333333333,0.08666666666666667,0.8234999999999999
13207,ablate_shadow_validation,0.8422222222222222,0.8538888888888889,0.38166666666666665,0.07833333333333334,0.8050555555555555
13207,ablate_core_constraint,0.8394444444444444,0.8572222222222222,0.06777777777777778,0.33666666666666667,0.8318611111111112
13208,full_loop,0.8466666666666667,0.855,0.07111111111111111,0.08277777777777778,0.8834166666666666
13208,ablate_ethicalsense,0.5761111111111111,0.8511111111111112,0.06444444444444444,0.09166666666666666,0.8011666666666667
13208,ablate_idealgap,0.8344444444444444,0.6122222222222222,0.06555555555555556,0.07777777777777778,0.8214444444444444
13208,ablate_shadow_validation,0.8405555555555555,0.8666666666666667,0.36833333333333335,0.07388888888888889,0.8119722222222221
13208,ablate_core_constraint,0.8427777777777777,0.8588888888888889,0.07166666666666667,0.3616666666666667,0.8273055555555555
13209,full_loop,0.8522222222222222,0.8722222222222222,0.07166666666666667,0.07777777777777778,0.89025
13209,ablate_ethicalsense,0.5794444444444444,0.8366666666666667,0.07777777777777778,0.07888888888888888,0.7977777777777779
13209,ablate_idealgap,0.8427777777777777,0.59,0.06444444444444444,0.07944444444444444,0.8183333333333334
13209,ablate_shadow_validation,0.8477777777777777,0.8561111111111112,0.37722222222222224,0.07388888888888889,0.8092777777777778
13209,ablate_core_constraint,0.8338888888888889,0.8533333333333334,0.07555555555555556,0.3516666666666667,0.8242777777777778
13210,full_loop,0.8533333333333334,0.8711111111111111,0.06777777777777778,0.06944444444444445,0.8929444444444444
13210,ablate_ethicalsense,0.5677777777777778,0.8527777777777777,0.07555555555555556,0.06555555555555556,0.8015277777777778
13210,ablate_idealgap,0.8388888888888889,0.5894444444444444,0.07666666666666666,0.07777777777777778,0.8143055555555556
13210,ablate_shadow_validation,0.8377777777777777,0.8611111111111112,0.38555555555555554,0.08055555555555556,0.8041111111111111
13210,ablate_core_constraint,0.8455555555555555,0.8511111111111112,0.06388888888888888,0.3411111111111111,0.8322499999999999
13211,full_loop,0.8311111111111111,0.8583333333333333,0.06833333333333333,0.07555555555555556,0.8817222222222222
13211,ablate_ethicalsense,0.5922222222222222,0.855,0.07333333333333333,0.075,0.8080833333333334
13211,ablate_idealgap,0.8305555555555556,0.5883333333333334,0.06833333333333333,0.06722222222222222,0.8157222222222222
13211,ablate_shadow_validation,0.8333333333333334,0.8544444444444445,0.3738888888888889,0.085,0.8031388888888888
13211,ablate_core_constraint,0.8194444444444444,0.8588888888888889,0.07555555555555556,0.33055555555555555,0.8255555555555556
13212,full_loop,0.8461111111111111,0.8683333333333333,0.06222222222222222,0.08166666666666667,0.8890277777777778
13212,ablate_ethicalsense,0.5988888888888889,0.8533333333333334,0.07277777777777777,0.06888888888888889,0.8110277777777779
13212,ablate_idealgap,0.8366666666666667,0.6138888888888889,0.06833333333333333,0.08277777777777778,0.8208333333333333
13212,ablate_shadow_validation,0.8461111111111111,0.8444444444444444,0.385,0.07388888888888889,0.8039166666666666
13212,ablate_core_constraint,0.8344444444444444,0.8727777777777778,0.07111111111111111,0.3388888888888889,0.8329722222222222
13213,full_loop,0.86,0.8711111111111111,0.07277777777777777,0.08277777777777778,0.8910277777777776
13213,ablate_ethicalsense,0.5722222222222222,0.8716666666666667,0.07166666666666667,0.08777777777777777,0.8041111111111112
13213,ablate_idealgap,0.8527777777777777,0.5922222222222222,0.06722222222222222,0.07111111111111111,0.8228611111111112
13213,ablate_shadow_validation,0.8433333333333334,0.8611111111111112,0.365,0.07833333333333334,0.8113611111111111
13213,ablate_core_constraint,0.8283333333333334,0.8533333333333334,0.07444444444444444,0.3388888888888889,0.8254444444444444
13214,full_loop,0.8405555555555555,0.8611111111111112,0.07444444444444444,0.07666666666666666,0.8835
13214,ablate_ethicalsense,0.5733333333333334,0.8694444444444445,0.06166666666666667,0.07277777777777777,0.8093888888888889
13214,ablate_idealgap,0.8377777777777777,0.6077777777777778,0.06111111111111111,0.07611111111111112,0.8227777777777777
13214,ablate_shadow_validation,0.8427777777777777,0.8688888888888889,0.3761111111111111,0.07555555555555556,0.8109166666666667
13214,ablate_core_constraint,0.8483333333333334,0.8416666666666667,0.07888888888888888,0.32666666666666666,0.8298611111111112
13215,full_loop,0.8372222222222222,0.8488888888888889,0.07222222222222222,0.08166666666666667,0.879
13215,ablate_ethicalsense,0.5916666666666667,0.8472222222222222,0.06777777777777778,0.06666666666666667,0.8090277777777778
13215,ablate_idealgap,0.8388888888888889,0.5972222222222222,0.06388888888888888,0.08,0.8190000000000001
13215,ablate_shadow_validation,0.83,0.8561111111111112,0.37777777777777777,0.075,0.8035833333333333
13215,ablate_core_constraint,0.8527777777777777,0.865,0.05611111111111111,0.34944444444444445,0.8381666666666667
13216,full_loop,0.8527777777777777,0.8744444444444445,0.058333333333333334,0.07388888888888889,0.8950833333333332
13216,ablate_ethicalsense,0.585,0.8544444444444445,0.07055555555555555,0.08555555555555555,0.8043611111111111
13216,ablate_idealgap,0.8316666666666667,0.5927777777777777,0.07555555555555556,0.08055555555555556,0.8126944444444445
13216,ablate_shadow_validation,0.8533333333333334,0.8594444444444445,0.3572222222222222,0.06944444444444445,0.8176666666666667
13216,ablate_core_constraint,0.8305555555555556,0.8627777777777778,0.06555555555555556,0.32944444444444443,0.8325833333333332
13217,full_loop,0.865,0.8488888888888889,0.06166666666666667,0.07944444444444444,0.8904166666666667
13217,ablate_ethicalsense,0.5655555555555556,0.8533333333333334,0.07666666666666666,0.08,0.7978333333333334
13217,ablate_idealgap,0.8416666666666667,0.5811111111111111,0.06833333333333333,0.06444444444444444,0.8178055555555556
13217,ablate_shadow_validation,0.8672222222222222,0.8644444444444445,0.3927777777777778,0.07166666666666667,0.81375
13217,ablate_core_constraint,0.8372222222222222,0.8511111111111112,0.06333333333333334,0.35055555555555556,0.8280000000000001
13218,full_loop,0.8377777777777777,0.8627777777777778,0.06666666666666667,0.07055555555555555,0.8862499999999999
13218,ablate_ethicalsense,0.5727777777777778,0.8616666666666667,0.0661111111111111,0.07888888888888888,0.8049444444444445
13218,ablate_idealgap,0.8461111111111111,0.6061111111111112,0.07333333333333333,0.07722222222222222,0.8215833333333334
13218,ablate_shadow_validation,0.8372222222222222,0.8577777777777778,0.38055555555555554,0.07555555555555556,0.8053611111111111
13218,ablate_core_constraint,0.8355555555555556,0.875,0.06277777777777778,0.33166666666666667,0.8373888888888888
13219,full_loop,0.8416666666666667,0.8644444444444445,0.07722222222222222,0.07833333333333334,0.8836388888888889
13219,ablate_ethicalsense,0.5727777777777778,0.865,0.07944444444444444,0.08222222222222222,0.8017777777777778
13219,ablate_idealgap,0.8355555555555556,0.5966666666666667,0.065,0.07611111111111112,0.8183611111111112
13219,ablate_shadow_validation,0.8511111111111112,0.8566666666666667,0.37333333333333335,0.07166666666666667,0.8118333333333334
13219,ablate_core_constraint,0.8422222222222222,0.8694444444444445,0.06222222222222222,0.3438888888888889,0.8356944444444444
13220,full_loop,0.835,0.8638888888888889,0.07944444444444444,0.07444444444444444,0.8817222222222222
13220,ablate_ethicalsense,0.5638888888888889,0.8683333333333333,0.07166666666666667,0.07222222222222222,0.8038888888888889
13220,ablate_idealgap,0.8283333333333334,0.6055555555555555,0.06833333333333333,0.07722222222222222,0.8173611111111111
13220,ablate_shadow_validation,0.8394444444444444,0.8583333333333333,0.37777777777777777,0.07722222222222222,0.8065277777777777
13220,ablate_core_constraint,0.8344444444444444,0.86,0.07166666666666667,0.35833333333333334,0.8257499999999999
13221,full_loop,0.8333333333333334,0.8538888888888889,0.06833333333333333,0.07444444444444444,0.8815000000000001
13221,ablate_ethicalsense,0.5777777777777777,0.8588888888888889,0.0661111111111111,0.08055555555555556,0.8054166666666667
13221,ablate_idealgap,0.8588888888888889,0.5894444444444444,0.06722222222222222,0.07833333333333334,0.8225555555555556
13221,ablate_shadow_validation,0.8433333333333334,0.8477777777777777,0.36944444444444446,0.0961111111111111,0.8033611111111111
13221,ablate_core_constraint,0.8361111111111111,0.8572222222222222,0.07,0.3427777777777778,0.8290833333333334
13222,full_loop,0.8394444444444444,0.865,0.07,0.07055555555555555,0.8864722222222222
13222,ablate_ethicalsense,0.5677777777777778,0.8611111111111112,0.07,0.07777777777777778,0.8025555555555555
13222,ablate_idealgap,0.8377777777777777,0.6027777777777777,0.07555555555555556,0.07555555555555556,0.8180277777777778
13222,ablate_shadow_validation,0.8455555555555555,0.8605555555555555,0.3927777777777778,0.07888888888888888,0.8048333333333333
13222,ablate_core_constraint,0.84,0.8644444444444445,0.06944444444444445,0.35555555555555557,0.8296388888888888
13223,full_loop,0.8511111111111112,0.8616666666666667,0.05722222222222222,0.06833333333333333,0.8927777777777778
13223,ablate_ethicalsense,0.5738888888888889,0.8738888888888889,0.07,0.08555555555555555,0.8060277777777778
13223,ablate_idealgap,0.8383333333333334,0.6055555555555555,0.06666666666666667,0.06666666666666667,0.8228888888888889
13223,ablate_shadow_validation,0.8388888888888889,0.8516666666666667,0.39555555555555555,0.08444444444444445,0.7988055555555555
13223,ablate_core_constraint,0.8561111111111112,0.8616666666666667,0.06222222222222222,0.3566666666666667,0.8353611111111112
13224,full_loop,0.8355555555555556,0.8611111111111112,0.06888888888888889,0.07388888888888889,0.8839444444444444
13224,ablate_ethicalsense,0.5833333333333334,0.8605555555555555,0.07222222222222222,0.07611111111111112,0.8068611111111111
13224,ablate_idealgap,0.8433333333333334,0.6083333333333333,0.06111111111111111,0.07222222222222222,0.8253611111111111
13224,ablate_shadow_validation,0.8511111111111112,0.8733333333333333,0.37722222222222224,0.075,0.8143611111111112
13224,ablate_core_constraint,0.8472222222222222,0.8627777777777778,0.06055555555555556,0.33166666666666667,0.8383888888888889
13225,full_loop,0.8538888888888889,0.8572222222222222,0.0661111111111111,0.09055555555555556,0.8858333333333333
13225,ablate_ethicalsense,0.575,0.8644444444444445,0.07555555555555556,0.09222222222222222,0.8012777777777779
13225,ablate_idealgap,0.8316666666666667,0.6172222222222222,0.05611111111111111,0.07833333333333334,0.8241111111111111
13225,ablate_shadow_validation,0.8255555555555556,0.8644444444444445,0.3827777777777778,0.07888888888888888,0.8023055555555556
13225,ablate_core_constraint,0.845,0.8577777777777778,0.07055555555555555,0.34833333333333333,0.8306388888888888
13226,full_loop,0.825,0.8672222222222222,0.065,0.07666666666666666,0.8827222222222222
13226,ablate_ethicalsense,0.5933333333333334,0.855,0.0661111111111111,0.07333333333333333,0.8105555555555556
13226,ablate_idealgap,0.8538888888888889,0.5888888888888889,0.0661111111111111,0.07388888888888889,0.8220833333333333
13226,ablate_shadow_validation,0.8505555555555555,0.8577777777777778,0.3761111111111111,0.07388888888888889,0.8108055555555556
13226,ablate_core_constraint,0.8438888888888889,0.8661111111111112,0.0661111111111111,0.33944444444444444,0.8352777777777778
13227,full_loop,0.86,0.8555555555555555,0.07,0.07166666666666667,0.8900555555555556
13227,ablate_ethicalsense,0.5644444444444444,0.8566666666666667,0.06777777777777778,0.07666666666666666,0.8012222222222222
13227,ablate_idealgap,0.8416666666666667,0.5972222222222222,0.06111111111111111,0.07666666666666666,0.8211944444444444
13227,ablate_shadow_validation,0.85,0.8527777777777777,0.36833333333333335,0.07833333333333334,0.8104444444444444
13227,ablate_core_constraint,0.8455555555555555,0.8588888888888889,0.07222222222222222,0.3477777777777778,0.8307777777777777
13228,full_loop,0.8427777777777777,0.8616666666666667,0.06388888888888888,0.08555555555555555,0.8851666666666667
13228,ablate_ethicalsense,0.5811111111111111,0.86,0.06666666666666667,0.07888888888888888,0.806888888888889
13228,ablate_idealgap,0.8433333333333334,0.5933333333333334,0.06777777777777778,0.07222222222222222,0.8199444444444445
13228,ablate_shadow_validation,0.83,0.8666666666666667,0.3616666666666667,0.06722222222222222,0.8118055555555556
13228,ablate_core_constraint,0.8238888888888889,0.8616666666666667,0.06,0.35555555555555557,0.8264722222222223
13229,full_loop,0.8338888888888889,0.8638888888888889,0.07166666666666667,0.07277777777777777,0.8836666666666666
13229,ablate_ethicalsense,0.555,0.8627777777777778,0.06666666666666667,0.08,0.7995277777777778
13229,ablate_idealgap,0.8372222222222222,0.5922222222222222,0.07388888888888889,0.07444444444444444,0.815861111111111
13229,ablate_shadow_validation,0.8361111111111111,0.8494444444444444,0.3788888888888889,0.06444444444444444,0.8055833333333334
13229,ablate_core_constraint,0.8372222222222222,0.8427777777777777,0.058888888888888886,0.3377777777777778,0.8295833333333333
13230,full_loop,0.8172222222222222,0.8705555555555555,0.06722222222222222,0.07388888888888889,0.8812222222222221
13230,ablate_ethicalsense,0.59,0.8511111111111112,0.065,0.07777777777777778,0.8079722222222223
13230,ablate_idealgap,0.8472222222222222,0.5905555555555555,0.06722222222222222,0.075,0.8200000000000001
13230,ablate_shadow_validation,0.8416666666666667,0.86,0.37555555555555553,0.08666666666666667,0.8062777777777778
13230,ablate_core_constraint,0.8533333333333334,0.8438888888888889,0.07388888888888889,0.3566666666666667,0.8271666666666667
13231,full_loop,0.8383333333333334,0.8655555555555555,0.06388888888888888,0.07833333333333334,0.8862500000000001
13231,ablate_ethicalsense,0.5783333333333334,0.8605555555555555,0.06666666666666667,0.06722222222222222,0.8085277777777777
13231,ablate_idealgap,0.8227777777777778,0.6105555555555555,0.07055555555555555,0.07833333333333334,0.8161666666666667
13231,ablate_shadow_validation,0.8327777777777777,0.8522222222222222,0.39166666666666666,0.075,0.7999722222222223
13231,ablate_core_constraint,0.84,0.8561111111111112,0.07388888888888889,0.3527777777777778,0.8270000000000001
13232,full_loop,0.8483333333333334,0.8733333333333333,0.06944444444444445,0.07555555555555556,0.8903611111111112
13232,ablate_ethicalsense,0.5955555555555555,0.8566666666666667,0.07277777777777777,0.07833333333333334,0.8089722222222222
13232,ablate_idealgap,0.8294444444444444,0.6277777777777778,0.06944444444444445,0.07777777777777778,0.822861111111111
13232,ablate_shadow_validation,0.8388888888888889,0.8455555555555555,0.37666666666666665,0.08055555555555556,0.8027777777777777
13232,ablate_core_constraint,0.8405555555555555,0.8616666666666667,0.07722222222222222,0.3422222222222222,0.8298333333333333
13233,full_loop,0.8394444444444444,0.8638888888888889,0.07055555555555555,0.07222222222222222,0.8857222222222222
13233,ablate_ethicalsense,0.5883333333333334,0.8672222222222222,0.065,0.06777777777777778,0.8135
13233,ablate_idealgap,0.8505555555555555,0.5916666666666667,0.06777777777777778,0.06277777777777778,0.8235833333333333
13233,ablate_shadow_validation,0.8427777777777777,0.8511111111111112,0.36,0.08,0.8096111111111112
13233,ablate_core_constraint,0.8527777777777777,0.8588888888888889,0.06722222222222222,0.3383333333333333,0.8360833333333333
13234,full_loop,0.8466666666666667,0.8588888888888889,0.06222222222222222,0.075,0.8881666666666668
13234,ablate_ethicalsense,0.5311111111111111,0.8661111111111112,0.06166666666666667,0.07666666666666666,0.7951111111111111
13234,ablate_idealgap,0.8316666666666667,0.6116666666666667,0.06388888888888888,0.06888888888888889,0.8226666666666667
13234,ablate_shadow_validation,0.8433333333333334,0.8627777777777778,0.39055555555555554,0.09222222222222222,0.802611111111111
13234,ablate_core_constraint,0.8405555555555555,0.8561111111111112,0.06833333333333333,0.3522222222222222,0.8286666666666667
13235,full_loop,0.8411111111111111,0.8544444444444445,0.051666666666666666,0.06111111111111111,0.8908055555555556
13235,ablate_ethicalsense,0.5911111111111111,0.8688888888888889,0.06777777777777778,0.07777777777777778,0.8120555555555555
13235,ablate_idealgap,0.8344444444444444,0.6011111111111112,0.06944444444444445,0.08166666666666667,0.8169166666666666
13235,ablate_shadow_validation,0.8438888888888889,0.8472222222222222,0.37666666666666665,0.07777777777777778,0.80525
13235,ablate_core_constraint,0.8338888888888889,0.845,0.075,0.34,0.8246666666666667
13236,full_loop,0.8411111111111111,0.8538888888888889,0.06555555555555556,0.07444444444444444,0.8845277777777778
13236,ablate_ethicalsense,0.6205555555555555,0.8594444444444445,0.07555555555555556,0.08,0.8161388888888889
13236,ablate_idealgap,0.83,0.5977777777777777,0.06666666666666667,0.07666666666666666,0.8164444444444444
13236,ablate_shadow_validation,0.8344444444444444,0.865,0.395,0.07166666666666667,0.8034999999999999
13236,ablate_core_constraint,0.8394444444444444,0.8638888888888889,0.0661111111111111,0.35777777777777775,0.8297222222222222
13237,full_loop,0.8311111111111111,0.87,0.058888888888888886,0.07277777777777777,0.8875555555555555
13237,ablate_ethicalsense,0.5788888888888889,0.8644444444444445,0.06833333333333333,0.08166666666666667,0.8063611111111111
13237,ablate_idealgap,0.8472222222222222,0.5966666666666667,0.07055555555555555,0.08222222222222222,0.81925
13237,ablate_shadow_validation,0.8277777777777777,0.8611111111111112,0.38166666666666665,0.07277777777777777,0.8036388888888889
13237,ablate_core_constraint,0.8483333333333334,0.8711111111111111,0.06833333333333333,0.3561111111111111,0.8339722222222222
13238,full_loop,0.835,0.8527777777777777,0.059444444444444446,0.08055555555555556,0.8827222222222222
13238,ablate_ethicalsense,0.5716666666666667,0.8516666666666667,0.07222222222222222,0.08277777777777778,0.7998055555555555
13238,ablate_idealgap,0.8555555555555555,0.5883333333333334,0.06222222222222222,0.085,0.8211944444444446
13238,ablate_shadow_validation,0.855,0.8416666666666667,0.37666666666666665,0.06777777777777778,0.8091944444444443
13238,ablate_core_constraint,0.8377777777777777,0.8655555555555555,0.0661111111111111,0.35,0.8311944444444443
13239,full_loop,0.8316666666666667,0.8611111111111112,0.06944444444444445,0.07888888888888888,0.8816388888888889
13239,ablate_ethicalsense,0.5583333333333333,0.8727777777777778,0.06722222222222222,0.08,0.802888888888889
13239,ablate_idealgap,0.8516666666666667,0.5988888888888889,0.06722222222222222,0.06944444444444445,0.8245277777777779
13239,ablate_shadow_validation,0.83,0.86,0.385,0.07722222222222222,0.8023055555555556
13239,ablate_core_constraint,0.8383333333333334,0.8622222222222222,0.07111111111111111,0.34055555555555556,0.8311666666666667
13240,full_loop,0.8455555555555555,0.8605555555555555,0.07388888888888889,0.07944444444444444,0.8844444444444444
13240,ablate_ethicalsense,0.5722222222222222,0.8444444444444444,0.0661111111111111,0.07555555555555556,0.8011388888888888
13240,ablate_idealgap,0.8438888888888889,0.6011111111111112,0.07222222222222222,0.0811111111111111,0.8191666666666667
13240,ablate_shadow_validation,0.8505555555555555,0.8511111111111112,0.38166666666666665,0.08,0.8065277777777778
13240,ablate_core_constraint,0.8377777777777777,0.86,0.07055555555555555,0.3333333333333333,0.8320277777777778
13241,full_loop,0.8472222222222222,0.87,0.06833333333333333,0.07111111111111111,0.8903611111111112
13241,ablate_ethicalsense,0.5855555555555556,0.8477777777777777,0.06222222222222222,0.0811111111111111,0.8058333333333334
13241,ablate_idealgap,0.8411111111111111,0.5977777777777777,0.06666666666666667,0.07777777777777778,0.8195555555555556
13241,ablate_shadow_validation,0.8422222222222222,0.865,0.35833333333333334,0.08777777777777777,0.8117777777777777
13241,ablate_core_constraint,0.8427777777777777,0.8527777777777777,0.07333333333333333,0.345,0.8286944444444444
13242,full_loop,0.8383333333333334,0.865,0.06666666666666667,0.07444444444444444,0.8861944444444444
13242,ablate_ethicalsense,0.5688888888888889,0.8516666666666667,0.07333333333333333,0.07777777777777778,0.7996944444444445
13242,ablate_idealgap,0.8522222222222222,0.6033333333333334,0.07666666666666666,0.06666666666666667,0.824
13242,ablate_shadow_validation,0.8222222222222222,0.8561111111111112,0.39,0.07388888888888889,0.7984166666666666
13242,ablate_core_constraint,0.8483333333333334,0.8438888888888889,0.06833333333333333,0.33611111111111114,0.8311666666666667
13243,full_loop,0.845,0.8688888888888889,0.06666666666666667,0.075,0.8890555555555557
13243,ablate_ethicalsense,0.58,0.8661111111111112,0.06055555555555556,0.08611111111111111,0.8081666666666667
13243,ablate_idealgap,0.8366666666666667,0.6088888888888889,0.07777777777777778,0.08166666666666667,0.8174444444444444
13243,ablate_shadow_validation,0.8627777777777778,0.8622222222222222,0.38555555555555554,0.07277777777777777,0.8134444444444444
13243,ablate_core_constraint,0.8311111111111111,0.8638888888888889,0.07055555555555555,0.34,0.8296666666666667
13244,full_loop,0.8438888888888889,0.855,0.07277777777777777,0.07555555555555556,0.8836111111111111
13244,ablate_ethicalsense,0.5727777777777778,0.8555555555555555,0.07055555555555555,0.07333333333333333,0.8034166666666667
13244,ablate_idealgap,0.8555555555555555,0.62,0.07,0.07166666666666667,0.8298333333333332
13244,ablate_shadow_validation,0.8488888888888889,0.8694444444444445,0.38555555555555554,0.07166666666666667,0.8113055555555555
13244,ablate_core_constraint,0.8316666666666667,0.8766666666666667,0.06777777777777778,0.3383333333333333,0.8340555555555556
13245,full_loop,0.845,0.8427777777777777,0.06888888888888889,0.07611111111111112,0.88175
13245,ablate_ethicalsense,0.5955555555555555,0.8611111111111112,0.0661111111111111,0.07833333333333334,0.81175
13245,ablate_idealgap,0.8422222222222222,0.6066666666666667,0.06666666666666667,0.08166666666666667,0.8213333333333332
13245,ablate_shadow_validation,0.8394444444444444,0.87,0.37777777777777777,0.07833333333333334,0.8092222222222222
13245,ablate_core_constraint,0.8566666666666667,0.8672222222222222,0.056666666666666664,0.3466666666666667,0.8403055555555556
13246,full_loop,0.8327777777777777,0.865,0.07111111111111111,0.0811111111111111,0.8820833333333333
13246,ablate_ethicalsense,0.5727777777777778,0.8427777777777777,0.07111111111111111,0.075,0.7997500000000001
13246,ablate_idealgap,0.8338888888888889,0.5927777777777777,0.06666666666666667,0.07888888888888888,0.8159166666666666
13246,ablate_shadow_validation,0.8477777777777777,0.8627777777777778,0.36833333333333335,0.07888888888888888,0.8121666666666667
13246,ablate_core_constraint,0.8261111111111111,0.8622222222222222,0.06944444444444445,0.32055555555555554,0.8319166666666666
13247,full_loop,0.8444444444444444,0.8672222222222222,0.07,0.07611111111111112,0.8874166666666666
13247,ablate_ethicalsense,0.5694444444444444,0.8561111111111112,0.056666666666666664,0.07,0.8066944444444444
13247,ablate_idealgap,0.8322222222222222,0.6144444444444445,0.06944444444444445,0.06666666666666667,0.8225833333333333
13247,ablate_shadow_validation,0.8233333333333334,0.8516666666666667,0.39055555555555554,0.09166666666666666,0.7939444444444443
13247,ablate_core_constraint,0.8344444444444444,0.8605555555555555,0.06555555555555556,0.335,0.8320833333333333
13248,full_loop,0.85,0.8694444444444445,0.06277777777777778,0.07777777777777778,0.8911111111111112
13248,ablate_ethicalsense,0.5872222222222222,0.8705555555555555,0.07277777777777777,0.065,0.8126111111111112
13248,ablate_idealgap,0.8533333333333334,0.6016666666666667,0.06222222222222222,0.06777777777777778,0.8273055555555555
13248,ablate_shadow_validation,0.8366666666666667,0.8683333333333333,0.37833333333333335,0.07666666666666666,0.8081666666666666
13248,ablate_core_constraint,0.8483333333333334,0.8661111111111112,0.07444444444444444,0.33944444444444444,0.8345277777777778
13249,full_loop,0.8294444444444444,0.8288888888888889,0.06277777777777778,0.07944444444444444,0.8744722222222222
13249,ablate_ethicalsense,0.61,0.8622222222222222,0.07055555555555555,0.07611111111111112,0.8156944444444445
13249,ablate_idealgap,0.8377777777777777,0.5922222222222222,0.07222222222222222,0.07777777777777778,0.8157777777777777
13249,ablate_shadow_validation,0.8216666666666667,0.855,0.4,0.06444444444444444,0.7973611111111111
13249,ablate_core_constraint,0.8383333333333334,0.8666666666666667,0.06388888888888888,0.3377777777777778,0.8346388888888889
13250,full_loop,0.8433333333333334,0.8583333333333333,0.07444444444444444,0.07666666666666666,0.8836388888888889
13250,ablate_ethicalsense,0.5877777777777777,0.8572222222222222,0.05722222222222222,0.065,0.8133333333333334
13250,ablate_idealgap,0.8388888888888889,0.6172222222222222,0.06333333333333334,0.07555555555555556,0.8250277777777777
13250,ablate_shadow_validation,0.8633333333333333,0.8594444444444445,0.39444444444444443,0.07388888888888889,0.8104722222222223
13250,ablate_core_constraint,0.8288888888888889,0.8561111111111112,0.06777777777777778,0.35444444444444445,0.824861111111111
13251,full_loop,0.835,0.8611111111111112,0.06444444444444444,0.07222222222222222,0.8852222222222222
13251,ablate_ethicalsense,0.5722222222222222,0.8438888888888889,0.06722222222222222,0.07888888888888888,0.8000555555555555
13251,ablate_idealgap,0.8327777777777777,0.6022222222222222,0.07722222222222222,0.07388888888888889,0.8163055555555556
13251,ablate_shadow_validation,0.8416666666666667,0.8722222222222222,0.3927777777777778,0.08222222222222222,0.8059166666666667
13251,ablate_core_constraint,0.8338888888888889,0.8522222222222222,0.06666666666666667,0.3472222222222222,0.8271111111111111
13252,full_loop,0.8333333333333334,0.8544444444444445,0.07166666666666667,0.07444444444444444,0.8808055555555555
13252,ablate_ethicalsense,0.5911111111111111,0.855,0.06388888888888888,0.06888888888888889,0.8113333333333335
13252,ablate_idealgap,0.8344444444444444,0.5794444444444444,0.06166666666666667,0.07277777777777777,0.8152222222222222
13252,ablate_shadow_validation,0.8394444444444444,0.8766666666666667,0.37222222222222223,0.08277777777777778,0.8113888888888888
13252,ablate_core_constraint,0.84,0.8694444444444445,0.07277777777777777,0.33611111111111114,0.8339444444444445
13253,full_loop,0.8511111111111112,0.8605555555555555,0.06833333333333333,0.07611111111111112,0.8881666666666667
13253,ablate_ethicalsense,0.5933333333333334,0.86,0.07666666666666666,0.075,0.8088333333333334
13253,ablate_idealgap,0.8522222222222222,0.5983333333333334,0.06333333333333334,0.07,0.8254166666666667
13253,ablate_shadow_validation,0.8305555555555556,0.8483333333333334,0.37777777777777777,0.08,0.8008055555555557
13253,ablate_core_constraint,0.84,0.865,0.06722222222222222,0.3377777777777778,0.8338888888888889
13254,full_loop,0.8338888888888889,0.87,0.0661111111111111,0.08222222222222222,0.8846944444444444
13254,ablate_ethicalsense,0.5638888888888889,0.8722222222222222,0.056666666666666664,0.06111111111111111,0.8108333333333334
13254,ablate_idealgap,0.8327777777777777,0.6072222222222222,0.07722222222222222,0.08222222222222222,0.8158888888888889
13254,ablate_shadow_validation,0.8466666666666667,0.8572222222222222,0.3738888888888889,0.06777777777777778,0.8112777777777778
13254,ablate_core_constraint,0.8333333333333334,0.8516666666666667,0.065,0.33944444444444444,0.8287777777777778
13255,full_loop,0.8488888888888889,0.8694444444444445,0.06666666666666667,0.08166666666666667,0.8890277777777778
13255,ablate_ethicalsense,0.6044444444444445,0.8433333333333334,0.07388888888888889,0.07,0.8096944444444445
13255,ablate_idealgap,0.84,0.5977777777777777,0.06,0.07277777777777777,0.8218888888888888
13255,ablate_shadow_validation,0.8355555555555556,0.8588888888888889,0.36944444444444446,0.075,0.8080277777777778
13255,ablate_core_constraint,0.8394444444444444,0.8622222222222222,0.06833333333333333,0.33444444444444443,0.8334166666666667
13256,full_loop,0.8361111111111111,0.8622222222222222,0.07166666666666667,0.075,0.8834722222222223
13256,ablate_ethicalsense,0.5633333333333334,0.8666666666666667,0.07888888888888888,0.06833333333333333,0.8022777777777779
13256,ablate_idealgap,0.8411111111111111,0.6072222222222222,0.07388888888888889,0.07666666666666666,0.8203333333333334
13256,ablate_shadow_validation,0.8305555555555556,0.8527777777777777,0.3927777777777778,0.06833333333333333,0.8005
13256,ablate_core_constraint,0.8616666666666667,0.8505555555555555,0.07777777777777778,0.3327777777777778,0.8351388888888889
13257,full_loop,0.8516666666666667,0.8483333333333334,0.07666666666666666,0.08444444444444445,0.8815277777777778
13257,ablate_ethicalsense,0.5755555555555556,0.8761111111111111,0.06,0.07166666666666667,0.8123611111111111
13257,ablate_idealgap,0.84,0.6038888888888889,0.06944444444444445,0.08333333333333333,0.8189444444444445
13257,ablate_shadow_validation,0.8294444444444444,0.8494444444444444,0.38222222222222224,0.08388888888888889,0.798861111111111
13257,ablate_core_constraint,0.8283333333333334,0.8522222222222222,0.06666666666666667,0.3416666666666667,0.8265555555555556
13258,full_loop,0.8238888888888889,0.8566666666666667,0.06055555555555556,0.08,0.8801944444444445
13258,ablate_ethicalsense,0.5438888888888889,0.8505555555555555,0.06666666666666667,0.07444444444444444,0.79425
13258,ablate_idealgap,0.8283333333333334,0.6022222222222222,0.0661111111111111,0.07666666666666666,0.8171944444444444
13258,ablate_shadow_validation,0.8316666666666667,0.8677777777777778,0.3794444444444444,0.07388888888888889,0.8068055555555556
13258,ablate_core_constraint,0.8377777777777777,0.8516666666666667,0.07333333333333333,0.3438888888888889,0.8271388888888889
13259,full_loop,0.8383333333333334,0.8505555555555555,0.06388888888888888,0.08055555555555556,0.8820555555555555
13259,ablate_ethicalsense,0.5694444444444444,0.8594444444444445,0.06722222222222222,0.07555555555555556,0.8037777777777778
13259,ablate_idealgap,0.8322222222222222,0.5983333333333334,0.06444444444444444,0.08611111111111111,0.8159166666666667
13259,ablate_shadow_validation,0.8444444444444444,0.8466666666666667,0.37277777777777776,0.07833333333333334,0.8061388888888888
13259,ablate_core_constraint,0.8394444444444444,0.855,0.075,0.33611111111111114,0.8296111111111111
13260,full_loop,0.8527777777777777,0.8672222222222222,0.07055555555555555,0.07944444444444444,0.8891111111111111
13260,ablate_ethicalsense,0.5694444444444444,0.8694444444444445,0.06111111111111111,0.07222222222222222,0.8084722222222221
13260,ablate_idealgap,0.8411111111111111,0.5855555555555556,0.07166666666666667,0.08888888888888889,0.8130277777777779
13260,ablate_shadow_validation,0.8555555555555555,0.8638888888888889,0.3561111111111111,0.07222222222222222,0.8191666666666667
13260,ablate_core_constraint,0.8411111111111111,0.8655555555555555,0.07,0.33611111111111114,0.834
13261,full_loop,0.8272222222222222,0.8622222222222222,0.07222222222222222,0.07388888888888889,0.8808888888888888
13261,ablate_ethicalsense,0.5766666666666667,0.855,0.06388888888888888,0.07444444444444444,0.8058888888888889
13261,ablate_idealgap,0.8455555555555555,0.5922222222222222,0.0661111111111111,0.07722222222222222,0.81975
13261,ablate_shadow_validation,0.8361111111111111,0.8638888888888889,0.3605555555555556,0.07444444444444444,0.8117777777777778
13261,ablate_core_constraint,0.8377777777777777,0.8505555555555555,0.07222222222222222,0.36,0.8239166666666666
13262,full_loop,0.8272222222222222,0.8366666666666667,0.06444444444444444,0.075,0.8762222222222222
13262,ablate_ethicalsense,0.5861111111111111,0.8572222222222222,0.07222222222222222,0.06666666666666667,0.80875
13262,ablate_idealgap,0.8311111111111111,0.5627777777777778,0.07722222222222222,0.06388888888888888,0.8079444444444444
13262,ablate_shadow_validation,0.8466666666666667,0.8644444444444445,0.38555555555555554,0.06888888888888889,0.8099444444444446
13262,ablate_core_constraint,0.8511111111111112,0.8505555555555555,0.07444444444444444,0.34444444444444444,0.8304722222222223
13263,full_loop,0.8311111111111111,0.8477777777777777,0.06166666666666667,0.07444444444444444,0.8809722222222223
13263,ablate_ethicalsense,0.5911111111111111,0.8583333333333333,0.07055555555555555,0.07222222222222222,0.8098333333333334
13263,ablate_idealgap,0.845,0.5672222222222222,0.06722222222222222,0.07666666666666666,0.8131666666666667
13263,ablate_shadow_validation,0.8355555555555556,0.8616666666666667,0.39611111111111114,0.07888888888888888,0.8012777777777778
13263,ablate_core_constraint,0.8366666666666667,0.8511111111111112,0.06388888888888888,0.3377777777777778,0.83025
13264,full_loop,0.8366666666666667,0.8544444444444445,0.06166666666666667,0.07277777777777777,0.8846388888888889
13264,ablate_ethicalsense,0.5916666666666667,0.8638888888888889,0.07555555555555556,0.07666666666666666,0.8092499999999999
13264,ablate_idealgap,0.8377777777777777,0.595,0.06111111111111111,0.07888888888888888,0.8190277777777777
13264,ablate_shadow_validation,0.835,0.8727777777777778,0.3877777777777778,0.08222222222222222,0.8053055555555556
13264,ablate_core_constraint,0.8205555555555556,0.8555555555555555,0.07277777777777777,0.3566666666666667,0.8205277777777777
13265,full_loop,0.8305555555555556,0.86,0.06722222222222222,0.07611111111111112,0.8821388888888889
13265,ablate_ethicalsense,0.595,0.8533333333333334,0.06944444444444445,0.06888888888888889,0.8106944444444446
13265,ablate_idealgap,0.8538888888888889,0.5905555555555555,0.06222222222222222,0.07222222222222222,0.8238055555555556
13265,ablate_shadow_validation,0.8283333333333334,0.8666666666666667,0.37555555555555553,0.06555555555555556,0.8081666666666667
13265,ablate_core_constraint,0.8438888888888889,0.8488888888888889,0.06055555555555556,0.335,0.8332499999999999
13266,full_loop,0.8422222222222222,0.8594444444444445,0.06888888888888889,0.08555555555555555,0.8831944444444444
13266,ablate_ethicalsense,0.5783333333333334,0.8727777777777778,0.07277777777777777,0.07388888888888889,0.8087222222222221
13266,ablate_idealgap,0.8394444444444444,0.5955555555555555,0.06944444444444445,0.07833333333333334,0.8176944444444444
13266,ablate_shadow_validation,0.8383333333333334,0.8505555555555555,0.385,0.07055555555555555,0.8037777777777778
13266,ablate_core_constraint,0.8422222222222222,0.8438888888888889,0.07055555555555555,0.3622222222222222,0.8235555555555555
13267,full_loop,0.8361111111111111,0.8722222222222222,0.06555555555555556,0.07,0.8885000000000001
13267,ablate_ethicalsense,0.5683333333333334,0.8722222222222222,0.058333333333333334,0.07888888888888888,0.8081944444444444
13267,ablate_idealgap,0.8355555555555556,0.6072222222222222,0.06444444444444444,0.07833333333333334,0.8206944444444445
13267,ablate_shadow_validation,0.8311111111111111,0.8566666666666667,0.39111111111111113,0.085,0.7987222222222223
13267,ablate_core_constraint,0.8388888888888889,0.8611111111111112,0.06833333333333333,0.355,0.828861111111111
13268,full_loop,0.8277777777777777,0.8572222222222222,0.07944444444444444,0.08388888888888889,0.8759999999999999
13268,ablate_ethicalsense,0.5855555555555556,0.8622222222222222,0.07055555555555555,0.085,0.8065833333333334
13268,ablate_idealgap,0.8205555555555556,0.5927777777777777,0.06833333333333333,0.07444444444444444,0.8123888888888889
13268,ablate_shadow_validation,0.8444444444444444,0.8733333333333333,0.36,0.08222222222222222,0.8152222222222222
13268,ablate_core_constraint,0.8283333333333334,0.8611111111111112,0.07611111111111112,0.3416666666666667,0.8264166666666667
13269,full_loop,0.8288888888888889,0.8527777777777777,0.07,0.06888888888888889,0.8805833333333333
13269,ablate_ethicalsense,0.5933333333333334,0.8527777777777777,0.07333333333333333,0.08222222222222222,0.8064166666666667
13269,ablate_idealgap,0.845,0.6033333333333334,0.07611111111111112,0.08055555555555556,0.8191944444444444
13269,ablate_shadow_validation,0.8388888888888889,0.8555555555555555,0.37722222222222224,0.07777777777777778,0.8056944444444445
13269,ablate_core_constraint,0.8305555555555556,0.8677777777777778,0.05722222222222222,0.3377777777777778,0.83425
13270,full_loop,0.8255555555555556,0.8572222222222222,0.07277777777777777,0.08,0.8777777777777779
13270,ablate_ethicalsense,0.5911111111111111,0.8561111111111112,0.06666666666666667,0.07166666666666667,0.8103611111111111
13270,ablate_idealgap,0.8522222222222222,0.5777777777777777,0.07055555555555555,0.07444444444444444,0.8175833333333333
13270,ablate_shadow_validation,0.8511111111111112,0.8611111111111112,0.37833333333333335,0.06444444444444444,0.813138888888889
13270,ablate_core_constraint,0.8411111111111111,0.8688888888888889,0.07055555555555555,0.3477777777777778,0.8323611111111112
13271,full_loop,0.84,0.8594444444444445,0.06388888888888888,0.06388888888888888,0.8881111111111111
13271,ablate_ethicalsense,0.5738888888888889,0.8672222222222222,0.07388888888888889,0.07055555555555555,0.8063888888888889
13271,ablate_idealgap,0.8388888888888889,0.5977777777777777,0.07111111111111111,0.08222222222222222,0.8168888888888889
13271,ablate_shadow_validation,0.8288888888888889,0.8611111111111112,0.3844444444444444,0.085,0.8008333333333334
13271,ablate_core_constraint,0.8483333333333334,0.8533333333333334,0.06888888888888889,0.345,0.8316111111111111
13272,full_loop,0.8505555555555555,0.865,0.065,0.07166666666666667,0.8908333333333334
13272,ablate_ethicalsense,0.5733333333333334,0.8483333333333334,0.07166666666666667,0.07666666666666666,0.8008333333333333
13272,ablate_idealgap,0.8405555555555555,0.6011111111111112,0.07444444444444444,0.07166666666666667,0.8195
13272,ablate_shadow_validation,0.8283333333333334,0.8683333333333333,0.37722222222222224,0.07444444444444444,0.8063888888888889
13272,ablate_core_constraint,0.8355555555555556,0.8666666666666667,0.0661111111111111,0.3616666666666667,0.8284722222222223
13273,full_loop,0.8416666666666667,0.8722222222222222,0.075,0.07611111111111112,0.8865833333333334
13273,ablate_ethicalsense,0.5811111111111111,0.8533333333333334,0.06833333333333333,0.07,0.8065833333333334
13273,ablate_idealgap,0.8455555555555555,0.6088888888888889,0.06722222222222222,0.07722222222222222,0.8236388888888889
13273,ablate_shadow_validation,0.84,0.8633333333333333,0.37555555555555553,0.07722222222222222,0.8085
13273,ablate_core_constraint,0.835,0.8566666666666667,0.06833333333333333,0.3622222222222222,0.8251388888888889
13274,full_loop,0.8566666666666667,0.8583333333333333,0.06888888888888889,0.07722222222222222,0.8889166666666667
13274,ablate_ethicalsense,0.5855555555555556,0.8561111111111112,0.065,0.07777777777777778,0.8078888888888889
13274,ablate_idealgap,0.8416666666666667,0.5838888888888889,0.06555555555555556,0.08055555555555556,0.8159722222222222
13274,ablate_shadow_validation,0.855,0.8733333333333333,0.39555555555555555,0.07611111111111112,0.8107222222222222
13274,ablate_core_constraint,0.8333333333333334,0.8522222222222222,0.07722222222222222,0.3472222222222222,0.8243055555555555
13275,full_loop,0.835,0.8566666666666667,0.07944444444444444,0.07833333333333334,0.8791388888888889
13275,ablate_ethicalsense,0.5755555555555556,0.8633333333333333,0.058888888888888886,0.06944444444444445,0.8098888888888889
13275,ablate_idealgap,0.8338888888888889,0.5972222222222222,0.07055555555555555,0.07166666666666667,0.8175
13275,ablate_shadow_validation,0.8433333333333334,0.8527777777777777,0.385,0.07888888888888888,0.8041666666666667
13275,ablate_core_constraint,0.8444444444444444,0.8483333333333334,0.07,0.3416666666666667,0.8295833333333333
13276,full_loop,0.8394444444444444,0.85,0.0661111111111111,0.08944444444444444,0.8799166666666666
13276,ablate_ethicalsense,0.5527777777777778,0.8566666666666667,0.07166666666666667,0.08666666666666667,0.79475
13276,ablate_idealgap,0.8433333333333334,0.5955555555555555,0.07111111111111111,0.075,0.8191111111111111
13276,ablate_shadow_validation,0.8294444444444444,0.8627777777777778,0.375,0.07666666666666666,0.8054444444444444
13276,ablate_core_constraint,0.8461111111111111,0.8544444444444445,0.0661111111111111,0.345,0.8319166666666666
13277,full_loop,0.8444444444444444,0.8577777777777778,0.075,0.07888888888888888,0.8832500000000001
13277,ablate_ethicalsense,0.5844444444444444,0.8588888888888889,0.07555555555555556,0.07555555555555556,0.8060555555555555
13277,ablate_idealgap,0.8344444444444444,0.5905555555555555,0.08611111111111111,0.06666666666666667,0.813111111111111
13277,ablate_shadow_validation,0.8355555555555556,0.8533333333333334,0.39166666666666666,0.07388888888888889,0.8013055555555555
13277,ablate_core_constraint,0.84,0.8655555555555555,0.07777777777777778,0.3422222222222222,0.8304999999999999
13278,full_loop,0.8483333333333334,0.8622222222222222,0.07055555555555555,0.07277777777777777,0.8878611111111111
13278,ablate_ethicalsense,0.5716666666666667,0.8644444444444445,0.07333333333333333,0.08722222222222223,0.8018333333333334
13278,ablate_idealgap,0.8294444444444444,0.6033333333333334,0.055,0.06944444444444445,0.8220277777777778
13278,ablate_shadow_validation,0.8411111111111111,0.8588888888888889,0.37833333333333335,0.07333333333333333,0.8078055555555556
13278,ablate_core_constraint,0.8372222222222222,0.865,0.06444444444444444,0.3377777777777778,0.83375
13279,full_loop,0.8327777777777777,0.8661111111111112,0.06888888888888889,0.08333333333333333,0.8824722222222222
13279,ablate_ethicalsense,0.5727777777777778,0.8594444444444445,0.06555555555555556,0.085,0.8033055555555556
13279,ablate_idealgap,0.8422222222222222,0.6033333333333334,0.06055555555555556,0.07166666666666667,0.8240277777777777
13279,ablate_shadow_validation,0.8261111111111111,0.8633333333333333,0.38555555555555554,0.07333333333333333,0.8026111111111112
13279,ablate_core_constraint,0.8433333333333334,0.8588888888888889,0.059444444444444446,0.3738888888888889,0.8280833333333334
13280,full_loop,0.8394444444444444,0.8583333333333333,0.06888888888888889,0.08222222222222222,0.8827499999999999
13280,ablate_ethicalsense,0.6033333333333334,0.855,0.06222222222222222,0.07,0.8151944444444446
13280,ablate_idealgap,0.8377777777777777,0.5855555555555556,0.08055555555555556,0.08166666666666667,0.8112499999999999
13280,ablate_shadow_validation,0.84,0.8483333333333334,0.37333333333333335,0.07611111111111112,0.8055277777777778
13280,ablate_core_constraint,0.8383333333333334,0.8727777777777778,0.058333333333333334,0.3561111111111111,0.8338888888888888
13281,full_loop,0.8233333333333334,0.8516666666666667,0.058333333333333334,0.07,0.8813333333333333
13281,ablate_ethicalsense,0.5833333333333334,0.8722222222222222,0.06555555555555556,0.0661111111111111,0.8134444444444445
13281,ablate_idealgap,0.8594444444444445,0.6094444444444445,0.058888888888888886,0.07888888888888888,0.8296944444444445
13281,ablate_shadow_validation,0.8405555555555555,0.8494444444444444,0.36944444444444446,0.0811111111111111,0.8059444444444445
13281,ablate_core_constraint,0.8511111111111112,0.8461111111111111,0.057777777777777775,0.3411111111111111,0.8341944444444445
13282,full_loop,0.8405555555555555,0.8677777777777778,0.07222222222222222,0.07944444444444444,0.8851666666666667
13282,ablate_ethicalsense,0.5666666666666667,0.8594444444444445,0.07555555555555556,0.06833333333333333,0.8023055555555555
13282,ablate_idealgap,0.8377777777777777,0.605,0.06555555555555556,0.06833333333333333,0.8225277777777777
13282,ablate_shadow_validation,0.8344444444444444,0.8711111111111111,0.375,0.07166666666666667,0.8100277777777777
13282,ablate_core_constraint,0.8444444444444444,0.8555555555555555,0.07944444444444444,0.34555555555555556,0.8282499999999999
13283,full_loop,0.8438888888888889,0.8577777777777778,0.07111111111111111,0.07944444444444444,0.8839444444444444
13283,ablate_ethicalsense,0.5811111111111111,0.8266666666666667,0.0661111111111111,0.08,0.7984722222222222
13283,ablate_idealgap,0.8444444444444444,0.5938888888888889,0.08055555555555556,0.075,0.8166666666666667
13283,ablate_shadow_validation,0.8427777777777777,0.8466666666666667,0.37222222222222223,0.08333333333333333,0.8047777777777778
13283,ablate_core_constraint,0.8288888888888889,0.8633333333333333,0.06777777777777778,0.33944444444444444,0.8296666666666666
13284,full_loop,0.8416666666666667,0.8588888888888889,0.06166666666666667,0.08222222222222222,0.8853611111111112
13284,ablate_ethicalsense,0.5611111111111111,0.85,0.06833333333333333,0.07222222222222222,0.7993055555555556
13284,ablate_idealgap,0.8305555555555556,0.6133333333333333,0.06555555555555556,0.08166666666666667,0.8197777777777777
13284,ablate_shadow_validation,0.83,0.8572222222222222,0.37555555555555553,0.06833333333333333,0.80575
13284,ablate_core_constraint,0.8455555555555555,0.8727777777777778,0.06444444444444444,0.35333333333333333,0.8350833333333334
13285,full_loop,0.8433333333333334,0.8561111111111112,0.07722222222222222,0.07833333333333334,0.8820555555555556
13285,ablate_ethicalsense,0.5644444444444444,0.8633333333333333,0.07111111111111111,0.07,0.8033888888888889
13285,ablate_idealgap,0.84,0.5961111111111111,0.06055555555555556,0.07055555555555555,0.8217777777777777
13285,ablate_shadow_validation,0.8438888888888889,0.8516666666666667,0.3927777777777778,0.06333333333333334,0.8052222222222222
13285,ablate_core_constraint,0.8505555555555555,0.8627777777777778,0.07,0.34944444444444445,0.8334722222222222
13286,full_loop,0.8388888888888889,0.8633333333333333,0.05722222222222222,0.07222222222222222,0.88875
13286,ablate_ethicalsense,0.57,0.865,0.065,0.0811111111111111,0.8047777777777778
13286,ablate_idealgap,0.8366666666666667,0.5922222222222222,0.06888888888888889,0.07611111111111112,0.8166111111111112
13286,ablate_shadow_validation,0.84,0.8555555555555555,0.37444444444444447,0.06555555555555556,0.8091666666666667
13286,ablate_core_constraint,0.8333333333333334,0.8638888888888889,0.06777777777777778,0.3383333333333333,0.8313611111111111
13287,full_loop,0.8233333333333334,0.8677777777777778,0.06888888888888889,0.07777777777777778,0.8811666666666667
13287,ablate_ethicalsense,0.5922222222222222,0.86,0.06722222222222222,0.07611111111111112,0.8106388888888889
13287,ablate_idealgap,0.8327777777777777,0.6016666666666667,0.06555555555555556,0.08222222222222222,0.8174166666666667
13287,ablate_shadow_validation,0.8394444444444444,0.85,0.36333333333333334,0.07222222222222222,0.8090555555555555
13287,ablate_core_constraint,0.8411111111111111,0.86,0.06722222222222222,0.33166666666666667,0.8341944444444446
13288,full_loop,0.8294444444444444,0.8555555555555555,0.06555555555555556,0.08666666666666667,0.8789999999999999
13288,ablate_ethicalsense,0.5627777777777778,0.8633333333333333,0.06444444444444444,0.07388888888888889,0.8037777777777777
13288,ablate_idealgap,0.84,0.6033333333333334,0.07,0.08333333333333333,0.8186666666666667
13288,ablate_shadow_validation,0.8338888888888889,0.8727777777777778,0.3861111111111111,0.0661111111111111,0.8086111111111112
13288,ablate_core_constraint,0.8427777777777777,0.865,0.07055555555555555,0.35055555555555556,0.8313333333333334
13289,full_loop,0.8233333333333334,0.8583333333333333,0.07777777777777778,0.07333333333333333,0.8774722222222222
13289,ablate_ethicalsense,0.5888888888888889,0.8577777777777778,0.06944444444444445,0.06333333333333334,0.8110833333333334
13289,ablate_idealgap,0.8366666666666667,0.5838888888888889,0.06277777777777778,0.07833333333333334,0.8156111111111112
13289,ablate_shadow_validation,0.8466666666666667,0.8783333333333333,0.3655555555555556,0.06833333333333333,0.8185277777777779
13289,ablate_core_constraint,0.8405555555555555,0.8533333333333334,0.06,0.3477777777777778,0.8309444444444445
13290,full_loop,0.8533333333333334,0.8555555555555555,0.0661111111111111,0.07166666666666667,0.8890277777777778
13290,ablate_ethicalsense,0.59,0.8666666666666667,0.06111111111111111,0.06888888888888889,0.8146111111111112
13290,ablate_idealgap,0.8327777777777777,0.6066666666666667,0.058888888888888886,0.06055555555555556,0.8246666666666667
13290,ablate_shadow_validation,0.83,0.8583333333333333,0.3738888888888889,0.08277777777777778,0.8035555555555555
13290,ablate_core_constraint,0.8377777777777777,0.8505555555555555,0.06833333333333333,0.33166666666666667,0.8305555555555556
13291,full_loop,0.8322222222222222,0.865,0.07666666666666666,0.07111111111111111,0.8825277777777778
13291,ablate_ethicalsense,0.5822222222222222,0.8683333333333333,0.06666666666666667,0.08,0.8090833333333334
13291,ablate_idealgap,0.8411111111111111,0.6077777777777778,0.06444444444444444,0.07722222222222222,0.8227222222222222
13291,ablate_shadow_validation,0.8322222222222222,0.865,0.3605555555555556,0.06055555555555556,0.8136666666666666
13291,ablate_core_constraint,0.8355555555555556,0.86,0.058333333333333334,0.33444444444444443,0.8341944444444445
13292,full_loop,0.8322222222222222,0.8433333333333334,0.075,0.07666666666666666,0.8764166666666667
13292,ablate_ethicalsense,0.585,0.8738888888888889,0.06722222222222222,0.07944444444444444,0.8112777777777778
13292,ablate_idealgap,0.8488888888888889,0.5855555555555556,0.06833333333333333,0.07666666666666666,0.8186388888888888
13292,ablate_shadow_validation,0.8461111111111111,0.8611111111111112,0.3883333333333333,0.0811111111111111,0.8058055555555557
13292,ablate_core_constraint,0.8427777777777777,0.8594444444444445,0.056666666666666664,0.32722222222222225,0.8380833333333333
13293,full_loop,0.8388888888888889,0.8644444444444445,0.07111111111111111,0.08333333333333333,0.8833333333333333
13293,ablate_ethicalsense,0.5983333333333334,0.85,0.06166666666666667,0.08166666666666667,0.81025
13293,ablate_idealgap,0.84,0.6166666666666667,0.06777777777777778,0.07833333333333334,0.8235555555555556
13293,ablate_shadow_validation,0.8355555555555556,0.8772222222222222,0.37666666666666665,0.07666666666666666,0.8104722222222221
13293,ablate_core_constraint,0.84,0.8461111111111111,0.07444444444444444,0.32611111111111113,0.8296944444444444
13294,full_loop,0.8422222222222222,0.8616666666666667,0.06166666666666667,0.07777777777777778,0.8871111111111112
13294,ablate_ethicalsense,0.5561111111111111,0.8666666666666667,0.058888888888888886,0.07388888888888889,0.804
13294,ablate_idealgap,0.8377777777777777,0.6011111111111112,0.06555555555555556,0.07222222222222222,0.8207777777777777
13294,ablate_shadow_validation,0.845,0.865,0.37666666666666665,0.07777777777777778,0.8100277777777778
13294,ablate_core_constraint,0.8572222222222222,0.8688888888888889,0.08333333333333333,0.34444444444444444,0.8346666666666667
13295,full_loop,0.8472222222222222,0.8588888888888889,0.0661111111111111,0.07,0.8883611111111112
13295,ablate_ethicalsense,0.585,0.8616666666666667,0.07388888888888889,0.07333333333333333,0.8077777777777778
13295,ablate_idealgap,0.8461111111111111,0.6038888888888889,0.07166666666666667,0.07388888888888889,0.8221111111111112
13295,ablate_shadow_validation,0.8311111111111111,0.865,0.37666666666666665,0.08555555555555555,0.8043055555555556
13295,ablate_core_constraint,0.8427777777777777,0.8733333333333333,0.06277777777777778,0.3416666666666667,0.8371388888888889
13296,full_loop,0.8433333333333334,0.8611111111111112,0.0661111111111111,0.08055555555555556,0.8856388888888889
13296,ablate_ethicalsense,0.5783333333333334,0.8511111111111112,0.059444444444444446,0.06388888888888888,0.8086388888888889
13296,ablate_idealgap,0.8327777777777777,0.6,0.06388888888888888,0.07166666666666667,0.8195277777777776
13296,ablate_shadow_validation,0.8527777777777777,0.8727777777777778,0.395,0.07888888888888888,0.8094999999999999
13296,ablate_core_constraint,0.8322222222222222,0.8588888888888889,0.07,0.3283333333333333,0.8312222222222222
13297,full_loop,0.8461111111111111,0.8533333333333334,0.065,0.08166666666666667,0.8845833333333334
13297,ablate_ethicalsense,0.5755555555555556,0.8627777777777778,0.06444444444444444,0.07777777777777778,0.8066944444444444
13297,ablate_idealgap,0.8661111111111112,0.5733333333333334,0.06444444444444444,0.06888888888888889,0.8232777777777778
13297,ablate_shadow_validation,0.8411111111111111,0.86,0.3711111111111111,0.08333333333333333,0.8078888888888889
13297,ablate_core_constraint,0.8316666666666667,0.8716666666666667,0.06277777777777778,0.33944444444444444,0.8338333333333334
13298,full_loop,0.8483333333333334,0.8688888888888889,0.058888888888888886,0.08166666666666667,0.8906666666666667
13298,ablate_ethicalsense,0.5822222222222222,0.8638888888888889,0.06055555555555556,0.07333333333333333,0.8108333333333333
13298,ablate_idealgap,0.8461111111111111,0.5911111111111111,0.06333333333333334,0.07055555555555555,0.8216666666666667
13298,ablate_shadow_validation,0.8516666666666667,0.8677777777777778,0.37444444444444447,0.07,0.8148333333333333
13298,ablate_core_constraint,0.8244444444444444,0.8683333333333333,0.07333333333333333,0.3488888888888889,0.8263055555555555
13299,full_loop,0.8438888888888889,0.8677777777777778,0.06722222222222222,0.075,0.8883055555555556
13299,ablate_ethicalsense,0.5888888888888889,0.8672222222222222,0.06277777777777778,0.08777777777777777,0.8102222222222222
13299,ablate_idealgap,0.835,0.5983333333333334,0.07,0.07888888888888888,0.8168055555555556
13299,ablate_shadow_validation,0.8277777777777777,0.8711111111111111,0.385,0.06833333333333333,0.8061944444444443
13299,ablate_core_constraint,0.8472222222222222,0.8622222222222222,0.07055555555555555,0.35388888888888886,0.8313055555555555
13300,full_loop,0.8288888888888889,0.8533333333333334,0.07611111111111112,0.08666666666666667,0.8756388888888889
13300,ablate_ethicalsense,0.5855555555555556,0.8727777777777778,0.07833333333333334,0.07444444444444444,0.8093888888888888
13300,ablate_idealgap,0.8233333333333334,0.6111111111111112,0.06111111111111111,0.07611111111111112,0.8192777777777779
13300,ablate_shadow_validation,0.8261111111111111,0.8661111111111112,0.3688888888888889,0.08333333333333333,0.8054722222222223
13300,ablate_core_constraint,0.8511111111111112,0.8538888888888889,0.07777777777777778,0.3327777777777778,0.8328055555555556
13301,full_loop,0.8488888888888889,0.8683333333333333,0.07111111111111111,0.07833333333333334,0.8883055555555556
13301,ablate_ethicalsense,0.5838888888888889,0.8627777777777778,0.07555555555555556,0.0811111111111111,0.80575
13301,ablate_idealgap,0.8311111111111111,0.6005555555555555,0.06333333333333334,0.0661111111111111,0.8204166666666667
13301,ablate_shadow_validation,0.8538888888888889,0.8572222222222222,0.37833333333333335,0.08222222222222222,0.8094444444444444
13301,ablate_core_constraint,0.8566666666666667,0.8694444444444445,0.07,0.3422222222222222,0.8384166666666667
13302,full_loop,0.84,0.8588888888888889,0.06777777777777778,0.08166666666666667,0.8834444444444445
13302,ablate_ethicalsense,0.5783333333333334,0.8555555555555555,0.06777777777777778,0.08277777777777778,0.8038888888888889
13302,ablate_idealgap,0.8333333333333334,0.6,0.07444444444444444,0.07388888888888889,0.8166111111111112
13302,ablate_shadow_validation,0.8433333333333334,0.8622222222222222,0.3794444444444444,0.07333333333333333,0.8090277777777778
13302,ablate_core_constraint,0.8361111111111111,0.8644444444444445,0.07111111111111111,0.34,0.8311666666666667
13303,full_loop,0.8455555555555555,0.8494444444444444,0.065,0.07388888888888889,0.885
13303,ablate_ethicalsense,0.585,0.8577777777777778,0.06888888888888889,0.07722222222222222,0.8072777777777778
13303,ablate_idealgap,0.8372222222222222,0.6044444444444445,0.06222222222222222,0.07888888888888888,0.8209444444444445
13303,ablate_shadow_validation,0.8316666666666667,0.8588888888888889,0.34055555555555556,0.07944444444444444,0.8131944444444444
13303,ablate_core_constraint,0.8316666666666667,0.8594444444444445,0.07888888888888888,0.3372222222222222,0.8271944444444445
13304,full_loop,0.8461111111111111,0.8683333333333333,0.056666666666666664,0.08,0.89075
13304,ablate_ethicalsense,0.5705555555555556,0.8672222222222222,0.05722222222222222,0.07722222222222222,0.8082222222222223
13304,ablate_idealgap,0.8444444444444444,0.6011111111111112,0.06444444444444444,0.07222222222222222,0.8230555555555555
13304,ablate_shadow_validation,0.8344444444444444,0.85,0.3761111111111111,0.07166666666666667,0.8044722222222223
13304,ablate_core_constraint,0.8361111111111111,0.8666666666666667,0.07222222222222222,0.3383333333333333,0.8317777777777778
13305,full_loop,0.835,0.8472222222222222,0.06722222222222222,0.07777777777777778,0.8799444444444444
13305,ablate_ethicalsense,0.5688888888888889,0.865,0.07833333333333334,0.07944444444444444,0.8014444444444444
13305,ablate_idealgap,0.84,0.6205555555555555,0.06833333333333333,0.08611111111111111,0.8228333333333334
13305,ablate_shadow_validation,0.8538888888888889,0.8555555555555555,0.3883333333333333,0.08222222222222222,0.8065277777777778
13305,ablate_core_constraint,0.8444444444444444,0.8622222222222222,0.07111111111111111,0.35444444444444445,0.8302222222222222
13306,full_loop,0.8461111111111111,0.8583333333333333,0.06833333333333333,0.07333333333333333,0.8866666666666667
13306,ablate_ethicalsense,0.5988888888888889,0.8572222222222222,0.06833333333333333,0.07666666666666666,0.8115555555555555
13306,ablate_idealgap,0.83,0.59,0.06333333333333334,0.06777777777777778,0.817111111111111
13306,ablate_shadow_validation,0.8377777777777777,0.8594444444444445,0.3705555555555556,0.075,0.8085555555555556
13306,ablate_core_constraint,0.8266666666666667,0.8688888888888889,0.06,0.35055555555555556,0.8301111111111111
13307,full_loop,0.8311111111111111,0.8505555555555555,0.0661111111111111,0.07888888888888888,0.8796666666666666
13307,ablate_ethicalsense,0.5772222222222222,0.8727777777777778,0.06166666666666667,0.07055555555555555,0.8118333333333333
13307,ablate_idealgap,0.8316666666666667,0.6016666666666667,0.06,0.06944444444444445,0.8210277777777778
13307,ablate_shadow_validation,0.835,0.8538888888888889,0.38055555555555554,0.07444444444444444,0.8039444444444445
13307,ablate_core_constraint,0.8316666666666667,0.8611111111111112,0.07388888888888889,0.3566666666666667,0.8249722222222222
13308,full_loop,0.8461111111111111,0.8544444444444445,0.06111111111111111,0.07555555555555556,0.8870555555555555
13308,ablate_ethicalsense,0.5777777777777777,0.8622222222222222,0.06888888888888889,0.07222222222222222,0.8072222222222222
13308,ablate_idealgap,0.8311111111111111,0.6138888888888889,0.07277777777777777,0.07888888888888888,0.8188333333333333
13308,ablate_shadow_validation,0.84,0.8588888888888889,0.3938888888888889,0.06444444444444444,0.8053611111111111
13308,ablate_core_constraint,0.8422222222222222,0.8561111111111112,0.07277777777777777,0.34055555555555556,0.8303888888888888
13309,full_loop,0.8283333333333334,0.8633333333333333,0.085,0.07166666666666667,0.8787499999999999
13309,ablate_ethicalsense,0.6027777777777777,0.8583333333333333,0.06555555555555556,0.08555555555555555,0.8119166666666666
13309,ablate_idealgap,0.8405555555555555,0.6016666666666667,0.07111111111111111,0.07666666666666666,0.8194722222222222
13309,ablate_shadow_validation,0.8366666666666667,0.87,0.35833333333333334,0.07722222222222222,0.8134722222222223
13309,ablate_core_constraint,0.845,0.8566666666666667,0.06388888888888888,0.3383333333333333,0.8340277777777777
13310,full_loop,0.8377777777777777,0.8594444444444445,0.06777777777777778,0.07777777777777778,0.8836944444444443
13310,ablate_ethicalsense,0.595,0.8577777777777778,0.06333333333333334,0.07666666666666666,0.8117777777777777
13310,ablate_idealgap,0.8322222222222222,0.6094444444444445,0.06388888888888888,0.07777777777777778,0.8205
13310,ablate_shadow_validation,0.8277777777777777,0.8777777777777778,0.395,0.08166666666666667,0.8026944444444444
13310,ablate_core_constraint,0.8527777777777777,0.8577777777777778,0.07111111111111111,0.33166666666666667,0.8361666666666666
13311,full_loop,0.8466666666666667,0.8494444444444444,0.06555555555555556,0.07833333333333334,0.8843055555555556
13311,ablate_ethicalsense,0.5911111111111111,0.8505555555555555,0.06388888888888888,0.075,0.809
13311,ablate_idealgap,0.8338888888888889,0.62,0.07222222222222222,0.07611111111111112,0.821888888888889
13311,ablate_shadow_validation,0.8283333333333334,0.8638888888888889,0.38,0.06888888888888889,0.8056944444444445
13311,ablate_core_constraint,0.8361111111111111,0.8666666666666667,0.07388888888888889,0.3566666666666667,0.8276944444444445
13312,full_loop,0.8355555555555556,0.8583333333333333,0.06277777777777778,0.07333333333333333,0.8848888888888888
13312,ablate_ethicalsense,0.5711111111111111,0.8577777777777778,0.06777777777777778,0.07444444444444444,0.8039444444444445
13312,ablate_idealgap,0.835,0.6105555555555555,0.06888888888888889,0.07111111111111111,0.8216944444444445
13312,ablate_shadow_validation,0.8355555555555556,0.8427777777777777,0.3811111111111111,0.07444444444444444,0.8011944444444444
13312,ablate_core_constraint,0.84,0.8461111111111111,0.06555555555555556,0.34,0.8291388888888889
13313,full_loop,0.8544444444444445,0.8644444444444445,0.065,0.07555555555555556,0.8910833333333333
13313,ablate_ethicalsense,0.5888888888888889,0.8477777777777777,0.07388888888888889,0.07611111111111112,0.8049166666666667
13313,ablate_idealgap,0.8511111111111112,0.5977777777777777,0.08055555555555556,0.07277777777777777,0.8200833333333333
13313,ablate_shadow_validation,0.8261111111111111,0.8561111111111112,0.38055555555555554,0.07333333333333333,0.8020555555555555
13313,ablate_core_constraint,0.8422222222222222,0.8538888888888889,0.07111111111111111,0.3516666666666667,0.8280277777777778
13314,full_loop,0.8483333333333334,0.8622222222222222,0.065,0.07111111111111111,0.8895833333333334
13314,ablate_ethicalsense,0.5788888888888889,0.8444444444444444,0.065,0.08166666666666667,0.8021944444444444
13314,ablate_idealgap,0.8394444444444444,0.5861111111111111,0.07277777777777777,0.07555555555555556,0.8150555555555554
13314,ablate_shadow_validation,0.8316666666666667,0.8588888888888889,0.38555555555555554,0.09166666666666666,0.7995
13314,ablate_core_constraint,0.8444444444444444,0.8494444444444444,0.06166666666666667,0.36277777777777775,0.8277222222222222
13315,full_loop,0.8272222222222222,0.8416666666666667,0.06166666666666667,0.08722222222222223,0.8757222222222223
13315,ablate_ethicalsense,0.5988888888888889,0.8538888888888889,0.059444444444444446,0.08333333333333333,0.8116111111111112
13315,ablate_idealgap,0.8533333333333334,0.5966666666666667,0.07111111111111111,0.06944444444444445,0.8235
13315,ablate_shadow_validation,0.8472222222222222,0.8655555555555555,0.3705555555555556,0.07555555555555556,0.8128055555555556
13315,ablate_core_constraint,0.8288888888888889,0.8572222222222222,0.058888888888888886,0.3461111111111111,0.8290277777777778
13316,full_loop,0.8322222222222222,0.8822222222222222,0.06444444444444444,0.08444444444444445,0.8872222222222222
13316,ablate_ethicalsense,0.5938888888888889,0.8627777777777778,0.07166666666666667,0.06666666666666667,0.8126111111111111
13316,ablate_idealgap,0.8344444444444444,0.6094444444444445,0.06055555555555556,0.075,0.8225555555555556
13316,ablate_shadow_validation,0.84,0.8611111111111112,0.3711111111111111,0.07388888888888889,0.8097222222222222
13316,ablate_core_constraint,0.8461111111111111,0.8655555555555555,0.06166666666666667,0.3477777777777778,0.83525
13317,full_loop,0.8411111111111111,0.8583333333333333,0.07444444444444444,0.07222222222222222,0.8838611111111111
13317,ablate_ethicalsense,0.5838888888888889,0.8694444444444445,0.07111111111111111,0.065,0.8117500000000001
13317,ablate_idealgap,0.8488888888888889,0.6116666666666667,0.07055555555555555,0.07611111111111112,0.8247222222222222
13317,ablate_shadow_validation,0.8438888888888889,0.855,0.3827777777777778,0.06944444444444445,0.8073333333333333
13317,ablate_core_constraint,0.8355555555555556,0.8616666666666667,0.07666666666666666,0.34055555555555556,0.8288055555555556
13318,full_loop,0.8394444444444444,0.8688888888888889,0.06444444444444444,0.08444444444444445,0.8860555555555556
13318,ablate_ethicalsense,0.5677777777777778,0.855,0.059444444444444446,0.08222222222222222,0.8027777777777778
13318,ablate_idealgap,0.8544444444444445,0.5911111111111111,0.06777777777777778,0.08555555555555555,0.8200555555555555
13318,ablate_shadow_validation,0.835,0.8611111111111112,0.3888888888888889,0.06888888888888889,0.8047777777777778
13318,ablate_core_constraint,0.8361111111111111,0.8622222222222222,0.07166666666666667,0.35333333333333333,0.8278055555555557
13319,full_loop,0.8461111111111111,0.85,0.06833333333333333,0.07555555555555556,0.8841388888888889
13319,ablate_ethicalsense,0.5888888888888889,0.8588888888888889,0.07,0.07777777777777778,0.8083333333333333
13319,ablate_idealgap,0.8355555555555556,0.595,0.07055555555555555,0.07111111111111111,0.8175555555555556
13319,ablate_shadow_validation,0.8383333333333334,0.8633333333333333,0.37777777777777777,0.09277777777777778,0.8043333333333333
13319,ablate_core_constraint,0.8216666666666667,0.865,0.06222222222222222,0.34444444444444444,0.8283055555555556
13320,full_loop,0.8488888888888889,0.8733333333333333,0.06944444444444445,0.06277777777777778,0.8930833333333333
13320,ablate_ethicalsense,0.5944444444444444,0.8616666666666667,0.07555555555555556,0.07333333333333333,0.8101944444444444
13320,ablate_idealgap,0.8522222222222222,0.5983333333333334,0.07444444444444444,0.07,0.8226388888888889
13320,ablate_shadow_validation,0.845,0.8611111111111112,0.39222222222222225,0.07722222222222222,0.8052777777777778
13320,ablate_core_constraint,0.8388888888888889,0.8427777777777777,0.0661111111111111,0.3466666666666667,0.8265
13321,full_loop,0.8361111111111111,0.8594444444444445,0.06666666666666667,0.07166666666666667,0.8846944444444444
13321,ablate_ethicalsense,0.5844444444444444,0.8666666666666667,0.06944444444444445,0.06166666666666667,0.8123055555555556
13321,ablate_idealgap,0.8227777777777778,0.5905555555555555,0.07444444444444444,0.07777777777777778,0.8103055555555556
13321,ablate_shadow_validation,0.8516666666666667,0.8633333333333333,0.36444444444444446,0.06888888888888889,0.8164444444444445
13321,ablate_core_constraint,0.8472222222222222,0.8611111111111112,0.07,0.35,0.8319444444444445
13322,full_loop,0.8461111111111111,0.8555555555555555,0.06888888888888889,0.07277777777777777,0.8859444444444444
13322,ablate_ethicalsense,0.5605555555555556,0.86,0.07277777777777777,0.08333333333333333,0.7983055555555556
13322,ablate_idealgap,0.8294444444444444,0.5911111111111111,0.07111111111111111,0.06777777777777778,0.8152777777777778
13322,ablate_shadow_validation,0.8583333333333333,0.8644444444444445,0.3988888888888889,0.07888888888888888,0.8081111111111112
13322,ablate_core_constraint,0.8422222222222222,0.8677777777777778,0.07,0.3433333333333333,0.8334444444444444
13323,full_loop,0.82,0.8638888888888889,0.07166666666666667,0.07166666666666667,0.8797222222222222
13323,ablate_ethicalsense,0.5744444444444444,0.8755555555555555,0.058333333333333334,0.08222222222222222,0.8101944444444444
13323,ablate_idealgap,0.8322222222222222,0.5927777777777777,0.07,0.07777777777777778,0.8148055555555556
13323,ablate_shadow_validation,0.8411111111111111,0.8616666666666667,0.39444444444444443,0.07722222222222222,0.8036944444444445
13323,ablate_core_constraint,0.835,0.86,0.075,0.3283333333333333,0.8310833333333333
13324,full_loop,0.8483333333333334,0.8544444444444445,0.07333333333333333,0.06277777777777778,0.8872222222222222
13324,ablate_ethicalsense,0.5655555555555556,0.8844444444444445,0.07777777777777778,0.07111111111111111,0.8071111111111111
13324,ablate_idealgap,0.8466666666666667,0.5888888888888889,0.07111111111111111,0.07222222222222222,0.8190000000000001
13324,ablate_shadow_validation,0.8427777777777777,0.8438888888888889,0.36833333333333335,0.06777777777777778,0.8081666666666666
13324,ablate_core_constraint,0.8533333333333334,0.8694444444444445,0.0661111111111111,0.34055555555555556,0.8387222222222223
13325,full_loop,0.8366666666666667,0.8661111111111112,0.06833333333333333,0.07611111111111112,0.8852222222222222
13325,ablate_ethicalsense,0.5922222222222222,0.8533333333333334,0.07166666666666667,0.07833333333333334,0.8074166666666667
13325,ablate_idealgap,0.8255555555555556,0.5894444444444444,0.06777777777777778,0.07055555555555555,0.8139722222222222
13325,ablate_shadow_validation,0.8438888888888889,0.8488888888888889,0.38166666666666665,0.07277777777777777,0.8054166666666666
13325,ablate_core_constraint,0.8483333333333334,0.8677777777777778,0.06833333333333333,0.3438888888888889,0.8355833333333333
13326,full_loop,0.8422222222222222,0.8622222222222222,0.07111111111111111,0.065,0.8874444444444445
13326,ablate_ethicalsense,0.5738888888888889,0.8583333333333333,0.07444444444444444,0.08444444444444445,0.80125
13326,ablate_idealgap,0.8477777777777777,0.6022222222222222,0.065,0.08333333333333333,0.8219722222222222
13326,ablate_shadow_validation,0.8455555555555555,0.86,0.37833333333333335,0.09055555555555556,0.8059722222222222
13326,ablate_core_constraint,0.8444444444444444,0.8527777777777777,0.07333333333333333,0.34,0.8301944444444445
13327,full_loop,0.8466666666666667,0.875,0.07166666666666667,0.07666666666666666,0.8895
13327,ablate_ethicalsense,0.5844444444444444,0.8494444444444444,0.06055555555555556,0.075,0.8075555555555556
13327,ablate_idealgap,0.84,0.5866666666666667,0.065,0.07444444444444444,0.8175277777777777
13327,ablate_shadow_validation,0.8444444444444444,0.8583333333333333,0.3605555555555556,0.06777777777777778,0.8142222222222222
13327,ablate_core_constraint,0.8427777777777777,0.8622222222222222,0.06444444444444444,0.3466666666666667,0.8329444444444445
13328,full_loop,0.8277777777777777,0.8683333333333333,0.06722222222222222,0.07277777777777777,0.8840555555555555
13328,ablate_ethicalsense,0.5816666666666667,0.865,0.07,0.07611111111111112,0.8080277777777778
13328,ablate_idealgap,0.8322222222222222,0.6038888888888889,0.06222222222222222,0.07222222222222222,0.8206388888888889
13328,ablate_shadow_validation,0.8377777777777777,0.8527777777777777,0.3566666666666667,0.06555555555555556,0.8122499999999999
13328,ablate_core_constraint,0.8405555555555555,0.86,0.07277777777777777,0.3211111111111111,0.8347499999999999
13329,full_loop,0.8283333333333334,0.8755555555555555,0.058333333333333334,0.07944444444444444,0.8869166666666666
13329,ablate_ethicalsense,0.5677777777777778,0.8605555555555555,0.06777777777777778,0.06888888888888889,0.8047500000000001
13329,ablate_idealgap,0.8522222222222222,0.5905555555555555,0.07388888888888889,0.07722222222222222,0.8193888888888889
13329,ablate_shadow_validation,0.8427777777777777,0.8577777777777778,0.37222222222222223,0.07666666666666666,0.8088888888888889
13329,ablate_core_constraint,0.8327777777777777,0.8627777777777778,0.075,0.3383333333333333,0.829111111111111
13330,full_loop,0.8261111111111111,0.8594444444444445,0.06555555555555556,0.0811111111111111,0.8800833333333333
13330,ablate_ethicalsense,0.58,0.8727777777777778,0.0661111111111111,0.06888888888888889,0.8118888888888889
13330,ablate_idealgap,0.8372222222222222,0.6094444444444445,0.07,0.07,0.8220277777777778
13330,ablate_shadow_validation,0.8366666666666667,0.8772222222222222,0.36,0.09555555555555556,0.8111944444444444
13330,ablate_core_constraint,0.8383333333333334,0.8727777777777778,0.06555555555555556,0.35444444444444445,0.8324166666666666
13331,full_loop,0.8338888888888889,0.8694444444444445,0.06333333333333334,0.08055555555555556,0.8855833333333333
13331,ablate_ethicalsense,0.5822222222222222,0.8561111111111112,0.06055555555555556,0.08,0.8075555555555556
13331,ablate_idealgap,0.8233333333333334,0.6022222222222222,0.07166666666666667,0.08,0.8136388888888889
13331,ablate_shadow_validation,0.8422222222222222,0.8616666666666667,0.3877777777777778,0.0811111111111111,0.8049166666666667
13331,ablate_core_constraint,0.8366666666666667,0.8633333333333333,0.06666666666666667,0.34944444444444445,0.8302777777777777
13332,full_loop,0.8611111111111112,0.8688888888888889,0.07111111111111111,0.07055555555555555,0.8936666666666667
13332,ablate_ethicalsense,0.5844444444444444,0.8677777777777778,0.07166666666666667,0.08555555555555555,0.8072499999999999
13332,ablate_idealgap,0.8361111111111111,0.6188888888888889,0.065,0.0811111111111111,0.8230833333333334
13332,ablate_shadow_validation,0.8411111111111111,0.8666666666666667,0.38222222222222224,0.07333333333333333,0.8087777777777778
13332,ablate_core_constraint,0.8505555555555555,0.8533333333333334,0.07111111111111111,0.3427777777777778,0.8321666666666667
13333,full_loop,0.8361111111111111,0.8572222222222222,0.06111111111111111,0.06388888888888888,0.8870833333333332
13333,ablate_ethicalsense,0.595,0.8577777777777778,0.06722222222222222,0.08888888888888889,0.8083611111111111
13333,ablate_idealgap,0.8238888888888889,0.6105555555555555,0.06833333333333333,0.08222222222222222,0.8162777777777778
13333,ablate_shadow_validation,0.8372222222222222,0.8516666666666667,0.37722222222222224,0.08888888888888889,0.802
13333,ablate_core_constraint,0.8394444444444444,0.8527777777777777,0.06277777777777778,0.3333333333333333,0.8326666666666667
13334,full_loop,0.815,0.8505555555555555,0.07055555555555555,0.07777777777777778,0.8739444444444444
13334,ablate_ethicalsense,0.5822222222222222,0.8627777777777778,0.06444444444444444,0.08055555555555556,0.8081388888888889
13334,ablate_idealgap,0.8522222222222222,0.6127777777777778,0.06666666666666667,0.08055555555555556,0.8260833333333334
13334,ablate_shadow_validation,0.8372222222222222,0.875,0.3788888888888889,0.07777777777777778,0.8096388888888888
13334,ablate_core_constraint,0.8405555555555555,0.8722222222222222,0.065,0.32055555555555554,0.8398611111111112
13335,full_loop,0.8544444444444445,0.87,0.06888888888888889,0.08333333333333333,0.8899444444444444
13335,ablate_ethicalsense,0.5716666666666667,0.87,0.065,0.08222222222222222,0.8063055555555556
13335,ablate_idealgap,0.84,0.6216666666666667,0.065,0.07,0.8271666666666666
13335,ablate_shadow_validation,0.8422222222222222,0.8633333333333333,0.4027777777777778,0.07888888888888888,0.8020277777777778
13335,ablate_core_constraint,0.8311111111111111,0.8494444444444444,0.07,0.35388888888888886,0.8234166666666666
13336,full_loop,0.8405555555555555,0.8616666666666667,0.07444444444444444,0.08555555555555555,0.8818611111111111
13336,ablate_ethicalsense,0.5827777777777777,0.8727777777777778,0.06444444444444444,0.07055555555555555,0.8128055555555556
13336,ablate_idealgap,0.8338888888888889,0.6111111111111112,0.07222222222222222,0.07444444444444444,0.82
13336,ablate_shadow_validation,0.8405555555555555,0.8511111111111112,0.37222222222222223,0.07166666666666667,0.8075555555555556
13336,ablate_core_constraint,0.8355555555555556,0.8527777777777777,0.06333333333333334,0.33,0.8320277777777777
13337,full_loop,0.8327777777777777,0.8666666666666667,0.059444444444444446,0.075,0.886638888888889
13337,ablate_ethicalsense,0.6005555555555555,0.8683333333333333,0.07388888888888889,0.08388888888888889,0.812
13337,ablate_idealgap,0.85,0.5894444444444444,0.06166666666666667,0.06888888888888889,0.8231666666666666
13337,ablate_shadow_validation,0.8383333333333334,0.8583333333333333,0.3638888888888889,0.07888888888888888,0.8093333333333332
13337,ablate_core_constraint,0.8472222222222222,0.86,0.06277777777777778,0.3372222222222222,0.8360277777777777
13338,full_loop,0.8238888888888889,0.8716666666666667,0.08277777777777778,0.07777777777777778,0.8788333333333334
13338,ablate_ethicalsense,0.5855555555555556,0.8561111111111112,0.058888888888888886,0.08333333333333333,0.8083055555555556
13338,ablate_idealgap,0.8388888888888889,0.6,0.07,0.07277777777777777,0.819611111111111
13338,ablate_shadow_validation,0.8472222222222222,0.8627777777777778,0.37666666666666665,0.07222222222222222,0.8112499999999999
13338,ablate_core_constraint,0.8394444444444444,0.8544444444444445,0.07166666666666667,0.3327777777777778,0.8309722222222222
13339,full_loop,0.8322222222222222,0.8594444444444445,0.07166666666666667,0.07166666666666667,0.8822777777777777
13339,ablate_ethicalsense,0.5944444444444444,0.8577777777777778,0.0811111111111111,0.07833333333333334,0.8068333333333334
13339,ablate_idealgap,0.8422222222222222,0.5961111111111111,0.065,0.07666666666666666,0.8201111111111111
13339,ablate_shadow_validation,0.8433333333333334,0.8611111111111112,0.3761111111111111,0.08,0.80825
13339,ablate_core_constraint,0.8494444444444444,0.8633333333333333,0.07555555555555556,0.33111111111111113,0.8355555555555555
13340,full_loop,0.8416666666666667,0.8672222222222222,0.07055555555555555,0.07,0.8876666666666666
13340,ablate_ethicalsense,0.5666666666666667,0.8583333333333333,0.06944444444444445,0.07888888888888888,0.8014444444444444
13340,ablate_idealgap,0.8488888888888889,0.5927777777777777,0.06555555555555556,0.07611111111111112,0.82125
13340,ablate_shadow_validation,0.8488888888888889,0.8638888888888889,0.37833333333333335,0.06722222222222222,0.8126111111111112
13340,ablate_core_constraint,0.8422222222222222,0.855,0.07444444444444444,0.3472222222222222,0.8283611111111111
13341,full_loop,0.8555555555555555,0.8461111111111111,0.07722222222222222,0.06944444444444445,0.885
13341,ablate_ethicalsense,0.5905555555555555,0.8666666666666667,0.085,0.07611111111111112,0.8073611111111111
13341,ablate_idealgap,0.835,0.5888888888888889,0.06833333333333333,0.07555555555555556,0.8155277777777777
13341,ablate_shadow_validation,0.84,0.855,0.37222222222222223,0.06833333333333333,0.8090277777777778
13341,ablate_core_constraint,0.8338888888888889,0.8555555555555555,0.065,0.35333333333333333,0.8271388888888889
13342,full_loop,0.8316666666666667,0.8655555555555555,0.06333333333333334,0.06388888888888888,0.8872777777777778
13342,ablate_ethicalsense,0.5772222222222222,0.8566666666666667,0.07444444444444444,0.07388888888888889,0.8039444444444444
13342,ablate_idealgap,0.8466666666666667,0.6066666666666667,0.06777777777777778,0.06333333333333334,0.8260555555555555
13342,ablate_shadow_validation,0.8416666666666667,0.8738888888888889,0.3927777777777778,0.08,0.8067777777777778
13342,ablate_core_constraint,0.8522222222222222,0.8611111111111112,0.08222222222222222,0.35,0.830388888888889
13343,full_loop,0.8444444444444444,0.8483333333333334,0.06777777777777778,0.07888888888888888,0.8826944444444444
13343,ablate_ethicalsense,0.5816666666666667,0.8822222222222222,0.06722222222222222,0.07333333333333333,0.8135833333333333
13343,ablate_idealgap,0.8261111111111111,0.6061111111111112,0.07055555555555555,0.07833333333333334,0.8160555555555555
13343,ablate_shadow_validation,0.8283333333333334,0.8555555555555555,0.3933333333333333,0.075,0.7990555555555556
13343,ablate_core_constraint,0.8322222222222222,0.8616666666666667,0.06277777777777778,0.35,0.8293888888888888
