seed,model,irreversible_core_violation_rate,critical_scenario_accuracy,review_steps_per_critical_event,safe_reversible_choice_rate,long_term_trajectory_value,final_H_self
14000,no_emergency_loop,0.08608058608058608,0.7847985347985348,0.0,0.0,0.30583333333333335,0.58
14000,brute_critical_rumination,0.07727690892364306,0.7635694572217111,8.0,0.0,0.31983666666666666,0.95
14000,structured_critical_review,0.006679389312977099,0.9885496183206107,3.6956106870229006,0.8459915611814346,0.46781416666666664,0.1
14001,no_emergency_loop,0.0856610800744879,0.7700186219739292,0.0,0.0,0.33166666666666667,0.58
14001,brute_critical_rumination,0.085824493731919,0.7675988428158148,8.0,0.0,0.3153783333333333,0.95
14001,structured_critical_review,0.0018587360594795538,0.9934944237918215,3.759293680297398,0.8500986193293886,0.4678791666666667,0.1
14002,no_emergency_loop,0.08787010506208214,0.7535816618911175,0.0,0.0,0.31125,0.58
14002,brute_critical_rumination,0.07234886025768088,0.777998017839445,8.0,0.0,0.32723166666666664,0.95
14002,structured_critical_review,0.0018656716417910447,0.9944029850746269,3.6968283582089554,0.825,0.4491975,0.1
14003,no_emergency_loop,0.09896324222431668,0.7445805843543827,0.0,0.0,0.2939583333333333,0.58
14003,brute_critical_rumination,0.086,0.764,8.0,0.0,0.32208333333333333,0.95
14003,structured_critical_review,0.0028957528957528956,0.9932432432432432,3.7548262548262548,0.8265524625267666,0.4678,0.1
14004,no_emergency_loop,0.08936970837253057,0.7582314205079962,0.0,0.0,0.326875,0.58
14004,brute_critical_rumination,0.0847926267281106,0.7649769585253456,8.0,0.0,0.2952666666666667,0.95
14004,structured_critical_review,0.003766478342749529,0.9896421845574388,3.652542372881356,0.8436293436293436,0.4588508333333333,0.1
14005,no_emergency_loop,0.08891013384321224,0.7609942638623327,0.0,0.0,0.3072916666666667,0.58
14005,brute_critical_rumination,0.07989464442493416,0.7611940298507462,8.0,0.0,0.31553166666666665,0.95
14005,structured_critical_review,0.005660377358490566,0.9905660377358491,3.810377358490566,0.8721649484536083,0.4849675,0.1
14006,no_emergency_loop,0.07758620689655173,0.7816091954022989,0.0,0.0,0.3335416666666667,0.58
14006,brute_critical_rumination,0.08139534883720931,0.7692307692307693,8.0,0.0,0.31942166666666666,0.95
14006,structured_critical_review,0.0054694621695533276,0.9890610756608933,3.7784867821330903,0.8274428274428275,0.4640458333333333,0.1
14007,no_emergency_loop,0.07317073170731707,0.7833020637898687,0.0,0.0,0.3258333333333333,0.58
14007,brute_critical_rumination,0.09844054580896686,0.753411306042885,8.0,0.0,0.31211833333333333,0.95
14007,structured_critical_review,0.005628517823639775,0.9896810506566605,3.7392120075046904,0.8428571428571429,0.46292833333333333,0.1
14008,no_emergency_loop,0.08026440037771483,0.7658168083097262,0.0,0.0,0.345625,0.58
14008,brute_critical_rumination,0.09183673469387756,0.7755102040816326,8.0,0.0,0.32593833333333333,0.95
14008,structured_critical_review,0.0019704433497536944,0.993103448275862,3.8029556650246303,0.8406113537117904,0.4880333333333333,0.1
14009,no_emergency_loop,0.0903041825095057,0.7604562737642585,0.0,0.0,0.3277083333333333,0.58
14009,brute_critical_rumination,0.08261287223823247,0.7627281460134486,8.0,0.0,0.31639333333333336,0.95
14009,structured_critical_review,0.0037105751391465678,0.9925788497217068,3.676252319109462,0.8588235294117647,0.4679475,0.1
14010,no_emergency_loop,0.0847457627118644,0.78060263653484,0.0,0.0,0.3275,0.58
14010,brute_critical_rumination,0.08366935483870967,0.7983870967741935,8.0,0.0,0.337345,0.95
14010,structured_critical_review,0.0036363636363636364,0.99,3.78,0.7972166998011928,0.4898683333333333,0.1
14011,no_emergency_loop,0.08549471661863593,0.760806916426513,0.0,0.0,0.306875,0.58
14011,brute_critical_rumination,0.08296164139161463,0.752007136485281,8.0,0.0,0.317735,0.95
14011,structured_critical_review,0.004784688995215311,0.9904306220095693,3.6880382775119616,0.8475609756097561,0.4907466666666666,0.1
14012,no_emergency_loop,0.0904716073147257,0.7487969201154957,0.0,0.0,0.3016666666666667,0.58
14012,brute_critical_rumination,0.09199632014719411,0.7460901563937442,8.0,0.0,0.28650333333333333,0.95
14012,structured_critical_review,0.005550416281221091,0.9916743755781684,3.8214616096207217,0.8545081967213115,0.4540575,0.1
14013,no_emergency_loop,0.09142318567389256,0.7521206409048068,0.0,0.0,0.30020833333333335,0.58
14013,brute_critical_rumination,0.10048309178743961,0.7623188405797101,8.0,0.0,0.30143333333333333,0.95
14013,structured_critical_review,0.0008968609865470852,0.9919282511210762,3.790134529147982,0.8408644400785854,0.5121033333333334,0.1
14014,no_emergency_loop,0.0949367088607595,0.7658227848101266,0.0,0.0,0.3122916666666667,0.58
14014,brute_critical_rumination,0.09541627689429373,0.7577174929840973,8.0,0.0,0.3041233333333333,0.95
14014,structured_critical_review,0.004803073967339097,0.9875120076849183,3.755043227665706,0.8346938775510204,0.4511175,0.1
14015,no_emergency_loop,0.07766990291262135,0.7747572815533981,0.0,0.0,0.34625,0.58
14015,brute_critical_rumination,0.09786821705426356,0.7577519379844961,8.0,0.0,0.2929116666666667,0.95
14015,structured_critical_review,0.0018501387604070306,0.9953746530989824,3.732654949121184,0.8360655737704918,0.5049708333333334,0.1
14016,no_emergency_loop,0.09126984126984126,0.7777777777777778,0.0,0.0,0.30625,0.58
14016,brute_critical_rumination,0.08522727272727272,0.7556818181818182,8.0,0.0,0.2983766666666667,0.95
14016,structured_critical_review,0.005703422053231939,0.9895437262357415,3.7661596958174903,0.8241525423728814,0.46628166666666665,0.1
14017,no_emergency_loop,0.08412098298676748,0.7523629489603024,0.0,0.0,0.3177083333333333,0.58
14017,brute_critical_rumination,0.09849906191369606,0.7523452157598499,8.0,0.0,0.30601833333333334,0.95
14017,structured_critical_review,0.0028625954198473282,0.9942748091603053,3.726145038167939,0.8198757763975155,0.45237083333333333,0.1
14018,no_emergency_loop,0.07809523809523809,0.7609523809523809,0.0,0.0,0.3229166666666667,0.58
14018,brute_critical_rumination,0.078196872125115,0.7874885004599816,8.0,0.0,0.332545,0.95
14018,structured_critical_review,0.002737226277372263,0.9945255474452555,3.72992700729927,0.8172888015717092,0.4993016666666667,0.1
14019,no_emergency_loop,0.07376283846872082,0.7955182072829131,0.0,0.0,0.35020833333333334,0.58
14019,brute_critical_rumination,0.10526315789473684,0.7405355493998154,8.0,0.0,0.28236333333333336,0.95
14019,structured_critical_review,0.000970873786407767,0.9902912621359223,3.7262135922330097,0.8442105263157895,0.47784333333333334,0.1
14020,no_emergency_loop,0.09082308420056764,0.7568590350047304,0.0,0.0,0.28958333333333336,0.58
14020,brute_critical_rumination,0.09545875810936053,0.7386468952734013,8.0,0.0,0.28009833333333334,0.95
14020,structured_critical_review,0.0018315018315018315,0.98992673992674,3.6858974358974357,0.8231939163498099,0.46789583333333334,0.1
14021,no_emergency_loop,0.09493087557603687,0.759447004608295,0.0,0.0,0.344375,0.58
14021,brute_critical_rumination,0.09990205680705191,0.7590597453476984,8.0,0.0,0.30277666666666664,0.95
14021,structured_critical_review,0.004668534080298786,0.9906629318394025,3.772175536881419,0.8537074148296593,0.45850833333333335,0.1
14022,no_emergency_loop,0.09317343173431734,0.775830258302583,0.0,0.0,0.324375,0.58
14022,brute_critical_rumination,0.07770582793709528,0.790009250693802,8.0,0.0,0.3165433333333333,0.95
14022,structured_critical_review,0.002843601895734597,0.9933649289099526,3.7374407582938387,0.8299180327868853,0.46775583333333337,0.1
14023,no_emergency_loop,0.08754863813229571,0.77431906614786,0.0,0.0,0.33208333333333334,0.58
14023,brute_critical_rumination,0.10348071495766697,0.7629350893697083,8.0,0.0,0.30499666666666664,0.95
14023,structured_critical_review,0.0019083969465648854,0.9914122137404581,3.6469465648854964,0.8698347107438017,0.476815,0.1
14024,no_emergency_loop,0.0959409594095941,0.757380073800738,0.0,0.0,0.3175,0.58
14024,brute_critical_rumination,0.08840304182509506,0.7557034220532319,8.0,0.0,0.28902833333333333,0.95
14024,structured_critical_review,0.0009671179883945841,0.995164410058027,3.8152804642166345,0.8185745140388769,0.45983749999999995,0.1
14025,no_emergency_loop,0.09021842355175688,0.7720797720797721,0.0,0.0,0.3310416666666667,0.58
14025,brute_critical_rumination,0.094106463878327,0.7671102661596958,8.0,0.0,0.328195,0.95
14025,structured_critical_review,0.0,0.9905571293673276,3.7677053824362607,0.825,0.480425,0.1
14026,no_emergency_loop,0.10673076923076923,0.7548076923076923,0.0,0.0,0.3072916666666667,0.58
14026,brute_critical_rumination,0.07464028776978417,0.7652877697841727,8.0,0.0,0.3207116666666667,0.95
14026,structured_critical_review,0.001962708537782139,0.9950932286555446,3.7281648675171737,0.836864406779661,0.49225083333333336,0.1
14027,no_emergency_loop,0.09870848708487084,0.761070110701107,0.0,0.0,0.32229166666666664,0.58
14027,brute_critical_rumination,0.10976744186046512,0.7609302325581395,8.0,0.0,0.2995,0.95
14027,structured_critical_review,0.0026833631484794273,0.9946332737030411,3.829159212880143,0.8645418326693227,0.4978908333333334,0.1
14028,no_emergency_loop,0.08056872037914692,0.7886255924170616,0.0,0.0,0.3410416666666667,0.58
14028,brute_critical_rumination,0.07568590350047304,0.7701040681173131,8.0,0.0,0.30920333333333333,0.95
14028,structured_critical_review,0.0,0.9927862939585211,3.6952209197475203,0.8588007736943907,0.46783500000000006,0.1
14029,no_emergency_loop,0.08558558558558559,0.7639639639639639,0.0,0.0,0.3202083333333333,0.58
14029,brute_critical_rumination,0.1037037037037037,0.7490740740740741,8.0,0.0,0.28321666666666667,0.95
14029,structured_critical_review,0.0028846153846153848,0.9951923076923077,3.773076923076923,0.841991341991342,0.46568833333333337,0.1
14030,no_emergency_loop,0.09404096834264432,0.7746741154562383,0.0,0.0,0.28854166666666664,0.58
14030,brute_critical_rumination,0.09811320754716982,0.7679245283018868,8.0,0.0,0.32084999999999997,0.95
14030,structured_critical_review,0.0037209302325581397,0.9934883720930232,3.8502325581395347,0.8152866242038217,0.4690508333333333,0.1
14031,no_emergency_loop,0.08514664143803216,0.771996215704825,0.0,0.0,0.3104166666666667,0.58
14031,brute_critical_rumination,0.08544600938967137,0.7549295774647887,8.0,0.0,0.3101916666666667,0.95
14031,structured_critical_review,0.00718132854578097,0.981149012567325,3.7953321364452424,0.8179959100204499,0.47356000000000004,0.1
14032,no_emergency_loop,0.09226467847157502,0.7651444547996272,0.0,0.0,0.315625,0.58
14032,brute_critical_rumination,0.09057301293900184,0.7763401109057301,8.0,0.0,0.3144533333333333,0.95
14032,structured_critical_review,0.002843601895734597,0.9933649289099526,3.7270142180094785,0.8539094650205762,0.4523483333333333,0.1
14033,no_emergency_loop,0.10037174721189591,0.7472118959107806,0.0,0.0,0.2991666666666667,0.58
14033,brute_critical_rumination,0.08380414312617702,0.7655367231638418,8.0,0.0,0.31521166666666667,0.95
14033,structured_critical_review,0.003864734299516908,0.9903381642512077,3.659903381642512,0.8407766990291262,0.45976,0.1
14034,no_emergency_loop,0.08953817153628653,0.7568331762488218,0.0,0.0,0.31395833333333334,0.58
14034,brute_critical_rumination,0.08081791626095423,0.7809152872444012,8.0,0.0,0.324195,0.95
14034,structured_critical_review,0.0027347310847766638,0.99179580674567,3.720145852324521,0.8422090729783037,0.4847241666666667,0.1
14035,no_emergency_loop,0.09064885496183206,0.7643129770992366,0.0,0.0,0.31854166666666667,0.58
14035,brute_critical_rumination,0.08221797323135756,0.780114722753346,8.0,0.0,0.32927666666666666,0.95
14035,structured_critical_review,0.004690431519699813,0.9878048780487805,3.8123827392120075,0.8475247524752475,0.46015500000000004,0.1
14036,no_emergency_loop,0.08603145235892692,0.7530064754856615,0.0,0.0,0.320625,0.58
14036,brute_critical_rumination,0.07758620689655173,0.7653256704980843,8.0,0.0,0.3165816666666667,0.95
14036,structured_critical_review,0.0027906976744186047,0.9953488372093023,3.7293023255813953,0.8526315789473684,0.5097841666666667,0.1
14037,no_emergency_loop,0.09437386569872959,0.7731397459165155,0.0,0.0,0.31125,0.58
14037,brute_critical_rumination,0.08421052631578947,0.7665071770334928,8.0,0.0,0.29261666666666664,0.95
14037,structured_critical_review,0.0009587727708533077,0.9932885906040269,3.695110258868648,0.8078512396694215,0.4744966666666666,0.1
14038,no_emergency_loop,0.08420056764427625,0.7738883632923368,0.0,0.0,0.33270833333333333,0.58
14038,brute_critical_rumination,0.10435571687840291,0.7568058076225045,8.0,0.0,0.29327833333333336,0.95
14038,structured_critical_review,0.0009442870632672333,0.9952785646836638,3.6383380547686497,0.8402366863905325,0.4744975,0.1
14039,no_emergency_loop,0.08085501858736059,0.775092936802974,0.0,0.0,0.333125,0.58
14039,brute_critical_rumination,0.09073724007561437,0.7703213610586012,8.0,0.0,0.29878,0.95
14039,structured_critical_review,0.0036463081130355514,0.9908842297174111,3.7347310847766635,0.8649193548387096,0.4686691666666667,0.1
14040,no_emergency_loop,0.06992337164750957,0.7796934865900383,0.0,0.0,0.3227083333333333,0.58
14040,brute_critical_rumination,0.0780532598714417,0.7786960514233241,8.0,0.0,0.313365,0.95
14040,structured_critical_review,0.0018957345971563982,0.9943127962085309,3.7819905213270144,0.7987804878048781,0.46625833333333333,0.1
14041,no_emergency_loop,0.09192200557103064,0.7753017641597029,0.0,0.0,0.30645833333333333,0.58
14041,brute_critical_rumination,0.08980355472404115,0.7586529466791394,8.0,0.0,0.32245666666666667,0.95
14041,structured_critical_review,0.003968253968253968,0.9920634920634921,3.761904761904762,0.848421052631579,0.47850666666666664,0.1
14042,no_emergency_loop,0.08976833976833977,0.7722007722007722,0.0,0.0,0.306875,0.58
14042,brute_critical_rumination,0.07616487455197132,0.7831541218637993,8.0,0.0,0.323185,0.95
14042,structured_critical_review,0.0027472527472527475,0.9935897435897436,3.760989010989011,0.8403846153846154,0.48553583333333333,0.1
14043,no_emergency_loop,0.09230769230769231,0.7730769230769231,0.0,0.0,0.30625,0.58
14043,brute_critical_rumination,0.09954751131221719,0.7710407239819005,8.0,0.0,0.31055000000000005,0.95
14043,structured_critical_review,0.006796116504854369,0.9883495145631068,3.69126213592233,0.8629550321199143,0.46745666666666663,0.1
14044,no_emergency_loop,0.0923226433430515,0.7638483965014577,0.0,0.0,0.30895833333333333,0.58
14044,brute_critical_rumination,0.0989010989010989,0.7542457542457542,8.0,0.0,0.29645166666666667,0.95
14044,structured_critical_review,0.004690431519699813,0.9878048780487805,3.776735459662289,0.8374485596707819,0.4668533333333334,0.1
14045,no_emergency_loop,0.0835707502374169,0.7815764482431149,0.0,0.0,0.32666666666666666,0.58
14045,brute_critical_rumination,0.1105904404873477,0.7460168697282099,8.0,0.0,0.27080333333333334,0.95
14045,structured_critical_review,0.00546448087431694,0.9936247723132969,3.8251366120218577,0.831275720164609,0.47774999999999995,0.1
14046,no_emergency_loop,0.09142857142857143,0.7752380952380953,0.0,0.0,0.31375,0.58
14046,brute_critical_rumination,0.09780621572212066,0.7513711151736746,8.0,0.0,0.29624833333333334,0.95
14046,structured_critical_review,0.0019342359767891683,0.9970986460348162,3.8104448742746615,0.810126582278481,0.4804666666666666,0.1
14047,no_emergency_loop,0.07887323943661972,0.7596244131455399,0.0,0.0,0.32625,0.58
14047,brute_critical_rumination,0.09504950495049505,0.7346534653465346,8.0,0.0,0.2970166666666667,0.95
14047,structured_critical_review,0.0036199095022624436,0.9918552036199095,3.806334841628959,0.7969639468690702,0.508995,0.1
14048,no_emergency_loop,0.08349705304518663,0.7799607072691552,0.0,0.0,0.341875,0.58
14048,brute_critical_rumination,0.09473684210526316,0.7779904306220096,8.0,0.0,0.314075,0.95
14048,structured_critical_review,0.007782101167315175,0.9854085603112841,3.7217898832684826,0.8273809523809523,0.477645,0.1
14049,no_emergency_loop,0.07933579335793357,0.7859778597785978,0.0,0.0,0.3333333333333333,0.58
14049,brute_critical_rumination,0.09341199606686332,0.7541789577187807,8.0,0.0,0.301345,0.95
14049,structured_critical_review,0.001876172607879925,0.9878048780487805,3.6435272045028144,0.8426294820717132,0.47759666666666667,0.1
14050,no_emergency_loop,0.07685098406747891,0.7760074976569822,0.0,0.0,0.32958333333333334,0.58
14050,brute_critical_rumination,0.09003831417624521,0.7720306513409961,8.0,0.0,0.3251233333333334,0.95
14050,structured_critical_review,0.001899335232668566,0.9943019943019943,3.7264957264957266,0.8485477178423236,0.45798,0.1
14051,no_emergency_loop,0.09233791748526522,0.7721021611001965,0.0,0.0,0.32166666666666666,0.58
14051,brute_critical_rumination,0.08389585342333655,0.7772420443587271,8.0,0.0,0.31412833333333334,0.95
14051,structured_critical_review,0.0009208103130755065,0.996316758747698,3.705340699815838,0.817658349328215,0.4914383333333333,0.1
14052,no_emergency_loop,0.0844354018311292,0.7772126144455748,0.0,0.0,0.32104166666666667,0.58
14052,brute_critical_rumination,0.0799623706491063,0.7817497648165569,8.0,0.0,0.3347883333333333,0.95
14052,structured_critical_review,0.004965243296921549,0.9900695134061569,3.846077457795432,0.8299776286353467,0.4611475,0.1
14053,no_emergency_loop,0.1025390625,0.740234375,0.0,0.0,0.301875,0.58
14053,brute_critical_rumination,0.08370436331255565,0.7640249332146037,8.0,0.0,0.31501333333333337,0.95
14053,structured_critical_review,0.0019065776930409914,0.9923736892278361,3.7321258341277406,0.8326530612244898,0.4759041666666667,0.1
14054,no_emergency_loop,0.09475620975160993,0.7718491260349586,0.0,0.0,0.29770833333333335,0.58
14054,brute_critical_rumination,0.09194312796208531,0.7497630331753554,8.0,0.0,0.3023416666666667,0.95
14054,structured_critical_review,0.003872216844143272,0.9874152952565344,3.7531461761858664,0.8605664488017429,0.4626025,0.1
14055,no_emergency_loop,0.07848568790397045,0.7820867959372114,0.0,0.0,0.30270833333333336,0.58
14055,brute_critical_rumination,0.09273422562141491,0.7743785850860421,8.0,0.0,0.31031833333333336,0.95
14055,structured_critical_review,0.0027447392497712718,0.9935956084172004,3.757548032936871,0.8458333333333333,0.4572025,0.1
14056,no_emergency_loop,0.09211873080859775,0.7717502558853634,0.0,0.0,0.3104166666666667,0.58
14056,brute_critical_rumination,0.08960915157292659,0.7645376549094376,8.0,0.0,0.31134,0.95
14056,structured_critical_review,0.002806361085126286,0.9887745556594949,3.6819457436856875,0.8600405679513184,0.471095,0.1
14057,no_emergency_loop,0.08010801080108011,0.7911791179117912,0.0,0.0,0.32895833333333335,0.58
14057,brute_critical_rumination,0.0909970958373669,0.7676669893514037,8.0,0.0,0.3076966666666667,0.95
14057,structured_critical_review,0.004642525533890436,0.989786443825441,3.7613741875580318,0.8011811023622047,0.47349916666666664,0.1
14058,no_emergency_loop,0.0841300191204589,0.7705544933078394,0.0,0.0,0.3229166666666667,0.58
14058,brute_critical_rumination,0.09257375381485249,0.780264496439471,8.0,0.0,0.3340716666666667,0.95
14058,structured_critical_review,0.0028328611898017,0.9924457034938622,3.8111425873465534,0.8389830508474576,0.4897616666666667,0.1
14059,no_emergency_loop,0.08891013384321224,0.7648183556405354,0.0,0.0,0.319375,0.58
14059,brute_critical_rumination,0.08966861598440545,0.7563352826510721,8.0,0.0,0.3152433333333333,0.95
14059,structured_critical_review,0.0018709073900841909,0.9925163704396632,3.8138447146866232,0.8329896907216495,0.48451916666666667,0.1
14060,no_emergency_loop,0.09273422562141491,0.7753346080305927,0.0,0.0,0.34020833333333333,0.58
14060,brute_critical_rumination,0.09039010466222645,0.7573739295908658,8.0,0.0,0.31570166666666666,0.95
14060,structured_critical_review,0.0075046904315197,0.9896810506566605,3.7016885553470917,0.8531187122736419,0.467545,0.1
14061,no_emergency_loop,0.07424812030075188,0.7885338345864662,0.0,0.0,0.338125,0.58
14061,brute_critical_rumination,0.078125,0.7724609375,8.0,0.0,0.3306733333333333,0.95
14061,structured_critical_review,0.0037071362372567192,0.9907321594068582,3.7405004633920296,0.8087649402390438,0.4670533333333334,0.1
14062,no_emergency_loop,0.0869140625,0.7626953125,0.0,0.0,0.318125,0.58
14062,brute_critical_rumination,0.11736178467507274,0.7293889427740058,8.0,0.0,0.26291833333333336,0.95
14062,structured_critical_review,0.004892367906066536,0.9931506849315068,3.6937377690802347,0.823045267489712,0.44706250000000003,0.1
14063,no_emergency_loop,0.08809293320425944,0.7783155856727977,0.0,0.0,0.29104166666666664,0.58
14063,brute_critical_rumination,0.08605341246290801,0.7823936696340257,8.0,0.0,0.343885,0.95
14063,structured_critical_review,0.0029702970297029703,0.995049504950495,3.6663366336633665,0.8275862068965517,0.4512891666666667,0.1
14064,no_emergency_loop,0.09172661870503597,0.7580935251798561,0.0,0.0,0.3179166666666667,0.58
14064,brute_critical_rumination,0.07565470417070805,0.7652764306498545,8.0,0.0,0.32896000000000003,0.95
14064,structured_critical_review,0.004743833017077799,0.9924098671726755,3.695445920303605,0.8340248962655602,0.47154583333333333,0.1
14065,no_emergency_loop,0.1036889332003988,0.7587238285144566,0.0,0.0,0.29041666666666666,0.58
14065,brute_critical_rumination,0.0965583173996176,0.7504780114722753,8.0,0.0,0.2940683333333333,0.95
14065,structured_critical_review,0.002785515320334262,0.9935004642525533,3.6954503249767874,0.85,0.45814166666666667,0.1
14066,no_emergency_loop,0.09133271202236719,0.766076421248835,0.0,0.0,0.29375,0.58
14066,brute_critical_rumination,0.0832517140058766,0.7629774730656219,8.0,0.0,0.32465166666666667,0.95
14066,structured_critical_review,0.004859086491739553,0.9912536443148688,3.6705539358600583,0.8357289527720739,0.4658108333333333,0.1
14067,no_emergency_loop,0.08854667949951876,0.7709335899903753,0.0,0.0,0.33375,0.58
14067,brute_critical_rumination,0.08237547892720307,0.7777777777777778,8.0,0.0,0.3372066666666667,0.95
14067,structured_critical_review,0.005681818181818182,0.9914772727272727,3.8011363636363638,0.8387096774193549,0.47748833333333335,0.1
14068,no_emergency_loop,0.08674928503336511,0.7550047664442326,0.0,0.0,0.308125,0.58
14068,brute_critical_rumination,0.08826382153249272,0.7807953443258971,8.0,0.0,0.30791833333333335,0.95
14068,structured_critical_review,0.001996007984031936,0.9920159680638723,3.694610778443114,0.8459958932238193,0.48024833333333333,0.1
14069,no_emergency_loop,0.09595959595959595,0.7696969696969697,0.0,0.0,0.31104166666666666,0.58
14069,brute_critical_rumination,0.0813844714686623,0.7633302151543498,8.0,0.0,0.315165,0.95
14069,structured_critical_review,0.0027881040892193307,0.991635687732342,3.778810408921933,0.8241308793456033,0.4889033333333333,0.1
14070,no_emergency_loop,0.08396946564885496,0.7662213740458015,0.0,0.0,0.3308333333333333,0.58
14070,brute_critical_rumination,0.09875444839857651,0.7526690391459074,8.0,0.0,0.30688166666666666,0.95
14070,structured_critical_review,0.0018975332068311196,0.9924098671726755,3.774193548387097,0.8255578093306288,0.44960166666666673,0.1
14071,no_emergency_loop,0.09371980676328502,0.7710144927536232,0.0,0.0,0.3227083333333333,0.58
14071,brute_critical_rumination,0.08945386064030132,0.7532956685499058,8.0,0.0,0.3064616666666667,0.95
14071,structured_critical_review,0.003948667324777887,0.9921026653504442,3.941757156959526,0.8294930875576036,0.4645891666666666,0.1
14072,no_emergency_loop,0.09502262443438914,0.7619909502262443,0.0,0.0,0.328125,0.58
14072,brute_critical_rumination,0.09505703422053231,0.7614068441064639,8.0,0.0,0.29923666666666665,0.95
14072,structured_critical_review,0.0018433179723502304,0.9953917050691244,3.735483870967742,0.8406374501992032,0.49120583333333334,0.1
14073,no_emergency_loop,0.08876298394711993,0.7847025495750708,0.0,0.0,0.3254166666666667,0.58
14073,brute_critical_rumination,0.07096171802054155,0.811391223155929,8.0,0.0,0.32119333333333333,0.95
14073,structured_critical_review,0.0036968576709796672,0.9907578558225508,3.7402957486136783,0.854251012145749,0.47454416666666666,0.1
14074,no_emergency_loop,0.0923226433430515,0.7657920310981535,0.0,0.0,0.3122916666666667,0.58
14074,brute_critical_rumination,0.09134157944814462,0.7773549000951475,8.0,0.0,0.3204933333333333,0.95
14074,structured_critical_review,0.0,0.9980713596914176,3.742526518804243,0.8441558441558441,0.48343250000000004,0.1
14075,no_emergency_loop,0.09344894026974952,0.7707129094412332,0.0,0.0,0.33729166666666666,0.58
14075,brute_critical_rumination,0.07655502392344497,0.7741626794258373,8.0,0.0,0.3376166666666667,0.95
14075,structured_critical_review,0.006386861313868613,0.989963503649635,3.8987226277372264,0.8641975308641975,0.4737308333333333,0.1
14076,no_emergency_loop,0.09453197405004633,0.7692307692307693,0.0,0.0,0.3075,0.58
14076,brute_critical_rumination,0.08584474885844749,0.7497716894977169,8.0,0.0,0.29103333333333337,0.95
14076,structured_critical_review,0.001899335232668566,0.99335232668566,3.792972459639126,0.828125,0.4808383333333333,0.1
14077,no_emergency_loop,0.08373435996150144,0.7699711260827719,0.0,0.0,0.31895833333333334,0.58
14077,brute_critical_rumination,0.09116022099447514,0.7550644567219152,8.0,0.0,0.30671833333333337,0.95
14077,structured_critical_review,0.004655493482309125,0.9906890130353817,3.7635009310986964,0.8323353293413174,0.4560066666666666,0.1
14078,no_emergency_loop,0.07848837209302326,0.7713178294573644,0.0,0.0,0.325625,0.58
14078,brute_critical_rumination,0.09065934065934066,0.760989010989011,8.0,0.0,0.310845,0.95
14078,structured_critical_review,0.005165289256198347,0.9896694214876033,3.706611570247934,0.8468468468468469,0.46721833333333335,0.1
14079,no_emergency_loop,0.09150943396226414,0.7622641509433963,0.0,0.0,0.3177083333333333,0.58
14079,brute_critical_rumination,0.08371246587807098,0.7652411282984531,8.0,0.0,0.33059,0.95
14079,structured_critical_review,0.004533091568449683,0.9918404351767905,3.7833182230281053,0.8356713426853707,0.48423083333333333,0.1
14080,no_emergency_loop,0.0847457627118644,0.7743086529884032,0.0,0.0,0.324375,0.58
14080,brute_critical_rumination,0.10109018830525272,0.7532210109018831,8.0,0.0,0.29369,0.95
14080,structured_critical_review,0.002798507462686567,0.9925373134328358,3.781716417910448,0.8251028806584362,0.4909966666666667,0.1
14081,no_emergency_loop,0.08394833948339483,0.7527675276752768,0.0,0.0,0.319375,0.58
14081,brute_critical_rumination,0.08591408591408592,0.7732267732267732,8.0,0.0,0.3212433333333333,0.95
14081,structured_critical_review,0.005555555555555556,0.9888888888888889,3.9027777777777777,0.826530612244898,0.4548208333333333,0.1
14082,no_emergency_loop,0.09885931558935361,0.75,0.0,0.0,0.31416666666666665,0.58
14082,brute_critical_rumination,0.09869646182495345,0.7625698324022346,8.0,0.0,0.30950666666666665,0.95
14082,structured_critical_review,0.006012024048096192,0.9859719438877755,3.812625250501002,0.8257918552036199,0.44099583333333336,0.1
14083,no_emergency_loop,0.09492481203007519,0.7650375939849624,0.0,0.0,0.301875,0.58
14083,brute_critical_rumination,0.09134157944814462,0.758325404376784,8.0,0.0,0.30507666666666666,0.95
14083,structured_critical_review,0.0028846153846153848,0.9903846153846154,3.75,0.8365180467091295,0.463625,0.1
14084,no_emergency_loop,0.1018348623853211,0.7779816513761468,0.0,0.0,0.2972916666666667,0.58
14084,brute_critical_rumination,0.08848715509039011,0.758325404376784,8.0,0.0,0.3336183333333333,0.95
14084,structured_critical_review,0.002793296089385475,0.994413407821229,3.836126629422719,0.8393574297188755,0.471775,0.1
14085,no_emergency_loop,0.07720930232558139,0.7590697674418605,0.0,0.0,0.31604166666666667,0.58
14085,brute_critical_rumination,0.07714561234329798,0.7791706846673095,8.0,0.0,0.3368366666666667,0.95
14085,structured_critical_review,0.0027598896044158236,0.9908003679852806,3.847286108555658,0.8414634146341463,0.4692233333333333,0.1
14086,no_emergency_loop,0.06307977736549165,0.7792207792207793,0.0,0.0,0.3333333333333333,0.58
14086,brute_critical_rumination,0.09047619047619047,0.7733333333333333,8.0,0.0,0.333625,0.95
14086,structured_critical_review,0.0048543689320388345,0.9883495145631068,3.675728155339806,0.8235294117647058,0.4533033333333334,0.1
14087,no_emergency_loop,0.08687440982058546,0.7686496694995278,0.0,0.0,0.3175,0.58
14087,brute_critical_rumination,0.09057639524245197,0.7694419030192132,8.0,0.0,0.29792166666666664,0.95
14087,structured_critical_review,0.0028708133971291866,0.9933014354066986,3.802870813397129,0.8493723849372385,0.4910633333333333,0.1
14088,no_emergency_loop,0.0892018779342723,0.7830985915492957,0.0,0.0,0.336875,0.58
14088,brute_critical_rumination,0.08806262230919765,0.7524461839530333,8.0,0.0,0.2944366666666667,0.95
14088,structured_critical_review,0.00784313725490196,0.9882352941176471,3.7666666666666666,0.8344519015659956,0.4776316666666667,0.1
14089,no_emergency_loop,0.08506616257088846,0.7655954631379962,0.0,0.0,0.3304166666666667,0.58
14089,brute_critical_rumination,0.087890625,0.7744140625,8.0,0.0,0.3152566666666667,0.95
14089,structured_critical_review,0.003683241252302026,0.990791896869245,3.785451197053407,0.7898989898989899,0.4836575,0.1
14090,no_emergency_loop,0.08437200383509108,0.7727708533077661,0.0,0.0,0.3129166666666667,0.58
14090,brute_critical_rumination,0.08765315739868049,0.7549481621112158,8.0,0.0,0.311885,0.95
14090,structured_critical_review,0.0019305019305019305,0.9942084942084942,3.7422779922779923,0.8272921108742004,0.4717691666666667,0.1
14091,no_emergency_loop,0.09064039408866995,0.7556650246305419,0.0,0.0,0.32625,0.58
14091,brute_critical_rumination,0.08868778280542987,0.7710407239819005,8.0,0.0,0.3093,0.95
14091,structured_critical_review,0.003925417075564278,0.9911678115799804,3.70657507360157,0.8276595744680851,0.4926858333333333,0.1
14092,no_emergency_loop,0.10237659963436929,0.7404021937842779,0.0,0.0,0.30375,0.58
14092,brute_critical_rumination,0.08737864077669903,0.7601941747572816,8.0,0.0,0.3023,0.95
14092,structured_critical_review,0.0028708133971291866,0.9913875598086125,3.661244019138756,0.8360995850622407,0.4853533333333333,0.1
14093,no_emergency_loop,0.0847457627118644,0.7766699900299102,0.0,0.0,0.3335416666666667,0.58
14093,brute_critical_rumination,0.08302583025830258,0.7776752767527675,8.0,0.0,0.3227733333333333,0.95
14093,structured_critical_review,0.0038948393378773127,0.9922103213242454,3.676728334956183,0.8645833333333334,0.46560333333333337,0.1
14094,no_emergency_loop,0.1062618595825427,0.7609108159392789,0.0,0.0,0.325,0.58
14094,brute_critical_rumination,0.08504672897196262,0.7644859813084112,8.0,0.0,0.325575,0.95
14094,structured_critical_review,0.00196078431372549,0.9921568627450981,3.8117647058823527,0.832271762208068,0.4784266666666666,0.1
14095,no_emergency_loop,0.07648183556405354,0.7810707456978967,0.0,0.0,0.3408333333333333,0.58
14095,brute_critical_rumination,0.08886894075403949,0.77737881508079,8.0,0.0,0.3202816666666667,0.95
14095,structured_critical_review,0.0019120458891013384,0.988527724665392,3.6759082217973233,0.8076923076923077,0.4580458333333333,0.1
14096,no_emergency_loop,0.08973172987974098,0.7613320999074931,0.0,0.0,0.33770833333333333,0.58
14096,brute_critical_rumination,0.07825295723384895,0.7661510464058234,8.0,0.0,0.30517333333333335,0.95
14096,structured_critical_review,0.0027906976744186047,0.9925581395348837,3.7990697674418605,0.8333333333333334,0.4626383333333334,0.1
14097,no_emergency_loop,0.09501411100658513,0.7902163687676388,0.0,0.0,0.320625,0.58
14097,brute_critical_rumination,0.10803059273422562,0.7504780114722753,8.0,0.0,0.2736516666666667,0.95
14097,structured_critical_review,0.006591337099811676,0.9830508474576272,3.738229755178908,0.8513238289205702,0.4644,0.1
14098,no_emergency_loop,0.08396226415094339,0.7716981132075472,0.0,0.0,0.31895833333333334,0.58
14098,brute_critical_rumination,0.09590316573556797,0.7737430167597765,8.0,0.0,0.3101316666666667,0.95
14098,structured_critical_review,0.002890173410404624,0.9932562620423893,3.8497109826589595,0.8410596026490066,0.47687833333333335,0.1
14099,no_emergency_loop,0.09117082533589252,0.7495201535508638,0.0,0.0,0.30604166666666666,0.58
14099,brute_critical_rumination,0.11057692307692307,0.7423076923076923,8.0,0.0,0.305775,0.95
14099,structured_critical_review,0.0046168051708217915,0.9879963065558633,3.714681440443213,0.8243512974051896,0.4406058333333333,0.1
14100,no_emergency_loop,0.08447937131630648,0.7554027504911591,0.0,0.0,0.32,0.58
14100,brute_critical_rumination,0.10312204351939451,0.7483443708609272,8.0,0.0,0.28024499999999997,0.95
14100,structured_critical_review,0.00298804780876494,0.9910358565737052,3.5786852589641436,0.835030549898167,0.4509641666666667,0.1
14101,no_emergency_loop,0.0923226433430515,0.7512147716229349,0.0,0.0,0.3072916666666667,0.58
14101,brute_critical_rumination,0.09405940594059406,0.7455445544554455,8.0,0.0,0.28597500000000003,0.95
14101,structured_critical_review,0.004945598417408506,0.9920870425321464,3.7527200791295745,0.8226495726495726,0.48788000000000004,0.1
14102,no_emergency_loop,0.08754863813229571,0.7801556420233463,0.0,0.0,0.34375,0.58
14102,brute_critical_rumination,0.08786231884057971,0.75,8.0,0.0,0.30159833333333336,0.95
14102,structured_critical_review,0.0019249278152069298,0.9942252165543792,3.8354186717998076,0.823404255319149,0.46876249999999997,0.1
14103,no_emergency_loop,0.07889733840304182,0.7946768060836502,0.0,0.0,0.3414583333333333,0.58
14103,brute_critical_rumination,0.09411764705882353,0.7549019607843137,8.0,0.0,0.2977833333333333,0.95
14103,structured_critical_review,0.0017825311942959,0.9946524064171123,3.764705882352941,0.8487229862475442,0.4748133333333333,0.1
14104,no_emergency_loop,0.08780487804878048,0.7765853658536586,0.0,0.0,0.36291666666666667,0.58
14104,brute_critical_rumination,0.0826044703595724,0.7793974732750243,8.0,0.0,0.31584833333333334,0.95
14104,structured_critical_review,0.007692307692307693,0.9836538461538461,3.8096153846153844,0.8048780487804879,0.4775316666666667,0.1
14105,no_emergency_loop,0.08379373848987108,0.7578268876611418,0.0,0.0,0.313125,0.58
14105,brute_critical_rumination,0.07088846880907372,0.7939508506616257,8.0,0.0,0.34982166666666664,0.95
14105,structured_critical_review,0.0047984644913627635,0.9904030710172744,3.849328214971209,0.8272727272727273,0.4610325,0.1
14106,no_emergency_loop,0.10019083969465649,0.7652671755725191,0.0,0.0,0.290625,0.58
14106,brute_critical_rumination,0.064453125,0.7919921875,8.0,0.0,0.35109,0.95
14106,structured_critical_review,0.003875968992248062,0.9912790697674418,3.814922480620155,0.8387799564270153,0.45505249999999997,0.1
14107,no_emergency_loop,0.09925788497217068,0.7606679035250464,0.0,0.0,0.3147916666666667,0.58
14107,brute_critical_rumination,0.08996212121212122,0.7727272727272727,8.0,0.0,0.32691833333333337,0.95
14107,structured_critical_review,0.002803738317757009,0.9925233644859813,3.7869158878504674,0.8288100208768268,0.4597483333333333,0.1
14108,no_emergency_loop,0.08230842005676443,0.7540208136234626,0.0,0.0,0.34270833333333334,0.58
14108,brute_critical_rumination,0.0766990291262136,0.7563106796116504,8.0,0.0,0.3000083333333333,0.95
14108,structured_critical_review,0.004578754578754579,0.9926739926739927,3.826007326007326,0.8297029702970297,0.4846433333333333,0.1
14109,no_emergency_loop,0.09899175068744272,0.7552703941338221,0.0,0.0,0.31125,0.58
14109,brute_critical_rumination,0.08341143392689784,0.7797563261480788,8.0,0.0,0.32017833333333334,0.95
14109,structured_critical_review,0.004901960784313725,0.9941176470588236,3.735294117647059,0.8479657387580299,0.46245,0.1
14110,no_emergency_loop,0.08421052631578947,0.7665071770334928,0.0,0.0,0.3204166666666667,0.58
14110,brute_critical_rumination,0.09473684210526316,0.7511961722488039,8.0,0.0,0.28199166666666664,0.95
14110,structured_critical_review,0.0019267822736030828,0.9942196531791907,3.775529865125241,0.8586723768736617,0.4817341666666667,0.1
14111,no_emergency_loop,0.08891013384321224,0.7782026768642447,0.0,0.0,0.32729166666666665,0.58
14111,brute_critical_rumination,0.0985781990521327,0.7592417061611374,8.0,0.0,0.31338333333333335,0.95
14111,structured_critical_review,0.003092783505154639,0.988659793814433,3.743298969072165,0.8366890380313199,0.4609325,0.1
14112,no_emergency_loop,0.0856873822975518,0.7617702448210922,0.0,0.0,0.3102083333333333,0.58
14112,brute_critical_rumination,0.09169054441260745,0.7249283667621776,8.0,0.0,0.28635333333333335,0.95
14112,structured_critical_review,0.0019212295869356388,0.9951969260326609,3.9048991354466858,0.8348214285714286,0.47161249999999993,0.1
14113,no_emergency_loop,0.0825426944971537,0.7618595825426945,0.0,0.0,0.32354166666666667,0.58
14113,brute_critical_rumination,0.09064327485380116,0.7680311890838206,8.0,0.0,0.3158683333333333,0.95
14113,structured_critical_review,0.000945179584120983,0.9933837429111532,3.8100189035916823,0.8530612244897959,0.47018250000000006,0.1
14114,no_emergency_loop,0.07925636007827788,0.7573385518590998,0.0,0.0,0.31895833333333334,0.58
14114,brute_critical_rumination,0.09970089730807577,0.7547357926221336,8.0,0.0,0.28498,0.95
14114,structured_critical_review,0.002777777777777778,0.9925925925925926,3.775,0.8290258449304175,0.46681083333333334,0.1
14115,no_emergency_loop,0.07790927021696252,0.7909270216962525,0.0,0.0,0.33645833333333336,0.58
14115,brute_critical_rumination,0.07417840375586854,0.7896713615023474,8.0,0.0,0.312275,0.95
14115,structured_critical_review,0.0027397260273972603,0.9954337899543378,3.7945205479452055,0.8232848232848233,0.47966250000000005,0.1
14116,no_emergency_loop,0.0847145488029466,0.7790055248618785,0.0,0.0,0.3104166666666667,0.58
14116,brute_critical_rumination,0.08082706766917293,0.7640977443609023,8.0,0.0,0.32874,0.95
14116,structured_critical_review,0.0028873917228103944,0.9923002887391723,3.766121270452358,0.8316221765913757,0.47111416666666667,0.1
14117,no_emergency_loop,0.09758454106280193,0.7565217391304347,0.0,0.0,0.32104166666666667,0.58
14117,brute_critical_rumination,0.0781099324975892,0.7560270009643202,8.0,0.0,0.32954500000000003,0.95
14117,structured_critical_review,0.0029069767441860465,0.9951550387596899,3.824612403100775,0.844097995545657,0.4615025,0.1
14118,no_emergency_loop,0.08169291338582677,0.78248031496063,0.0,0.0,0.333125,0.58
14118,brute_critical_rumination,0.08420056764427625,0.7511825922421949,8.0,0.0,0.30816166666666667,0.95
14118,structured_critical_review,0.0,0.9944444444444445,3.699074074074074,0.8489065606361829,0.4845875,0.1
14119,no_emergency_loop,0.09533073929961089,0.7577821011673151,0.0,0.0,0.3,0.58
14119,brute_critical_rumination,0.07618129218900675,0.7743490838958534,8.0,0.0,0.3278783333333333,0.95
14119,structured_critical_review,0.0027906976744186047,0.9888372093023255,3.7274418604651163,0.841897233201581,0.4735358333333334,0.1
14120,no_emergency_loop,0.09108341323106424,0.7363374880153404,0.0,0.0,0.305625,0.58
14120,brute_critical_rumination,0.0849609375,0.7646484375,8.0,0.0,0.2887983333333333,0.95
14120,structured_critical_review,0.003864734299516908,0.9903381642512077,3.8270531400966186,0.8625277161862528,0.4650325,0.1
14121,no_emergency_loop,0.0900990099009901,0.7940594059405941,0.0,0.0,0.33145833333333335,0.58
14121,brute_critical_rumination,0.09235074626865672,0.7527985074626866,8.0,0.0,0.30931166666666665,0.95
14121,structured_critical_review,0.0009199632014719411,0.9981600735970562,3.719411223551058,0.856,0.4964225,0.1
14122,no_emergency_loop,0.07951356407857811,0.7652011225444341,0.0,0.0,0.33229166666666665,0.58
14122,brute_critical_rumination,0.0958498023715415,0.775691699604743,8.0,0.0,0.309295,0.95
14122,structured_critical_review,0.0009199632014719411,0.9944802207911684,3.7460901563937443,0.8421052631578947,0.48348166666666664,0.1
14123,no_emergency_loop,0.09448082319925163,0.7483629560336763,0.0,0.0,0.32479166666666665,0.58
14123,brute_critical_rumination,0.12026515151515152,0.7424242424242424,8.0,0.0,0.268585,0.95
14123,structured_critical_review,0.001893939393939394,0.9962121212121212,3.808712121212121,0.8414634146341463,0.47248166666666663,0.1
14124,no_emergency_loop,0.08707865168539326,0.7705992509363296,0.0,0.0,0.2947916666666667,0.58
14124,brute_critical_rumination,0.09389671361502347,0.7690140845070422,8.0,0.0,0.3020666666666667,0.95
14124,structured_critical_review,0.0028790786948176585,0.9923224568138196,3.732245681381958,0.8469387755102041,0.4553008333333333,0.1
14125,no_emergency_loop,0.08911819887429644,0.7598499061913696,0.0,0.0,0.32354166666666667,0.58
14125,brute_critical_rumination,0.08425275827482448,0.7622868605817452,8.0,0.0,0.32585333333333333,0.95
14125,structured_critical_review,0.0019801980198019802,0.994059405940594,3.6465346534653467,0.8360995850622407,0.46526416666666665,0.1
14126,no_emergency_loop,0.07640232108317214,0.776595744680851,0.0,0.0,0.32729166666666665,0.58
14126,brute_critical_rumination,0.07920792079207921,0.7848784878487849,8.0,0.0,0.32759333333333335,0.95
14126,structured_critical_review,0.0017777777777777779,0.9937777777777778,3.6968888888888887,0.8317399617590823,0.47903416666666665,0.1
14127,no_emergency_loop,0.08708414872798434,0.7749510763209393,0.0,0.0,0.304375,0.58
14127,brute_critical_rumination,0.10027855153203342,0.7474466109563602,8.0,0.0,0.28282,0.95
14127,structured_critical_review,0.0037488284910965324,0.9887535145267105,3.7141518275538896,0.8333333333333334,0.4812808333333334,0.1
14128,no_emergency_loop,0.08364312267657993,0.7825278810408922,0.0,0.0,0.33875,0.58
14128,brute_critical_rumination,0.08790170132325142,0.7533081285444234,8.0,0.0,0.31773833333333334,0.95
14128,structured_critical_review,0.0028116213683223993,0.993439550140581,3.689784442361762,0.8333333333333334,0.48901083333333334,0.1
14129,no_emergency_loop,0.08809746954076851,0.7722586691658857,0.0,0.0,0.3325,0.58
14129,brute_critical_rumination,0.08477666362807658,0.7821330902461258,8.0,0.0,0.32706166666666664,0.95
14129,structured_critical_review,0.0036663611365719525,0.9917506874427131,3.6406966086159485,0.8588235294117647,0.46669,0.1
14130,no_emergency_loop,0.09853658536585366,0.7482926829268293,0.0,0.0,0.318125,0.58
14130,brute_critical_rumination,0.0700280112044818,0.7703081232492998,8.0,0.0,0.32306833333333335,0.95
14130,structured_critical_review,0.0029850746268656717,0.9900497512437811,3.65273631840796,0.8231578947368421,0.4825658333333333,0.1
14131,no_emergency_loop,0.08262108262108261,0.7739791073124407,0.0,0.0,0.32395833333333335,0.58
14131,brute_critical_rumination,0.08325074331020813,0.7829534192269574,8.0,0.0,0.31035666666666667,0.95
14131,structured_critical_review,0.003872216844143272,0.9922555663117134,3.771539206195547,0.8495575221238938,0.5013366666666667,0.1
14132,no_emergency_loop,0.06963249516441006,0.7669245647969052,0.0,0.0,0.3175,0.58
14132,brute_critical_rumination,0.09798534798534798,0.7847985347985348,8.0,0.0,0.30126166666666665,0.95
14132,structured_critical_review,0.0018099547511312218,0.9972850678733032,3.8153846153846156,0.854251012145749,0.48523666666666665,0.1
14133,no_emergency_loop,0.07048872180451128,0.793233082706767,0.0,0.0,0.35229166666666667,0.58
14133,brute_critical_rumination,0.10338164251207729,0.7371980676328502,8.0,0.0,0.27705833333333335,0.95
14133,structured_critical_review,0.0019120458891013384,0.9933078393881453,3.7676864244741872,0.854978354978355,0.45629916666666664,0.1
14134,no_emergency_loop,0.10863239573229874,0.7555771096023278,0.0,0.0,0.3045833333333333,0.58
14134,brute_critical_rumination,0.08025830258302583,0.775830258302583,8.0,0.0,0.3096483333333333,0.95
14134,structured_critical_review,0.0019083969465648854,0.9895038167938931,3.803435114503817,0.846307385229541,0.46751166666666666,0.1
14135,no_emergency_loop,0.07421875,0.7880859375,0.0,0.0,0.35,0.58
14135,brute_critical_rumination,0.0832553788587465,0.7764265668849392,8.0,0.0,0.3184983333333333,0.95
14135,structured_critical_review,0.0009276437847866419,0.9962894248608535,3.735621521335807,0.822265625,0.4826858333333333,0.1
14136,no_emergency_loop,0.08613861386138613,0.7485148514851485,0.0,0.0,0.3172916666666667,0.58
14136,brute_critical_rumination,0.07191448007774538,0.7910592808551993,8.0,0.0,0.3485566666666667,0.95
14136,structured_critical_review,0.0019029495718363464,0.9923882017126546,3.709800190294957,0.8401727861771058,0.49050083333333333,0.1
14137,no_emergency_loop,0.08851224105461393,0.768361581920904,0.0,0.0,0.32208333333333333,0.58
14137,brute_critical_rumination,0.0964660936007641,0.7526265520534862,8.0,0.0,0.297395,0.95
14137,structured_critical_review,0.0038535645472061657,0.9903660886319846,3.7764932562620426,0.8301886792452831,0.46215000000000006,0.1
14138,no_emergency_loop,0.10122989593188268,0.771996215704825,0.0,0.0,0.3152083333333333,0.58
14138,brute_critical_rumination,0.10046082949308756,0.7668202764976959,8.0,0.0,0.2921416666666667,0.95
14138,structured_critical_review,0.006603773584905661,0.9849056603773585,3.6764150943396228,0.8195020746887967,0.4727941666666666,0.1
14139,no_emergency_loop,0.1015843429636533,0.7530288909599254,0.0,0.0,0.2764583333333333,0.58
14139,brute_critical_rumination,0.07858546168958742,0.7888015717092338,8.0,0.0,0.31154666666666664,0.95
14139,structured_critical_review,0.0018975332068311196,0.9933586337760911,3.7941176470588234,0.8545081967213115,0.4545841666666666,0.1
14140,no_emergency_loop,0.09700815956482321,0.7706255666364461,0.0,0.0,0.29270833333333335,0.58
14140,brute_critical_rumination,0.09435707678075855,0.7520814061054579,8.0,0.0,0.27529333333333333,0.95
14140,structured_critical_review,0.003798670465337132,0.9905033238366572,3.741690408357075,0.8640973630831643,0.4692166666666666,0.1
14141,no_emergency_loop,0.09674329501915709,0.7662835249042146,0.0,0.0,0.300625,0.58
14141,brute_critical_rumination,0.09710550887021475,0.7675070028011205,8.0,0.0,0.3161933333333333,0.95
14141,structured_critical_review,0.006591337099811676,0.9905838041431262,3.85969868173258,0.8423153692614771,0.47720916666666663,0.1
14142,no_emergency_loop,0.0967741935483871,0.7476280834914611,0.0,0.0,0.3070833333333333,0.58
14142,brute_critical_rumination,0.09845559845559845,0.7644787644787645,8.0,0.0,0.30351,0.95
14142,structured_critical_review,0.0027598896044158236,0.9926402943882244,3.7608095676172955,0.8724279835390947,0.472635,0.1
14143,no_emergency_loop,0.10192837465564739,0.7704315886134068,0.0,0.0,0.3152083333333333,0.58
14143,brute_critical_rumination,0.09230769230769231,0.7538461538461538,8.0,0.0,0.31388333333333335,0.95
14143,structured_critical_review,0.007568590350047304,0.9820245979186376,3.8088930936613057,0.8530701754385965,0.46914500000000003,0.1
14144,no_emergency_loop,0.09494232475598935,0.769299023957409,0.0,0.0,0.31354166666666666,0.58
14144,brute_critical_rumination,0.09259259259259259,0.7796296296296297,8.0,0.0,0.3182166666666667,0.95
14144,structured_critical_review,0.0038684719535783366,0.995164410058027,3.667311411992263,0.8175824175824176,0.47725666666666666,0.1
14145,no_emergency_loop,0.08901515151515152,0.7660984848484849,0.0,0.0,0.32083333333333336,0.58
14145,brute_critical_rumination,0.08502772643253234,0.7911275415896488,8.0,0.0,0.33237,0.95
14145,structured_critical_review,0.001838235294117647,0.9908088235294118,3.853860294117647,0.8385093167701864,0.4669225,0.1
14146,no_emergency_loop,0.10194624652455977,0.7664504170528267,0.0,0.0,0.2991666666666667,0.58
14146,brute_critical_rumination,0.08285714285714285,0.7695238095238095,8.0,0.0,0.29820833333333335,0.95
14146,structured_critical_review,0.004784688995215311,0.9942583732057416,3.629665071770335,0.8384458077709611,0.4482975,0.1
14147,no_emergency_loop,0.09537299338999056,0.773371104815864,0.0,0.0,0.31645833333333334,0.58
14147,brute_critical_rumination,0.08492366412213741,0.7595419847328244,8.0,0.0,0.30072166666666666,0.95
14147,structured_critical_review,0.0,0.9923882017126546,3.736441484300666,0.8535564853556485,0.4854775,0.1
14148,no_emergency_loop,0.09500959692898273,0.7581573896353166,0.0,0.0,0.31395833333333334,0.58
14148,brute_critical_rumination,0.10156971375807941,0.7617728531855956,8.0,0.0,0.2944466666666667,0.95
14148,structured_critical_review,0.0018450184501845018,0.9953874538745388,3.705719557195572,0.8422090729783037,0.47831916666666663,0.1
14149,no_emergency_loop,0.09169054441260745,0.76981852913085,0.0,0.0,0.3229166666666667,0.58
14149,brute_critical_rumination,0.10254083484573502,0.7413793103448276,8.0,0.0,0.2941116666666667,0.95
14149,structured_critical_review,0.002849002849002849,0.9943019943019943,3.7445394112060777,0.8223140495867769,0.46400583333333334,0.1
14150,no_emergency_loop,0.0854853072128228,0.7818343722172751,0.0,0.0,0.33958333333333335,0.58
14150,brute_critical_rumination,0.08224299065420561,0.7766355140186916,8.0,0.0,0.3203666666666667,0.95
14150,structured_critical_review,0.0019047619047619048,0.9885714285714285,3.6552380952380954,0.8167006109979633,0.48471833333333336,0.1
14151,no_emergency_loop,0.10028116213683223,0.7591377694470478,0.0,0.0,0.2972916666666667,0.58
14151,brute_critical_rumination,0.09001956947162426,0.7759295499021527,8.0,0.0,0.31860333333333335,0.95
14151,structured_critical_review,0.0037735849056603774,0.9905660377358491,3.8216981132075474,0.8064516129032258,0.48912416666666664,0.1
14152,no_emergency_loop,0.08792270531400966,0.7777777777777778,0.0,0.0,0.330625,0.58
14152,brute_critical_rumination,0.09108341323106424,0.7603068072866731,8.0,0.0,0.308255,0.95
14152,structured_critical_review,0.0028735632183908046,0.9894636015325671,3.6810344827586206,0.8441295546558705,0.4674225,0.1
14153,no_emergency_loop,0.08650190114068441,0.7775665399239544,0.0,0.0,0.32395833333333335,0.58
14153,brute_critical_rumination,0.10488245931283906,0.7432188065099458,8.0,0.0,0.29346,0.95
14153,structured_critical_review,0.0009250693802035153,0.9916743755781684,3.74745605920444,0.8326848249027238,0.45558249999999995,0.1
14154,no_emergency_loop,0.09933142311365807,0.7516714422158548,0.0,0.0,0.30375,0.58
14154,brute_critical_rumination,0.09028459273797841,0.7684003925417076,8.0,0.0,0.3132066666666667,0.95
14154,structured_critical_review,0.003777148253068933,0.9933899905571294,3.7535410764872523,0.8272921108742004,0.47210416666666666,0.1
14155,no_emergency_loop,0.08653846153846154,0.7682692307692308,0.0,0.0,0.31916666666666665,0.58
14155,brute_critical_rumination,0.0875842155919153,0.7651588065447545,8.0,0.0,0.30619833333333335,0.95
14155,structured_critical_review,0.004690431519699813,0.9896810506566605,3.725140712945591,0.8254901960784313,0.4764825,0.1
14156,no_emergency_loop,0.08348968105065666,0.7814258911819888,0.0,0.0,0.33729166666666666,0.58
14156,brute_critical_rumination,0.09554140127388536,0.7534121929026387,8.0,0.0,0.29954833333333336,0.95
14156,structured_critical_review,0.0038424591738712775,0.9903938520653218,3.751200768491835,0.8308977035490606,0.44591250000000004,0.1
14157,no_emergency_loop,0.10038240917782026,0.7648183556405354,0.0,0.0,0.296875,0.58
14157,brute_critical_rumination,0.07556427870461237,0.7723258096172718,8.0,0.0,0.31966500000000003,0.95
14157,structured_critical_review,0.0038797284190106693,0.9941804073714839,3.6663433559650827,0.8199152542372882,0.45518333333333333,0.1
14158,no_emergency_loop,0.08787010506208214,0.7803247373447947,0.0,0.0,0.3125,0.58
14158,brute_critical_rumination,0.08593012275731822,0.7809254013220018,8.0,0.0,0.307315,0.95
14158,structured_critical_review,0.0019342359767891683,0.9932301740812379,3.8027079303675047,0.8344086021505376,0.46255666666666667,0.1
14159,no_emergency_loop,0.085824493731919,0.7868852459016393,0.0,0.0,0.329375,0.58
14159,brute_critical_rumination,0.08247422680412371,0.7619493908153702,8.0,0.0,0.31538666666666665,0.95
14159,structured_critical_review,0.008016032064128256,0.9889779559118237,3.8216432865731464,0.8354700854700855,0.45473833333333336,0.1
