seed,policy,long_term_trajectory_value,high_risk_accuracy,irreversible_violation_rate,deep_path_activation_rate,low_risk_opportunity_cost
9300,simple_decay_memory,0.2888000000000029,0.7361111111111112,0.2638888888888889,0.0,0.0
9300,full_tdc_gen25_gated,0.32680000000000553,0.7654320987654321,0.2345679012345679,0.21533333333333332,0.0
9300,ablate_gate_always_deep,0.4313600000000041,0.8811728395061729,0.11882716049382716,1.0,0.07999999999999871
9300,ablate_context_selection,0.29280000000000383,0.7391975308641975,0.26080246913580246,0.29333333333333333,0.0
9300,ablate_channel_separation,0.22480000000000167,0.6867283950617284,0.3132716049382716,0.208,0.0
9301,simple_decay_memory,0.26786666666667014,0.7239884393063584,0.27601156069364163,0.0,0.0
9301,full_tdc_gen25_gated,0.34386666666667226,0.7789017341040463,0.22109826589595374,0.24733333333333332,0.0
9301,ablate_gate_always_deep,0.4707733333333369,0.9017341040462428,0.09826589595375723,1.0,0.07999999999999874
9301,ablate_context_selection,0.26986666666667,0.7254335260115607,0.2745664739884393,0.32666666666666666,0.0
9301,ablate_channel_separation,0.20786666666666664,0.680635838150289,0.319364161849711,0.24466666666666667,0.0
9302,simple_decay_memory,0.2353000000000031,0.6968325791855203,0.3031674208144796,0.0,0.0
9302,full_tdc_gen25_gated,0.29330000000000384,0.7405731523378583,0.2594268476621418,0.21,0.0
9302,ablate_gate_always_deep,0.42066000000000464,0.8702865761689291,0.1297134238310709,1.0,0.07999999999999872
9302,ablate_context_selection,0.21530000000000182,0.6817496229260935,0.31825037707390647,0.2986666666666667,0.0
9302,ablate_channel_separation,0.15329999999999805,0.6349924585218703,0.3650075414781297,0.20533333333333334,0.0
9303,simple_decay_memory,0.22606666666666755,0.6913946587537092,0.3086053412462908,0.0,0.0
9303,full_tdc_gen25_gated,0.2960666666666706,0.7433234421364985,0.25667655786350146,0.22,0.0
9303,ablate_gate_always_deep,0.42201333333333774,0.8694362017804155,0.13056379821958458,1.0,0.07999999999999872
9303,ablate_context_selection,0.23006666666666786,0.6943620178041543,0.3056379821958457,0.308,0.0
9303,ablate_channel_separation,0.15606666666666485,0.6394658753709199,0.36053412462908013,0.20733333333333334,0.0
9304,simple_decay_memory,0.23730000000000165,0.698340874811463,0.30165912518853694,0.0,0.0
9304,full_tdc_gen25_gated,0.2953000000000041,0.7420814479638009,0.2579185520361991,0.22533333333333333,0.0
9304,ablate_gate_always_deep,0.4446600000000031,0.8883861236802413,0.11161387631975868,1.0,0.07999999999999872
9304,ablate_context_selection,0.22530000000000178,0.6892911010558069,0.31070889894419307,0.30133333333333334,0.0
9304,ablate_channel_separation,0.1632999999999978,0.6425339366515838,0.3574660633484163,0.21066666666666667,0.0
9305,simple_decay_memory,0.24850000000000322,0.7081481481481482,0.29185185185185186,0.0,0.0
9305,full_tdc_gen25_gated,0.3185000000000053,0.76,0.24,0.23066666666666666,0.0
9305,ablate_gate_always_deep,0.44450000000000395,0.8859259259259259,0.11407407407407408,1.0,0.07999999999999872
9305,ablate_context_selection,0.27250000000000396,0.725925925925926,0.2740740740740741,0.312,0.0
9305,ablate_channel_separation,0.19450000000000003,0.6681481481481482,0.33185185185185184,0.21733333333333332,0.0
9306,simple_decay_memory,0.20286666666666664,0.6722054380664653,0.32779456193353473,0.0,0.0
9306,full_tdc_gen25_gated,0.2688666666666712,0.7220543806646526,0.27794561933534745,0.20533333333333334,0.0
9306,ablate_gate_always_deep,0.41017333333333705,0.8625377643504532,0.13746223564954682,1.0,0.07999999999999872
9306,ablate_context_selection,0.19486666666666685,0.6661631419939577,0.3338368580060423,0.3006666666666667,0.0
9306,ablate_channel_separation,0.13686666666666453,0.622356495468278,0.3776435045317221,0.20533333333333334,0.0
9307,simple_decay_memory,0.18836666666666627,0.669024045261669,0.33097595473833097,0.0,0.0
9307,full_tdc_gen25_gated,0.232366666666668,0.7001414427157001,0.29985855728429983,0.23,0.0
9307,ablate_gate_always_deep,0.4240733333333388,0.8656294200848657,0.13437057991513437,1.0,0.07999999999999874
9307,ablate_context_selection,0.19236666666666644,0.6718528995756718,0.32814710042432815,0.322,0.0
9307,ablate_channel_separation,0.15036666666666448,0.6421499292786421,0.3578500707213578,0.23133333333333334,0.0
9308,simple_decay_memory,0.2597333333333359,0.7153614457831325,0.28463855421686746,0.0,0.0
9308,full_tdc_gen25_gated,0.2857333333333371,0.7349397590361446,0.26506024096385544,0.21533333333333332,0.0
9308,ablate_gate_always_deep,0.4431466666666711,0.8870481927710844,0.11295180722891567,1.0,0.07999999999999872
9308,ablate_context_selection,0.24173333333333455,0.7018072289156626,0.29819277108433734,0.292,0.0
9308,ablate_channel_separation,0.19173333333333217,0.6641566265060241,0.3358433734939759,0.21666666666666667,0.0
9309,simple_decay_memory,0.28406666666667013,0.7344213649851632,0.2655786350148368,0.0,0.0
9309,full_tdc_gen25_gated,0.30806666666667076,0.7522255192878339,0.24777448071216618,0.22533333333333333,0.0
9309,ablate_gate_always_deep,0.42001333333333846,0.8679525222551929,0.13204747774480713,1.0,0.07999999999999872
9309,ablate_context_selection,0.2560666666666701,0.7136498516320475,0.28635014836795253,0.318,0.0
9309,ablate_channel_separation,0.16006666666666472,0.642433234421365,0.35756676557863504,0.22533333333333333,0.0
9310,simple_decay_memory,0.21436666666666698,0.678516228748068,0.321483771251932,0.0,0.0
9310,full_tdc_gen25_gated,0.28436666666667,0.732612055641422,0.26738794435857804,0.19933333333333333,0.0
9310,ablate_gate_always_deep,0.39687333333333813,0.8547140649149922,0.14528593508500773,1.0,0.07999999999999871
9310,ablate_context_selection,0.2143666666666672,0.678516228748068,0.321483771251932,0.2926666666666667,0.0
9310,ablate_channel_separation,0.18036666666666523,0.652241112828439,0.34775888717156106,0.20333333333333334,0.0
9311,simple_decay_memory,0.1957333333333328,0.6671686746987951,0.3328313253012048,0.0,0.0
9311,full_tdc_gen25_gated,0.2657333333333358,0.7198795180722891,0.28012048192771083,0.198,0.0
9311,ablate_gate_always_deep,0.3931466666666711,0.8493975903614458,0.15060240963855423,1.0,0.07999999999999872
9311,ablate_context_selection,0.1897333333333337,0.6626506024096386,0.3373493975903614,0.3006666666666667,0.0
9311,ablate_channel_separation,0.13973333333333104,0.625,0.375,0.20133333333333334,0.0
9312,simple_decay_memory,0.25816666666666865,0.7142857142857143,0.2857142857142857,0.0,0.0
9312,full_tdc_gen25_gated,0.24016666666666803,0.7007518796992481,0.2992481203007519,0.214,0.0
9312,ablate_gate_always_deep,0.43763333333333715,0.8827067669172932,0.11729323308270677,1.0,0.07999999999999872
9312,ablate_context_selection,0.21016666666666664,0.6781954887218045,0.3218045112781955,0.30333333333333334,0.0
9312,ablate_channel_separation,0.1481666666666649,0.631578947368421,0.3684210526315789,0.214,0.0
9313,simple_decay_memory,0.22136666666666788,0.6883308714918759,0.31166912850812406,0.0,0.0
9313,full_tdc_gen25_gated,0.2733666666666704,0.7267355982274741,0.27326440177252587,0.20733333333333334,0.0
9313,ablate_gate_always_deep,0.4174733333333381,0.8655834564254062,0.1344165435745938,1.0,0.07999999999999872
9313,ablate_context_selection,0.22136666666666846,0.6883308714918759,0.31166912850812406,0.2966666666666667,0.0
9313,ablate_channel_separation,0.1773666666666649,0.6558345642540621,0.34416543574593794,0.20733333333333334,0.0
9314,simple_decay_memory,0.22826666666666784,0.6905487804878049,0.3094512195121951,0.0,0.0
9314,full_tdc_gen25_gated,0.26026666666666937,0.7149390243902439,0.2850609756097561,0.208,0.0
9314,ablate_gate_always_deep,0.4072533333333376,0.8612804878048781,0.13871951219512196,1.0,0.07999999999999871
9314,ablate_context_selection,0.19826666666666623,0.6676829268292683,0.3323170731707317,0.3,0.0
9314,ablate_channel_separation,0.15026666666666427,0.6310975609756098,0.36890243902439024,0.21733333333333332,0.0
9315,simple_decay_memory,0.20603333333333293,0.6800573888091822,0.3199426111908178,0.0,0.0
9315,full_tdc_gen25_gated,0.2680333333333359,0.7245337159253945,0.27546628407460544,0.224,0.0
9315,ablate_gate_always_deep,0.43920666666667085,0.8780487804878049,0.12195121951219512,1.0,0.07999999999999874
9315,ablate_context_selection,0.24203333333333474,0.7058823529411765,0.29411764705882354,0.318,0.0
9315,ablate_channel_separation,0.1700333333333312,0.6542324246771879,0.34576757532281205,0.22666666666666666,0.0
9316,simple_decay_memory,0.20133333333333386,0.6771428571428572,0.32285714285714284,0.0,0.0
9316,full_tdc_gen25_gated,0.2233333333333347,0.6928571428571428,0.30714285714285716,0.208,0.0
9316,ablate_gate_always_deep,0.42066666666667013,0.8642857142857143,0.1357142857142857,1.0,0.07999999999999874
9316,ablate_context_selection,0.16133333333333094,0.6485714285714286,0.3514285714285714,0.31,0.0
9316,ablate_channel_separation,0.11133333333333158,0.6128571428571429,0.3871428571428571,0.216,0.0
9317,simple_decay_memory,0.16086666666666444,0.6404833836858006,0.3595166163141994,0.0,0.0
9317,full_tdc_gen25_gated,0.2488666666666688,0.7069486404833837,0.2930513595166163,0.204,0.0
9317,ablate_gate_always_deep,0.3901733333333399,0.8474320241691843,0.15256797583081572,1.0,0.07999999999999872
9317,ablate_context_selection,0.18086666666666565,0.6555891238670695,0.34441087613293053,0.294,0.0
9317,ablate_channel_separation,0.10686666666666488,0.5996978851963746,0.4003021148036254,0.19466666666666665,0.0
9318,simple_decay_memory,0.2005666666666671,0.6748911465892597,0.3251088534107402,0.0,0.0
9318,full_tdc_gen25_gated,0.2825666666666707,0.7343976777939042,0.2656023222060958,0.22466666666666665,0.0
9318,ablate_gate_always_deep,0.4253133333333363,0.8693759071117562,0.13062409288824384,1.0,0.07999999999999874
9318,ablate_context_selection,0.19256666666666608,0.6690856313497823,0.3309143686502177,0.31466666666666665,0.0
9318,ablate_channel_separation,0.11256666666666475,0.6110304789550073,0.3889695210449927,0.20933333333333334,0.0
9319,simple_decay_memory,0.23253333333333534,0.6932515337423313,0.3067484662576687,0.0,0.0
9319,full_tdc_gen25_gated,0.3025333333333378,0.7469325153374233,0.25306748466257667,0.204,0.0
9319,ablate_gate_always_deep,0.4273066666666714,0.8773006134969326,0.12269938650306748,1.0,0.07999999999999871
9319,ablate_context_selection,0.24853333333333597,0.7055214723926381,0.294478527607362,0.298,0.0
9319,ablate_channel_separation,0.1865333333333329,0.6579754601226994,0.34202453987730064,0.206,0.0
9320,simple_decay_memory,0.21123333333333277,0.685472496473907,0.3145275035260931,0.0,0.0
9320,full_tdc_gen25_gated,0.2652333333333354,0.7235543018335684,0.2764456981664316,0.232,0.0
9320,ablate_gate_always_deep,0.42104666666667134,0.8631875881523272,0.1368124118476728,1.0,0.07999999999999874
9320,ablate_context_selection,0.2092333333333337,0.6840620592383639,0.3159379407616361,0.31733333333333336,0.0
9320,ablate_channel_separation,0.16323333333333132,0.6516220028208745,0.34837799717912554,0.23666666666666666,0.0
9321,simple_decay_memory,0.21266666666666662,0.6823529411764706,0.3176470588235294,0.0,0.0
9321,full_tdc_gen25_gated,0.27266666666667044,0.7264705882352941,0.2735294117647059,0.218,0.0
9321,ablate_gate_always_deep,0.45293333333333613,0.8911764705882353,0.10882352941176471,1.0,0.07999999999999872
9321,ablate_context_selection,0.2206666666666681,0.6882352941176471,0.31176470588235294,0.30266666666666664,0.0
9321,ablate_channel_separation,0.14066666666666489,0.6294117647058823,0.37058823529411766,0.20333333333333334,0.0
9322,simple_decay_memory,0.19536666666666694,0.6691285081240768,0.3308714918759232,0.0,0.0
9322,full_tdc_gen25_gated,0.29536666666667105,0.7429837518463811,0.2570162481536189,0.21866666666666668,0.0
9322,ablate_gate_always_deep,0.4454733333333362,0.8862629246676514,0.1137370753323486,1.0,0.07999999999999872
9322,ablate_context_selection,0.20936666666666726,0.6794682422451994,0.3205317577548006,0.294,0.0
9322,ablate_channel_separation,0.17536666666666473,0.654357459379616,0.345642540620384,0.214,0.0
9323,simple_decay_memory,0.211266666666668,0.6822157434402333,0.3177842565597668,0.0,0.0
9323,full_tdc_gen25_gated,0.28526666666666944,0.7361516034985423,0.26384839650145775,0.218,0.0
9323,ablate_gate_always_deep,0.4638533333333368,0.8979591836734694,0.10204081632653061,1.0,0.07999999999999872
9323,ablate_context_selection,0.2072666666666678,0.6793002915451894,0.3206997084548105,0.314,0.0
9323,ablate_channel_separation,0.17126666666666457,0.6530612244897959,0.3469387755102041,0.21666666666666667,0.0
9324,simple_decay_memory,0.23160000000000056,0.6982758620689655,0.3017241379310345,0.0,0.0
9324,full_tdc_gen25_gated,0.2676000000000034,0.7241379310344828,0.27586206896551724,0.22133333333333333,0.0
9324,ablate_gate_always_deep,0.4287200000000048,0.8706896551724138,0.12931034482758622,1.0,0.07999999999999874
9324,ablate_context_selection,0.18559999999999874,0.6652298850574713,0.33477011494252873,0.322,0.0
9324,ablate_channel_separation,0.12159999999999845,0.6192528735632183,0.3807471264367816,0.234,0.0
9325,simple_decay_memory,0.21736666666666743,0.6853766617429837,0.31462333825701627,0.0,0.0
9325,full_tdc_gen25_gated,0.26736666666666953,0.7223042836041359,0.2776957163958641,0.21466666666666667,0.0
9325,ablate_gate_always_deep,0.45347333333333834,0.8921713441654358,0.10782865583456426,1.0,0.07999999999999872
9325,ablate_context_selection,0.1973666666666658,0.670605612998523,0.3293943870014771,0.31333333333333335,0.0
9325,ablate_channel_separation,0.1513666666666649,0.6366322008862629,0.36336779911373707,0.22133333333333333,0.0
9326,simple_decay_memory,0.21520000000000034,0.6830357142857143,0.3169642857142857,0.0,0.0
9326,full_tdc_gen25_gated,0.2572000000000021,0.7142857142857143,0.2857142857142857,0.216,0.0
9326,ablate_gate_always_deep,0.44104000000000315,0.8839285714285714,0.11607142857142858,1.0,0.07999999999999872
9326,ablate_context_selection,0.17519999999999863,0.6532738095238095,0.34672619047619047,0.30466666666666664,0.0
9326,ablate_channel_separation,0.10919999999999853,0.6041666666666666,0.3958333333333333,0.216,0.0
9327,simple_decay_memory,0.23663333333333614,0.7027027027027027,0.2972972972972973,0.0,0.0
9327,full_tdc_gen25_gated,0.24663333333333637,0.7098150782361309,0.2901849217638691,0.22466666666666665,0.0
9327,ablate_gate_always_deep,0.42212666666667,0.8648648648648649,0.13513513513513514,1.0,0.07999999999999874
9327,ablate_context_selection,0.22863333333333527,0.6970128022759602,0.3029871977240398,0.31866666666666665,0.0
9327,ablate_channel_separation,0.14863333333333123,0.6401137980085349,0.35988620199146515,0.22066666666666668,0.0
9328,simple_decay_memory,0.22736666666666763,0.6927621861152142,0.3072378138847858,0.0,0.0
9328,full_tdc_gen25_gated,0.2573666666666694,0.7149187592319055,0.28508124076809455,0.20266666666666666,0.0
9328,ablate_gate_always_deep,0.41947333333333753,0.8670605612998523,0.1329394387001477,1.0,0.07999999999999872
9328,ablate_context_selection,0.20536666666666714,0.6765140324963073,0.32348596750369274,0.3006666666666667,0.0
9328,ablate_channel_separation,0.1553666666666646,0.6395864106351551,0.3604135893648449,0.20266666666666666,0.0
9329,simple_decay_memory,0.16899999999999823,0.6521739130434783,0.34782608695652173,0.0,0.0
9329,full_tdc_gen25_gated,0.2810000000000035,0.7333333333333333,0.26666666666666666,0.22,0.0
9329,ablate_gate_always_deep,0.4418000000000043,0.881159420289855,0.11884057971014493,1.0,0.07999999999999874
9329,ablate_context_selection,0.18499999999999886,0.663768115942029,0.336231884057971,0.2853333333333333,0.0
9329,ablate_channel_separation,0.14099999999999815,0.6318840579710145,0.3681159420289855,0.19733333333333333,0.0
9330,simple_decay_memory,0.23413333333333425,0.6991279069767442,0.3008720930232558,0.0,0.0
9330,full_tdc_gen25_gated,0.28613333333333624,0.7369186046511628,0.26308139534883723,0.23,0.0
9330,ablate_gate_always_deep,0.43882666666667036,0.8793604651162791,0.12063953488372094,1.0,0.07999999999999874
9330,ablate_context_selection,0.2401333333333345,0.7034883720930233,0.29651162790697677,0.31066666666666665,0.0
9330,ablate_channel_separation,0.15813333333333082,0.6438953488372093,0.3561046511627907,0.22866666666666666,0.0
9331,simple_decay_memory,0.20546666666666769,0.6751497005988024,0.3248502994011976,0.0,0.0
9331,full_tdc_gen25_gated,0.2794666666666709,0.7305389221556886,0.2694610778443114,0.20866666666666667,0.0
9331,ablate_gate_always_deep,0.4150933333333378,0.8652694610778443,0.1347305389221557,1.0,0.07999999999999872
9331,ablate_context_selection,0.1754666666666649,0.6526946107784432,0.3473053892215569,0.28933333333333333,0.0
9331,ablate_channel_separation,0.08546666666666514,0.5853293413173652,0.41467065868263475,0.194,0.0
9332,simple_decay_memory,0.23730000000000254,0.698340874811463,0.30165912518853694,0.0,0.0
9332,full_tdc_gen25_gated,0.3093000000000042,0.7526395173453997,0.2473604826546003,0.21266666666666667,0.0
9332,ablate_gate_always_deep,0.4306600000000033,0.8778280542986425,0.12217194570135746,1.0,0.07999999999999872
9332,ablate_context_selection,0.27130000000000354,0.7239819004524887,0.27601809954751133,0.30333333333333334,0.0
9332,ablate_channel_separation,0.1992999999999995,0.669683257918552,0.33031674208144796,0.20666666666666667,0.0
9333,simple_decay_memory,0.22166666666666845,0.6929577464788732,0.30704225352112674,0.0,0.0
9333,full_tdc_gen25_gated,0.2976666666666711,0.7464788732394366,0.2535211267605634,0.236,0.0
9333,ablate_gate_always_deep,0.45153333333333595,0.8845070422535212,0.11549295774647887,1.0,0.07999999999999874
9333,ablate_context_selection,0.21366666666666834,0.6873239436619718,0.3126760563380282,0.31666666666666665,0.0
9333,ablate_channel_separation,0.15566666666666468,0.6464788732394366,0.35352112676056335,0.23266666666666666,0.0
9334,simple_decay_memory,0.24310000000000287,0.7048458149779736,0.29515418502202645,0.0,0.0
9334,full_tdc_gen25_gated,0.28510000000000274,0.73568281938326,0.2643171806167401,0.21666666666666667,0.0
9334,ablate_gate_always_deep,0.4354200000000043,0.8781204111600588,0.12187958883994127,1.0,0.07999999999999872
9334,ablate_context_selection,0.2271000000000012,0.6930983847283406,0.3069016152716593,0.32266666666666666,0.0
9334,ablate_channel_separation,0.17509999999999798,0.6549192364170338,0.34508076358296624,0.22866666666666666,0.0
9335,simple_decay_memory,0.2605666666666704,0.7184325108853411,0.28156748911465895,0.0,0.0
9335,full_tdc_gen25_gated,0.27856666666666996,0.7314949201741655,0.26850507982583455,0.22066666666666668,0.0
9335,ablate_gate_always_deep,0.44131333333333594,0.8809869375907112,0.11901306240928883,1.0,0.07999999999999874
9335,ablate_context_selection,0.25856666666667044,0.7169811320754716,0.2830188679245283,0.32066666666666666,0.0
9335,ablate_channel_separation,0.20056666666666728,0.6748911465892597,0.3251088534107402,0.23733333333333334,0.0
9336,simple_decay_memory,0.2225333333333356,0.6855828220858896,0.31441717791411045,0.0,0.0
9336,full_tdc_gen25_gated,0.28453333333333747,0.7331288343558282,0.2668711656441718,0.20933333333333334,0.0
9336,ablate_gate_always_deep,0.44930666666666963,0.8941717791411042,0.1058282208588957,1.0,0.07999999999999871
9336,ablate_context_selection,0.2565333333333362,0.7116564417177914,0.2883435582822086,0.296,0.0
9336,ablate_channel_separation,0.18653333333333266,0.6579754601226994,0.34202453987730064,0.19533333333333333,0.0
9337,simple_decay_memory,0.16043333333333115,0.6399394856278366,0.3600605143721634,0.0,0.0
9337,full_tdc_gen25_gated,0.26243333333333657,0.7170953101361573,0.28290468986384265,0.2,0.0
9337,ablate_gate_always_deep,0.43168666666667044,0.8789712556732224,0.12102874432677761,1.0,0.07999999999999872
9337,ablate_context_selection,0.18443333333333223,0.6580937972768532,0.34190620272314676,0.2946666666666667,0.0
9337,ablate_channel_separation,0.15643333333333098,0.6369137670196672,0.3630862329803328,0.20333333333333334,0.0
9338,simple_decay_memory,0.23866666666666897,0.7014705882352941,0.2985294117647059,0.0,0.0
9338,full_tdc_gen25_gated,0.2846666666666708,0.7352941176470589,0.2647058823529412,0.224,0.0
9338,ablate_gate_always_deep,0.4349333333333381,0.8779411764705882,0.12205882352941176,1.0,0.07999999999999872
9338,ablate_context_selection,0.22066666666666668,0.6882352941176471,0.31176470588235294,0.31133333333333335,0.0
9338,ablate_channel_separation,0.1746666666666646,0.6544117647058824,0.34558823529411764,0.232,0.0
9339,simple_decay_memory,0.22380000000000044,0.6902654867256637,0.30973451327433627,0.0,0.0
9339,full_tdc_gen25_gated,0.2638000000000028,0.7197640117994101,0.28023598820059,0.21866666666666668,0.0
9339,ablate_gate_always_deep,0.43996000000000274,0.8820058997050148,0.11799410029498525,1.0,0.07999999999999872
9339,ablate_context_selection,0.20779999999999996,0.6784660766961652,0.3215339233038348,0.30333333333333334,0.0
9339,ablate_channel_separation,0.15779999999999753,0.6415929203539823,0.3584070796460177,0.21533333333333332,0.0
9340,simple_decay_memory,0.21513333333333412,0.6808510638297872,0.3191489361702128,0.0,0.0
9340,full_tdc_gen25_gated,0.26513333333333616,0.7188449848024316,0.2811550151975684,0.20733333333333334,0.0
9340,ablate_gate_always_deep,0.43022666666667075,0.878419452887538,0.12158054711246201,1.0,0.07999999999999871
9340,ablate_context_selection,0.1971333333333336,0.6671732522796353,0.33282674772036475,0.292,0.0
9340,ablate_channel_separation,0.14113333333333097,0.6246200607902735,0.37537993920972645,0.2,0.0
9341,simple_decay_memory,0.21723333333333403,0.6810477657935285,0.3189522342064715,0.0,0.0
9341,full_tdc_gen25_gated,0.29123333333333806,0.7380585516178737,0.26194144838212635,0.20666666666666667,0.0
9341,ablate_gate_always_deep,0.4278466666666721,0.8782742681047766,0.12172573189522343,1.0,0.07999999999999871
9341,ablate_context_selection,0.21723333333333383,0.6810477657935285,0.3189522342064715,0.2906666666666667,0.0
9341,ablate_channel_separation,0.1892333333333321,0.6594761171032357,0.3405238828967643,0.19866666666666666,0.0
9342,simple_decay_memory,0.2475666666666691,0.7056145675265554,0.2943854324734446,0.0,0.0
9342,full_tdc_gen25_gated,0.26956666666667,0.7223065250379362,0.27769347496206376,0.21266666666666667,0.0
9342,ablate_gate_always_deep,0.42471333333333794,0.874051593323217,0.125948406676783,1.0,0.07999999999999871
9342,ablate_context_selection,0.23556666666666828,0.6965098634294385,0.30349013657056145,0.29933333333333334,0.0
9342,ablate_channel_separation,0.16756666666666412,0.644916540212443,0.3550834597875569,0.20733333333333334,0.0
9343,simple_decay_memory,0.24800000000000175,0.706060606060606,0.29393939393939394,0.0,0.0
9343,full_tdc_gen25_gated,0.2640000000000023,0.7181818181818181,0.2818181818181818,0.20066666666666666,0.0
9343,ablate_gate_always_deep,0.43520000000000414,0.8818181818181818,0.11818181818181818,1.0,0.07999999999999871
9343,ablate_context_selection,0.21400000000000047,0.6803030303030303,0.3196969696969697,0.3,0.0
9343,ablate_channel_separation,0.1739999999999978,0.65,0.35,0.21666666666666667,0.0
9344,simple_decay_memory,0.21503333333333446,0.6821589205397302,0.31784107946026985,0.0,0.0
9344,full_tdc_gen25_gated,0.2710333333333372,0.7241379310344828,0.27586206896551724,0.22466666666666665,0.0
9344,ablate_gate_always_deep,0.44460666666667054,0.8875562218890555,0.11244377811094453,1.0,0.07999999999999872
9344,ablate_context_selection,0.23503333333333615,0.697151424287856,0.3028485757121439,0.31333333333333335,0.0
9344,ablate_channel_separation,0.17303333333333096,0.6506746626686657,0.3493253373313343,0.224,0.0
9345,simple_decay_memory,0.27060000000000417,0.7237237237237237,0.27627627627627627,0.0,0.0
9345,full_tdc_gen25_gated,0.26460000000000405,0.7192192192192193,0.2807807807807808,0.20466666666666666,0.0
9345,ablate_gate_always_deep,0.4481200000000041,0.8903903903903904,0.10960960960960961,1.0,0.07999999999999872
9345,ablate_context_selection,0.22060000000000085,0.6861861861861862,0.3138138138138138,0.30933333333333335,0.0
9345,ablate_channel_separation,0.17659999999999831,0.6531531531531531,0.34684684684684686,0.22066666666666668,0.0
9346,simple_decay_memory,0.21806666666666832,0.685459940652819,0.314540059347181,0.0,0.0
9346,full_tdc_gen25_gated,0.30006666666667053,0.7462908011869436,0.25370919881305637,0.224,0.0
9346,ablate_gate_always_deep,0.44601333333333726,0.887240356083086,0.11275964391691394,1.0,0.07999999999999872
9346,ablate_context_selection,0.22206666666666783,0.6884272997032641,0.3115727002967359,0.30466666666666664,0.0
9346,ablate_channel_separation,0.14806666666666465,0.6335311572700296,0.3664688427299703,0.21266666666666667,0.0
9347,simple_decay_memory,0.22123333333333423,0.692524682651622,0.307475317348378,0.0,0.0
9347,full_tdc_gen25_gated,0.27523333333333716,0.7306064880112835,0.2693935119887165,0.23866666666666667,0.0
9347,ablate_gate_always_deep,0.44504666666666987,0.8801128349788434,0.11988716502115655,1.0,0.07999999999999874
9347,ablate_context_selection,0.21723333333333447,0.689703808180536,0.31029619181946405,0.318,0.0
9347,ablate_channel_separation,0.14323333333333127,0.6375176304654443,0.3624823695345557,0.22133333333333333,0.0
9348,simple_decay_memory,0.22873333333333487,0.6959654178674352,0.30403458213256485,0.0,0.0
9348,full_tdc_gen25_gated,0.2627333333333362,0.7204610951008645,0.27953890489913547,0.21466666666666667,0.0
9348,ablate_gate_always_deep,0.405746666666671,0.8544668587896254,0.14553314121037464,1.0,0.07999999999999874
9348,ablate_context_selection,0.2007333333333335,0.6757925072046109,0.3242074927953891,0.31933333333333336,0.0
9348,ablate_channel_separation,0.1447333333333311,0.6354466858789626,0.3645533141210375,0.224,0.0
9349,simple_decay_memory,0.22353333333333456,0.6906158357771262,0.3093841642228739,0.0,0.0
9349,full_tdc_gen25_gated,0.2395333333333342,0.7023460410557185,0.29765395894428154,0.21733333333333332,0.0
9349,ablate_gate_always_deep,0.4119066666666701,0.8607038123167156,0.13929618768328444,1.0,0.07999999999999872
9349,ablate_context_selection,0.1715333333333318,0.6524926686217009,0.34750733137829914,0.31533333333333335,0.0
9349,ablate_channel_separation,0.10153333333333253,0.6011730205278593,0.39882697947214074,0.218,0.0
9350,simple_decay_memory,0.2267666666666683,0.6915052160953801,0.30849478390462,0.0,0.0
9350,full_tdc_gen25_gated,0.29476666666667095,0.7421758569299552,0.2578241430700447,0.21533333333333332,0.0
9350,ablate_gate_always_deep,0.44655333333333663,0.8882265275707899,0.11177347242921014,1.0,0.07999999999999872
9350,ablate_context_selection,0.226766666666669,0.6915052160953801,0.30849478390462,0.30733333333333335,0.0
9350,ablate_channel_separation,0.18076666666666544,0.6572280178837556,0.34277198211624443,0.222,0.0
9351,simple_decay_memory,0.2133666666666676,0.6824224519940916,0.3175775480059084,0.0,0.0
9351,full_tdc_gen25_gated,0.27736666666667026,0.7296898079763663,0.27031019202363366,0.21866666666666668,0.0
9351,ablate_gate_always_deep,0.39347333333333884,0.8478581979320532,0.15214180206794684,1.0,0.07999999999999872
9351,ablate_context_selection,0.2093666666666672,0.6794682422451994,0.3205317577548006,0.312,0.0
9351,ablate_channel_separation,0.13736666666666428,0.6262924667651403,0.37370753323485967,0.228,0.0
9352,simple_decay_memory,0.20800000000000007,0.6757575757575758,0.3242424242424242,0.0,0.0
9352,full_tdc_gen25_gated,0.2640000000000024,0.7181818181818181,0.2818181818181818,0.21333333333333335,0.0
9352,ablate_gate_always_deep,0.4212000000000049,0.8712121212121212,0.12878787878787878,1.0,0.07999999999999871
9352,ablate_context_selection,0.18999999999999884,0.6621212121212121,0.3378787878787879,0.30266666666666664,0.0
9352,ablate_channel_separation,0.13599999999999834,0.6212121212121212,0.3787878787878788,0.208,0.0
9353,simple_decay_memory,0.2653666666666706,0.7208271787296898,0.2791728212703102,0.0,0.0
9353,full_tdc_gen25_gated,0.3233666666666712,0.7636632200886263,0.2363367799113737,0.228,0.0
9353,ablate_gate_always_deep,0.4434733333333359,0.8847858197932054,0.11521418020679468,1.0,0.07999999999999872
9353,ablate_context_selection,0.26136666666667,0.7178729689807977,0.2821270310192024,0.314,0.0
9353,ablate_channel_separation,0.20336666666666803,0.6750369276218612,0.3249630723781389,0.21133333333333335,0.0
9354,simple_decay_memory,0.21800000000000075,0.6833333333333333,0.31666666666666665,0.0,0.0
9354,full_tdc_gen25_gated,0.27200000000000374,0.7242424242424242,0.27575757575757576,0.20533333333333334,0.0
9354,ablate_gate_always_deep,0.39120000000000427,0.8484848484848485,0.15151515151515152,1.0,0.07999999999999871
9354,ablate_context_selection,0.22000000000000144,0.6848484848484848,0.3151515151515151,0.29333333333333333,0.0
9354,ablate_channel_separation,0.173999999999998,0.65,0.35,0.20333333333333334,0.0
9355,simple_decay_memory,0.23160000000000167,0.690251572327044,0.30974842767295596,0.0,0.0
9355,full_tdc_gen25_gated,0.2896000000000033,0.7358490566037735,0.2641509433962264,0.21,0.0
9355,ablate_gate_always_deep,0.42352000000000406,0.8773584905660378,0.12264150943396226,1.0,0.07999999999999871
9355,ablate_context_selection,0.21560000000000074,0.6776729559748428,0.3223270440251572,0.2886666666666667,0.0
9355,ablate_channel_separation,0.17359999999999767,0.6446540880503144,0.3553459119496855,0.20133333333333334,0.0
9356,simple_decay_memory,0.21796666666666661,0.6866764275256223,0.31332357247437775,0.0,0.0
9356,full_tdc_gen25_gated,0.2359666666666687,0.6998535871156661,0.3001464128843338,0.224,0.0
9356,ablate_gate_always_deep,0.43639333333333813,0.8784773060029283,0.12152269399707175,1.0,0.07999999999999872
9356,ablate_context_selection,0.20596666666666688,0.677891654465593,0.32210834553440704,0.314,0.0
9356,ablate_channel_separation,0.13796666666666527,0.6281112737920937,0.3718887262079063,0.20933333333333334,0.0
9357,simple_decay_memory,0.26013333333333644,0.7180232558139535,0.2819767441860465,0.0,0.0
9357,full_tdc_gen25_gated,0.24813333333333565,0.7093023255813954,0.29069767441860467,0.22066666666666668,0.0
9357,ablate_gate_always_deep,0.47682666666666895,0.9069767441860465,0.09302325581395349,1.0,0.07999999999999874
9357,ablate_context_selection,0.22013333333333457,0.688953488372093,0.311046511627907,0.308,0.0
9357,ablate_channel_separation,0.14213333333333097,0.6322674418604651,0.36773255813953487,0.21266666666666667,0.0
9358,simple_decay_memory,0.20073333333333326,0.6757925072046109,0.3242074927953891,0.0,0.0
9358,full_tdc_gen25_gated,0.2467333333333363,0.7089337175792507,0.2910662824207493,0.21866666666666668,0.0
9358,ablate_gate_always_deep,0.42374666666667177,0.8674351585014409,0.13256484149855907,1.0,0.07999999999999874
9358,ablate_context_selection,0.20073333333333368,0.6757925072046109,0.3242074927953891,0.32866666666666666,0.0
9358,ablate_channel_separation,0.1567333333333311,0.6440922190201729,0.3559077809798271,0.23733333333333334,0.0
9359,simple_decay_memory,0.2629333333333352,0.7189349112426036,0.28106508875739644,0.0,0.0
9359,full_tdc_gen25_gated,0.27693333333333625,0.7292899408284024,0.27071005917159763,0.22266666666666668,0.0
9359,ablate_gate_always_deep,0.43698666666667063,0.8801775147928994,0.11982248520710059,1.0,0.07999999999999872
9359,ablate_context_selection,0.25693333333333507,0.7144970414201184,0.28550295857988167,0.312,0.0
9359,ablate_channel_separation,0.15693333333333145,0.6405325443786982,0.3594674556213018,0.21933333333333332,0.0
9360,simple_decay_memory,0.267866666666669,0.7239884393063584,0.27601156069364163,0.0,0.0
9360,full_tdc_gen25_gated,0.24786666666666796,0.7095375722543352,0.2904624277456647,0.218,0.0
9360,ablate_gate_always_deep,0.4547733333333377,0.8901734104046243,0.10982658959537572,1.0,0.07999999999999874
9360,ablate_context_selection,0.22586666666666716,0.6936416184971098,0.3063583815028902,0.32,0.0
9360,ablate_channel_separation,0.177866666666665,0.6589595375722543,0.34104046242774566,0.222,0.0
9361,simple_decay_memory,0.2118666666666677,0.6835260115606936,0.31647398843930635,0.0,0.0
9361,full_tdc_gen25_gated,0.2598666666666691,0.7182080924855492,0.2817919075144509,0.22666666666666666,0.0
9361,ablate_gate_always_deep,0.4547733333333355,0.8901734104046243,0.10982658959537572,1.0,0.07999999999999874
9361,ablate_context_selection,0.21386666666666732,0.684971098265896,0.315028901734104,0.31333333333333335,0.0
9361,ablate_channel_separation,0.15786666666666507,0.6445086705202312,0.3554913294797688,0.22866666666666666,0.0
9362,simple_decay_memory,0.2560333333333367,0.7095761381475667,0.2904238618524333,0.0,0.0
9362,full_tdc_gen25_gated,0.31203333333333866,0.7535321821036107,0.24646781789638933,0.20133333333333334,0.0
9362,ablate_gate_always_deep,0.4380066666666714,0.8885400313971743,0.11145996860282574,1.0,0.07999999999999871
9362,ablate_context_selection,0.23003333333333553,0.6891679748822606,0.3108320251177394,0.2986666666666667,0.0
9362,ablate_channel_separation,0.19003333333333278,0.6577708006279435,0.34222919937205654,0.21266666666666667,0.0
9363,simple_decay_memory,0.22710000000000088,0.6930983847283406,0.3069016152716593,0.0,0.0
9363,full_tdc_gen25_gated,0.2471000000000027,0.7077826725403817,0.2922173274596182,0.21733333333333332,0.0
9363,ablate_gate_always_deep,0.3914200000000046,0.8458149779735683,0.15418502202643172,1.0,0.07999999999999872
9363,ablate_context_selection,0.20309999999999953,0.6754772393538914,0.3245227606461087,0.308,0.0
9363,ablate_channel_separation,0.14509999999999804,0.6328928046989721,0.3671071953010279,0.22333333333333333,0.0
9364,simple_decay_memory,0.26013333333333577,0.7180232558139535,0.2819767441860465,0.0,0.0
9364,full_tdc_gen25_gated,0.30413333333333775,0.75,0.25,0.22733333333333333,0.0
9364,ablate_gate_always_deep,0.46482666666666894,0.8982558139534884,0.10174418604651163,1.0,0.07999999999999874
9364,ablate_context_selection,0.25013333333333543,0.7107558139534884,0.28924418604651164,0.31066666666666665,0.0
9364,ablate_channel_separation,0.17613333333333214,0.6569767441860465,0.3430232558139535,0.226,0.0
9365,simple_decay_memory,0.25000000000000266,0.7075757575757575,0.2924242424242424,0.0,0.0
9365,full_tdc_gen25_gated,0.27200000000000363,0.7242424242424242,0.27575757575757576,0.22066666666666668,0.0
9365,ablate_gate_always_deep,0.4492000000000042,0.8924242424242425,0.10757575757575757,1.0,0.07999999999999871
9365,ablate_context_selection,0.2200000000000004,0.6848484848484848,0.3151515151515151,0.30266666666666664,0.0
9365,ablate_channel_separation,0.17999999999999833,0.6545454545454545,0.34545454545454546,0.228,0.0
9366,simple_decay_memory,0.18099999999999913,0.6608695652173913,0.3391304347826087,0.0,0.0
9366,full_tdc_gen25_gated,0.2830000000000033,0.7347826086956522,0.26521739130434785,0.22133333333333333,0.0
9366,ablate_gate_always_deep,0.42980000000000307,0.8724637681159421,0.12753623188405797,1.0,0.07999999999999874
9366,ablate_context_selection,0.1930000000000001,0.6695652173913044,0.33043478260869563,0.312,0.0
9366,ablate_channel_separation,0.14499999999999844,0.6347826086956522,0.3652173913043478,0.21666666666666667,0.0
9367,simple_decay_memory,0.2067666666666674,0.676602086438152,0.323397913561848,0.0,0.0
9367,full_tdc_gen25_gated,0.30476666666667146,0.7496274217585693,0.2503725782414307,0.23333333333333334,0.0
9367,ablate_gate_always_deep,0.44255333333333785,0.8852459016393442,0.11475409836065574,1.0,0.07999999999999872
9367,ablate_context_selection,0.22276666666666778,0.6885245901639344,0.3114754098360656,0.28733333333333333,0.0
9367,ablate_channel_separation,0.15276666666666494,0.6363636363636364,0.36363636363636365,0.206,0.0
9368,simple_decay_memory,0.25126666666666847,0.7113702623906706,0.2886297376093295,0.0,0.0
9368,full_tdc_gen25_gated,0.2972666666666705,0.7448979591836735,0.25510204081632654,0.22666666666666666,0.0
9368,ablate_gate_always_deep,0.43985333333333787,0.880466472303207,0.119533527696793,1.0,0.07999999999999872
9368,ablate_context_selection,0.23326666666666812,0.6982507288629738,0.30174927113702626,0.30933333333333335,0.0
9368,ablate_channel_separation,0.147266666666665,0.6355685131195336,0.36443148688046645,0.20333333333333334,0.0
9369,simple_decay_memory,0.24466666666666834,0.7058823529411765,0.29411764705882354,0.0,0.0
9369,full_tdc_gen25_gated,0.32866666666667105,0.7676470588235295,0.2323529411764706,0.22066666666666668,0.0
9369,ablate_gate_always_deep,0.456933333333337,0.8941176470588236,0.10588235294117647,1.0,0.07999999999999872
9369,ablate_context_selection,0.27066666666666894,0.725,0.275,0.312,0.0
9369,ablate_channel_separation,0.19666666666666643,0.6705882352941176,0.32941176470588235,0.21266666666666667,0.0
9370,simple_decay_memory,0.24213333333333534,0.7049418604651163,0.29505813953488375,0.0,0.0
9370,full_tdc_gen25_gated,0.3041333333333378,0.75,0.25,0.23066666666666666,0.0
9370,ablate_gate_always_deep,0.4248266666666715,0.8691860465116279,0.1308139534883721,1.0,0.07999999999999874
9370,ablate_context_selection,0.21813333333333373,0.6875,0.3125,0.33,0.0
9370,ablate_channel_separation,0.1561333333333313,0.6424418604651163,0.35755813953488375,0.23066666666666666,0.0
9371,simple_decay_memory,0.22163333333333465,0.687964338781575,0.31203566121842496,0.0,0.0
9371,full_tdc_gen25_gated,0.28363333333333685,0.7340267459138187,0.2659732540861813,0.21666666666666667,0.0
9371,ablate_gate_always_deep,0.42752666666667,0.8736998514115899,0.1263001485884101,1.0,0.07999999999999872
9371,ablate_context_selection,0.22763333333333458,0.6924219910846954,0.3075780089153046,0.3006666666666667,0.0
9371,ablate_channel_separation,0.18363333333333273,0.6597325408618128,0.34026745913818723,0.21533333333333332,0.0
9372,simple_decay_memory,0.2875333333333365,0.7375366568914956,0.2624633431085044,0.0,0.0
9372,full_tdc_gen25_gated,0.29353333333333664,0.7419354838709677,0.25806451612903225,0.23866666666666667,0.0
9372,ablate_gate_always_deep,0.4499066666666691,0.8885630498533724,0.11143695014662756,1.0,0.07999999999999872
9372,ablate_context_selection,0.27953333333333646,0.7316715542521994,0.26832844574780057,0.33066666666666666,0.0
9372,ablate_channel_separation,0.1915333333333336,0.6671554252199413,0.33284457478005863,0.23666666666666666,0.0
9373,simple_decay_memory,0.24470000000000275,0.7031963470319634,0.2968036529680365,0.0,0.0
9373,full_tdc_gen25_gated,0.3047000000000053,0.7488584474885844,0.2511415525114155,0.20933333333333334,0.0
9373,ablate_gate_always_deep,0.4457400000000036,0.8904109589041096,0.1095890410958904,1.0,0.07999999999999871
9373,ablate_context_selection,0.24870000000000178,0.7062404870624048,0.2937595129375951,0.31066666666666665,0.0
9373,ablate_channel_separation,0.1986999999999996,0.6681887366818874,0.3318112633181126,0.21866666666666668,0.0
9374,simple_decay_memory,0.22120000000000095,0.6875,0.3125,0.0,0.0
9374,full_tdc_gen25_gated,0.25720000000000337,0.7142857142857143,0.2857142857142857,0.20466666666666666,0.0
9374,ablate_gate_always_deep,0.42504000000000514,0.8720238095238095,0.12797619047619047,1.0,0.07999999999999872
9374,ablate_context_selection,0.1851999999999995,0.6607142857142857,0.3392857142857143,0.2986666666666667,0.0
9374,ablate_channel_separation,0.1111999999999981,0.6056547619047619,0.3943452380952381,0.21933333333333332,0.0
9375,simple_decay_memory,0.18546666666666575,0.6601796407185628,0.3398203592814371,0.0,0.0
9375,full_tdc_gen25_gated,0.27346666666666963,0.7260479041916168,0.27395209580838326,0.20066666666666666,0.0
9375,ablate_gate_always_deep,0.40509333333333775,0.8577844311377245,0.14221556886227546,1.0,0.07999999999999872
9375,ablate_context_selection,0.19946666666666707,0.6706586826347305,0.32934131736526945,0.292,0.0
9375,ablate_channel_separation,0.14146666666666433,0.6272455089820359,0.3727544910179641,0.20733333333333334,0.0
9376,simple_decay_memory,0.20466666666666714,0.6764705882352942,0.3235294117647059,0.0,0.0
9376,full_tdc_gen25_gated,0.31066666666667025,0.7544117647058823,0.24558823529411763,0.23133333333333334,0.0
9376,ablate_gate_always_deep,0.4409333333333369,0.8823529411764706,0.11764705882352941,1.0,0.07999999999999872
9376,ablate_context_selection,0.20466666666666686,0.6764705882352942,0.3235294117647059,0.328,0.0
9376,ablate_channel_separation,0.1666666666666647,0.6485294117647059,0.3514705882352941,0.228,0.0
9377,simple_decay_memory,0.24040000000000084,0.7032163742690059,0.29678362573099415,0.0,0.0
9377,full_tdc_gen25_gated,0.2924000000000037,0.7412280701754386,0.25877192982456143,0.23266666666666666,0.0
9377,ablate_gate_always_deep,0.4448800000000028,0.8845029239766082,0.1154970760233918,1.0,0.07999999999999872
9377,ablate_context_selection,0.20640000000000003,0.6783625730994152,0.3216374269005848,0.32,0.0
9377,ablate_channel_separation,0.15239999999999768,0.6388888888888888,0.3611111111111111,0.22333333333333333,0.0
9378,simple_decay_memory,0.21866666666666643,0.6867647058823529,0.31323529411764706,0.0,0.0
9378,full_tdc_gen25_gated,0.2686666666666703,0.7235294117647059,0.27647058823529413,0.216,0.0
9378,ablate_gate_always_deep,0.3869333333333389,0.8426470588235294,0.15735294117647058,1.0,0.07999999999999872
9378,ablate_context_selection,0.20066666666666633,0.6735294117647059,0.3264705882352941,0.31133333333333335,0.0
9378,ablate_channel_separation,0.1466666666666645,0.6338235294117647,0.36617647058823527,0.212,0.0
9379,simple_decay_memory,0.24286666666666876,0.702416918429003,0.297583081570997,0.0,0.0
9379,full_tdc_gen25_gated,0.2528666666666691,0.7099697885196374,0.29003021148036257,0.20933333333333334,0.0
9379,ablate_gate_always_deep,0.4381733333333382,0.8836858006042296,0.1163141993957704,1.0,0.07999999999999872
9379,ablate_context_selection,0.220866666666668,0.6858006042296072,0.31419939577039274,0.29333333333333333,0.0
9379,ablate_channel_separation,0.16286666666666477,0.6419939577039275,0.3580060422960725,0.19866666666666666,0.0
9380,simple_decay_memory,0.26083333333333586,0.7182481751824817,0.28175182481751826,0.0,0.0
9380,full_tdc_gen25_gated,0.2808333333333365,0.7328467153284671,0.2671532846715328,0.23333333333333334,0.0
9380,ablate_gate_always_deep,0.45936666666666964,0.8948905109489051,0.10510948905109489,1.0,0.07999999999999872
9380,ablate_context_selection,0.21883333333333432,0.6875912408759124,0.3124087591240876,0.314,0.0
9380,ablate_channel_separation,0.16883333333333145,0.6510948905109489,0.34890510948905107,0.22866666666666666,0.0
9381,simple_decay_memory,0.2054666666666676,0.6751497005988024,0.3248502994011976,0.0,0.0
9381,full_tdc_gen25_gated,0.2454666666666692,0.7050898203592815,0.2949101796407186,0.20466666666666666,0.0
9381,ablate_gate_always_deep,0.4010933333333384,0.8547904191616766,0.14520958083832336,1.0,0.07999999999999872
9381,ablate_context_selection,0.14746666666666436,0.6317365269461078,0.36826347305389223,0.29333333333333333,0.0
9381,ablate_channel_separation,0.08946666666666507,0.5883233532934131,0.4116766467065868,0.20466666666666666,0.0
9382,simple_decay_memory,0.2791666666666699,0.7323741007194244,0.26762589928057556,0.0,0.0
9382,full_tdc_gen25_gated,0.30516666666667036,0.7510791366906475,0.2489208633093525,0.234,0.0
9382,ablate_gate_always_deep,0.4482333333333365,0.8848920863309353,0.11510791366906475,1.0,0.07999999999999874
9382,ablate_context_selection,0.24116666666666917,0.7050359712230215,0.2949640287769784,0.31666666666666665,0.0
9382,ablate_channel_separation,0.18516666666666645,0.6647482014388489,0.33525179856115106,0.22133333333333333,0.0
9383,simple_decay_memory,0.20900000000000182,0.6811594202898551,0.3188405797101449,0.0,0.0
9383,full_tdc_gen25_gated,0.3090000000000036,0.7536231884057971,0.2463768115942029,0.20866666666666667,0.0
9383,ablate_gate_always_deep,0.4318000000000043,0.8739130434782608,0.12608695652173912,1.0,0.07999999999999874
9383,ablate_context_selection,0.2110000000000003,0.6826086956521739,0.3173913043478261,0.294,0.0
9383,ablate_channel_separation,0.1369999999999984,0.6289855072463768,0.3710144927536232,0.206,0.0
9384,simple_decay_memory,0.23336666666666833,0.6971935007385525,0.30280649926144754,0.0,0.0
9384,full_tdc_gen25_gated,0.2633666666666698,0.7193500738552437,0.28064992614475626,0.20733333333333334,0.0
9384,ablate_gate_always_deep,0.45347333333333656,0.8921713441654358,0.10782865583456426,1.0,0.07999999999999872
9384,ablate_context_selection,0.22336666666666757,0.689807976366322,0.310192023633678,0.314,0.0
9384,ablate_channel_separation,0.16536666666666483,0.6469719350073855,0.35302806499261447,0.218,0.0
9385,simple_decay_memory,0.22040000000000076,0.6885964912280702,0.31140350877192985,0.0,0.0
9385,full_tdc_gen25_gated,0.3104000000000045,0.7543859649122807,0.24561403508771928,0.22666666666666666,0.0
9385,ablate_gate_always_deep,0.4448800000000041,0.8845029239766082,0.1154970760233918,1.0,0.07999999999999872
9385,ablate_context_selection,0.21440000000000012,0.6842105263157895,0.3157894736842105,0.31266666666666665,0.0
9385,ablate_channel_separation,0.15239999999999798,0.6388888888888888,0.3611111111111111,0.21733333333333332,0.0
9386,simple_decay_memory,0.25493333333333623,0.7130177514792899,0.2869822485207101,0.0,0.0
9386,full_tdc_gen25_gated,0.2829333333333377,0.7337278106508875,0.26627218934911245,0.22666666666666666,0.0
9386,ablate_gate_always_deep,0.45298666666667087,0.8920118343195266,0.10798816568047337,1.0,0.07999999999999872
9386,ablate_context_selection,0.2289333333333351,0.6937869822485208,0.3062130177514793,0.31,0.0
9386,ablate_channel_separation,0.15693333333333137,0.6405325443786982,0.3594674556213018,0.21733333333333332,0.0
9387,simple_decay_memory,0.2327666666666687,0.6959761549925484,0.30402384500745155,0.0,0.0
9387,full_tdc_gen25_gated,0.27076666666666954,0.7242921013412816,0.2757078986587183,0.22,0.0
9387,ablate_gate_always_deep,0.4245533333333381,0.8718330849478391,0.12816691505216096,1.0,0.07999999999999872
9387,ablate_context_selection,0.22476666666666714,0.6900149031296572,0.30998509687034276,0.30333333333333334,0.0
9387,ablate_channel_separation,0.15476666666666455,0.6378539493293591,0.3621460506706408,0.21933333333333332,0.0
9388,simple_decay_memory,0.17149999999999857,0.6567375886524822,0.3432624113475177,0.0,0.0
9388,full_tdc_gen25_gated,0.28550000000000314,0.7375886524822695,0.2624113475177305,0.22866666666666666,0.0
9388,ablate_gate_always_deep,0.4291000000000049,0.8695035460992908,0.13049645390070921,1.0,0.07999999999999874
9388,ablate_context_selection,0.14949999999999847,0.6411347517730497,0.3588652482269504,0.308,0.0
9388,ablate_channel_separation,0.12549999999999858,0.624113475177305,0.375886524822695,0.19933333333333333,0.0
9389,simple_decay_memory,0.19026666666666547,0.6615853658536586,0.3384146341463415,0.0,0.0
9389,full_tdc_gen25_gated,0.2842666666666707,0.7332317073170732,0.26676829268292684,0.20533333333333334,0.0
9389,ablate_gate_always_deep,0.42525333333333765,0.875,0.125,1.0,0.07999999999999871
9389,ablate_context_selection,0.19826666666666642,0.6676829268292683,0.3323170731707317,0.30466666666666664,0.0
9389,ablate_channel_separation,0.15826666666666425,0.6371951219512195,0.3628048780487805,0.22866666666666666,0.0
9390,simple_decay_memory,0.23213333333333525,0.6976744186046512,0.3023255813953488,0.0,0.0
9390,full_tdc_gen25_gated,0.31013333333333787,0.7543604651162791,0.24563953488372092,0.23133333333333334,0.0
9390,ablate_gate_always_deep,0.44882666666667026,0.8866279069767442,0.11337209302325581,1.0,0.07999999999999874
9390,ablate_context_selection,0.2421333333333359,0.7049418604651163,0.29505813953488375,0.318,0.0
9390,ablate_channel_separation,0.1621333333333313,0.6468023255813954,0.35319767441860467,0.218,0.0
9391,simple_decay_memory,0.17659999999999945,0.6531531531531531,0.34684684684684686,0.0,0.0
9391,full_tdc_gen25_gated,0.30060000000000403,0.7462462462462462,0.25375375375375375,0.222,0.0
9391,ablate_gate_always_deep,0.41012000000000565,0.8618618618618619,0.13813813813813813,1.0,0.07999999999999872
9391,ablate_context_selection,0.21260000000000182,0.6801801801801802,0.31981981981981983,0.2986666666666667,0.0
9391,ablate_channel_separation,0.1866000000000004,0.6606606606606606,0.33933933933933935,0.206,0.0
9392,simple_decay_memory,0.24513333333333628,0.7036474164133738,0.29635258358662614,0.0,0.0
9392,full_tdc_gen25_gated,0.267133333333337,0.7203647416413373,0.2796352583586626,0.202,0.0
9392,ablate_gate_always_deep,0.41822666666667085,0.8693009118541033,0.13069908814589665,1.0,0.07999999999999871
9392,ablate_context_selection,0.22513333333333563,0.6884498480243161,0.31155015197568386,0.29333333333333333,0.0
9392,ablate_channel_separation,0.1771333333333315,0.6519756838905775,0.34802431610942247,0.21333333333333335,0.0
9393,simple_decay_memory,0.26263333333333727,0.7211948790896159,0.27880512091038406,0.0,0.0
9393,full_tdc_gen25_gated,0.2846333333333371,0.7368421052631579,0.2631578947368421,0.226,0.0
9393,ablate_gate_always_deep,0.4541266666666691,0.887624466571835,0.112375533428165,1.0,0.07999999999999874
9393,ablate_context_selection,0.25063333333333676,0.7126600284495022,0.28733997155049784,0.3353333333333333,0.0
9393,ablate_channel_separation,0.23663333333333542,0.7027027027027027,0.2972972972972973,0.24733333333333332,0.0
9394,simple_decay_memory,0.19816666666666705,0.6691729323308271,0.3308270676691729,0.0,0.0
9394,full_tdc_gen25_gated,0.26816666666666994,0.7218045112781954,0.2781954887218045,0.22133333333333333,0.0
9394,ablate_gate_always_deep,0.40163333333333945,0.8556390977443609,0.1443609022556391,1.0,0.07999999999999872
9394,ablate_context_selection,0.202166666666667,0.6721804511278195,0.32781954887218046,0.30533333333333335,0.0
9394,ablate_channel_separation,0.14816666666666445,0.631578947368421,0.3684210526315789,0.22533333333333333,0.0
9395,simple_decay_memory,0.22503333333333633,0.6896551724137931,0.3103448275862069,0.0,0.0
9395,full_tdc_gen25_gated,0.2650333333333365,0.719640179910045,0.280359820089955,0.20266666666666666,0.0
9395,ablate_gate_always_deep,0.44460666666667076,0.8875562218890555,0.11244377811094453,1.0,0.07999999999999872
9395,ablate_context_selection,0.21103333333333432,0.679160419790105,0.32083958020989506,0.30933333333333335,0.0
9395,ablate_channel_separation,0.16303333333333114,0.6431784107946027,0.3568215892053973,0.206,0.0
